timestamp,airIRG2GroupStatusAirFlowMetric[L/s],airIRG2GroupStatusAirFlowUS[Cubicfeet/m],airIRG2GroupStatusCoolOutput[KWh],airIRG2GroupStatusMinRackInletTempMetric[C],airIRG2RDT2StatusCoolDemand[KWh],airIRG2RDT2StatusEvaporatorFanSpeed[%],airIRG2RDT2StatusReturnAirTempMetric[C],airIRG2RDT2StatusSuctionTempMetric[C],airIRG2RDT2StatusSupplyAirTempMetric[C],max_rack_temp,design
2022-06-03 15:00:00,8.12,17.21,3.0,22.9,3.0,77.9,24.6,17.7,21.1,33.4,previous
2022-06-03 15:00:10,8.11,17.19,3.0,22.9,3.0,77.8,24.6,17.6,21.1,33.4,previous
2022-06-03 15:00:20,8.1,17.16,3.0,23.0,3.0,77.7,24.6,17.3,21.0,33.4,previous
2022-06-03 15:00:30,8.1,17.16,3.0,23.0,3.0,77.7,24.6,17.3,21.0,33.4,previous
2022-06-03 15:00:40,8.11,17.18,3.1,22.9,3.1,77.8,24.6,17.3,21.0,33.4,previous
2022-06-03 15:00:50,8.11,17.19,2.9,22.9,2.9,77.9,24.6,17.4,21.0,33.4,previous
2022-06-03 15:01:00,8.11,17.19,2.9,22.9,2.9,77.9,24.6,17.4,21.0,33.4,previous
2022-06-03 15:01:10,8.11,17.18,3.0,22.9,3.0,77.8,24.5,17.7,21.0,33.4,previous
2022-06-03 15:01:20,8.11,17.19,3.0,22.9,3.0,77.9,24.6,17.8,21.0,33.4,previous
2022-06-03 15:01:30,8.11,17.19,3.0,22.9,3.0,77.9,24.6,17.8,21.0,33.4,previous
2022-06-03 15:01:40,8.1,17.16,2.9,22.9,2.9,77.8,24.6,17.8,21.0,33.4,previous
2022-06-03 15:01:50,8.11,17.19,3.0,22.9,3.0,77.9,24.6,17.8,21.0,33.4,previous
2022-06-03 15:02:00,8.11,17.19,3.0,22.9,3.0,77.9,24.6,17.8,21.0,33.4,previous
2022-06-03 15:02:10,8.11,17.18,3.1,22.9,3.1,77.8,24.6,17.8,21.0,33.4,previous
2022-06-03 15:02:20,8.11,17.18,2.8,23.0,2.8,77.8,24.6,17.7,21.0,33.4,previous
2022-06-03 15:02:30,8.11,17.18,2.8,23.0,2.8,77.8,24.6,17.7,21.0,33.5,previous
2022-06-03 15:02:40,8.12,17.21,3.0,22.9,3.0,77.9,24.6,17.7,21.1,33.5,previous
2022-06-03 15:02:50,8.12,17.21,3.0,23.0,3.0,77.9,24.6,17.9,21.0,33.5,previous
2022-06-03 15:03:00,8.12,17.21,3.0,23.0,3.0,77.9,24.6,17.9,21.0,33.5,previous
2022-06-03 15:03:10,8.12,17.21,3.0,23.0,3.0,77.9,24.6,17.7,21.0,33.5,previous
2022-06-03 15:03:20,8.11,17.19,2.9,23.0,2.9,77.8,24.5,17.6,20.9,33.5,previous
2022-06-03 15:03:30,8.11,17.19,2.9,23.0,2.9,77.8,24.5,17.6,20.9,33.5,previous
2022-06-03 15:03:40,8.11,17.19,3.1,23.0,3.1,77.9,24.6,17.6,21.0,33.5,previous
2022-06-03 15:03:50,8.11,17.19,2.8,23.0,2.8,77.9,24.5,17.6,21.0,33.5,previous
2022-06-03 15:04:00,8.11,17.19,2.8,23.0,2.8,77.9,24.5,17.6,21.0,33.6,previous
2022-06-03 15:04:10,8.11,17.18,3.0,22.9,3.0,77.8,24.6,17.7,21.0,33.6,previous
2022-06-03 15:04:20,8.12,17.21,2.9,22.9,2.9,77.9,24.6,17.8,21.0,33.6,previous
2022-06-03 15:04:30,8.12,17.21,2.9,22.9,2.9,77.9,24.6,17.8,21.0,33.6,previous
2022-06-03 15:04:40,8.11,17.18,3.0,22.9,3.0,77.8,24.7,17.8,21.1,33.6,previous
2022-06-03 15:04:50,8.11,17.18,3.0,23.0,3.0,77.7,24.7,17.9,21.0,33.6,previous
2022-06-03 15:05:00,8.11,17.18,3.0,23.0,3.0,77.7,24.7,17.9,21.0,33.6,previous
2022-06-03 15:05:10,8.13,17.23,2.9,22.9,2.9,77.9,24.6,17.7,21.1,33.6,previous
2022-06-03 15:05:20,8.11,17.18,3.0,23.0,3.0,77.8,24.6,17.6,21.1,33.6,previous
2022-06-03 15:05:30,8.11,17.18,3.0,23.0,3.0,77.8,24.6,17.6,21.1,33.6,previous
2022-06-03 15:05:40,8.1,17.16,3.0,23.0,3.0,77.7,24.6,17.4,21.0,33.6,previous
2022-06-03 15:05:50,8.12,17.21,3.0,22.9,3.0,77.9,24.6,17.3,21.0,33.6,previous
2022-06-03 15:06:00,8.12,17.21,3.0,22.9,3.0,77.9,24.6,17.3,21.0,33.6,previous
2022-06-03 15:06:10,8.12,17.21,2.8,23.0,2.8,77.9,24.6,17.4,21.0,33.6,previous
2022-06-03 15:06:20,8.11,17.19,3.0,23.0,3.0,77.9,24.7,17.6,21.0,33.6,previous
2022-06-03 15:06:30,8.11,17.19,3.0,23.0,3.0,77.9,24.7,17.6,21.0,33.6,previous
2022-06-03 15:06:40,8.09,17.13,3.0,22.9,3.0,77.6,24.6,17.7,20.9,33.6,previous
2022-06-03 15:06:50,8.12,17.21,2.9,23.0,3.0,77.9,24.5,17.7,21.0,33.6,previous
2022-06-03 15:07:00,8.12,17.21,2.9,23.0,3.0,77.9,24.5,17.7,21.0,33.6,previous
2022-06-03 15:07:10,8.11,17.19,3.0,22.9,3.0,77.9,24.6,17.7,21.1,33.6,previous
2022-06-03 15:07:20,8.11,17.18,3.0,22.9,2.9,77.8,24.6,17.8,21.0,33.6,previous
2022-06-03 15:07:30,8.11,17.18,3.0,22.9,2.9,77.8,24.6,17.8,21.0,33.6,previous
2022-06-03 15:07:40,8.11,17.18,2.9,23.0,2.9,77.8,24.6,17.6,21.1,33.6,previous
2022-06-03 15:07:50,8.11,17.18,3.0,23.0,3.0,77.8,24.6,17.6,21.0,33.6,previous
2022-06-03 15:08:00,8.11,17.18,3.0,23.0,3.0,77.8,24.6,17.6,21.0,33.6,previous
2022-06-03 15:08:10,8.1,17.16,3.0,23.0,3.0,77.7,24.6,17.6,21.0,33.7,previous
2022-06-03 15:08:20,8.11,17.18,2.8,23.1,2.8,77.8,24.6,17.4,21.0,33.7,previous
2022-06-03 15:08:30,8.11,17.18,2.8,23.1,2.8,77.8,24.6,17.4,21.0,33.7,previous
2022-06-03 15:08:40,8.13,17.23,3.0,23.1,3.0,78.0,24.7,17.6,21.0,33.7,previous
2022-06-03 15:08:50,8.11,17.19,3.0,23.0,2.9,77.9,24.7,17.8,21.0,33.7,previous
2022-06-03 15:09:00,8.11,17.19,3.0,23.0,2.9,77.9,24.7,17.8,21.0,33.7,previous
2022-06-03 15:09:10,8.12,17.21,2.9,23.0,2.9,77.9,24.6,17.7,21.0,33.7,previous
2022-06-03 15:09:20,8.12,17.21,2.9,23.1,2.9,77.9,24.6,17.7,21.1,33.7,previous
2022-06-03 15:09:30,8.12,17.21,2.9,23.1,2.9,77.9,24.6,17.7,21.1,33.7,previous
2022-06-03 15:09:40,8.12,17.21,3.0,23.0,3.0,77.9,24.6,17.6,21.1,33.7,previous
2022-06-03 15:09:50,8.11,17.19,3.0,23.0,3.0,77.9,24.6,17.6,21.1,33.7,previous
2022-06-03 15:10:00,8.11,17.19,3.0,23.0,3.0,77.9,24.6,17.6,21.1,33.7,previous
2022-06-03 15:10:10,8.12,17.21,3.0,23.0,3.0,77.9,24.6,17.6,21.1,33.7,previous
2022-06-03 15:10:20,8.11,17.19,3.0,23.1,2.9,77.9,24.6,17.7,21.0,33.7,previous
2022-06-03 15:10:30,8.11,17.19,3.0,23.1,2.9,77.9,24.6,17.7,21.0,33.7,previous
2022-06-03 15:10:40,8.11,17.19,2.9,23.0,2.9,77.9,24.7,17.5,21.0,33.7,previous
2022-06-03 15:10:50,8.12,17.21,3.0,23.0,3.0,77.9,24.7,17.7,21.0,33.7,previous
2022-06-03 15:11:00,8.12,17.21,3.0,23.0,3.0,77.9,24.7,17.7,21.0,33.7,previous
2022-06-03 15:11:10,8.11,17.18,2.9,23.1,2.9,77.8,24.7,17.8,21.0,33.7,previous
2022-06-03 15:11:20,8.11,17.19,2.7,23.0,2.8,77.9,24.8,17.6,21.1,33.7,previous
2022-06-03 15:11:30,8.11,17.19,2.7,23.0,2.8,77.9,24.8,17.6,21.1,33.7,previous
2022-06-03 15:11:40,8.11,17.18,3.1,23.1,3.1,77.8,24.7,17.7,21.1,33.7,previous
2022-06-03 15:11:50,8.11,17.18,3.0,23.0,3.0,77.8,24.8,17.6,21.0,33.7,previous
2022-06-03 15:12:00,8.11,17.18,3.0,23.0,3.0,77.8,24.8,17.6,21.0,33.7,previous
2022-06-03 15:12:10,8.11,17.19,2.9,23.0,2.9,77.9,24.7,17.5,21.0,33.7,previous
2022-06-03 15:12:20,8.11,17.18,3.0,23.0,3.0,77.8,24.7,17.4,21.0,33.7,previous
2022-06-03 15:12:30,8.11,17.18,3.0,23.0,3.0,77.8,24.7,17.4,21.0,33.7,previous
2022-06-03 15:12:40,8.13,17.23,3.0,23.1,3.0,78.0,24.7,17.5,21.1,33.7,previous
2022-06-03 15:12:50,8.11,17.18,3.0,23.1,3.0,77.8,24.7,17.5,21.0,33.7,previous
2022-06-03 15:13:00,8.11,17.18,3.0,23.1,3.0,77.8,24.7,17.5,21.0,33.7,previous
2022-06-03 15:13:10,8.11,17.19,2.8,23.1,2.8,77.8,24.6,17.6,21.1,33.7,previous
2022-06-03 15:13:20,8.09,17.14,3.0,23.1,3.0,77.6,24.6,17.6,21.1,33.7,previous
2022-06-03 15:13:30,8.09,17.14,3.0,23.1,3.0,77.6,24.6,17.6,21.1,33.7,previous
2022-06-03 15:13:40,8.11,17.19,3.0,23.1,3.0,77.9,24.7,17.6,21.1,33.7,previous
2022-06-03 15:13:50,8.11,17.18,2.9,23.0,2.9,77.8,24.8,17.4,21.1,33.7,previous
2022-06-03 15:14:00,8.11,17.18,2.9,23.0,2.9,77.8,24.8,17.4,21.1,33.7,previous
2022-06-03 15:14:10,8.09,17.14,2.9,23.1,2.9,77.6,24.8,17.3,21.1,33.7,previous
2022-06-03 15:14:20,8.09,17.14,2.9,23.0,2.9,77.6,24.9,17.5,21.1,33.7,previous
2022-06-03 15:14:30,8.09,17.14,2.9,23.0,2.9,77.6,24.9,17.5,21.1,33.7,previous
2022-06-03 15:14:40,8.11,17.19,3.1,23.1,3.1,77.8,24.9,17.6,21.1,33.6,previous
2022-06-03 15:14:50,8.11,17.19,2.8,23.0,2.8,77.9,24.9,17.4,21.0,33.6,previous
2022-06-03 15:15:00,8.11,17.19,2.8,23.0,2.8,77.9,24.9,17.4,21.0,33.6,previous
2022-06-03 15:15:10,8.1,17.16,2.9,23.0,2.9,77.7,24.9,17.3,21.1,33.6,previous
2022-06-03 15:15:20,8.12,17.21,2.9,23.0,2.9,77.9,24.9,17.4,21.1,33.6,previous
2022-06-03 15:15:30,8.12,17.21,2.9,23.0,2.9,77.9,24.9,17.4,21.1,33.7,previous
2022-06-03 15:15:40,8.11,17.18,3.0,22.9,3.2,77.8,24.9,17.4,21.1,33.7,previous
2022-06-03 15:15:50,8.1,17.16,3.3,23.0,3.3,77.7,24.9,17.4,21.1,33.7,previous
2022-06-03 15:16:00,8.1,17.16,3.3,23.0,3.3,77.7,24.9,17.4,21.1,33.7,previous
2022-06-03 15:16:10,8.1,17.16,3.4,23.0,3.4,77.7,24.8,17.4,21.1,33.7,previous
2022-06-03 15:16:20,8.09,17.14,3.3,23.0,3.3,77.6,24.8,17.5,21.1,33.7,previous
2022-06-03 15:16:30,8.09,17.14,3.3,23.0,3.3,77.6,24.8,17.5,21.1,33.7,previous
2022-06-03 15:16:40,8.11,17.19,3.3,22.9,3.3,77.9,24.9,17.6,21.1,33.7,previous
2022-06-03 15:16:50,8.11,17.19,3.3,22.9,3.3,77.9,24.9,17.8,21.0,33.7,previous
2022-06-03 15:17:00,8.11,17.19,3.3,22.9,3.3,77.9,24.9,17.8,21.0,33.7,previous
2022-06-03 15:17:10,8.09,17.13,3.3,23.0,3.3,77.6,24.8,17.8,21.1,33.7,previous
2022-06-03 15:17:20,8.1,17.16,3.4,22.9,3.4,77.7,24.9,17.8,21.1,33.7,previous
2022-06-03 15:17:30,8.1,17.16,3.4,22.9,3.4,77.7,24.9,17.8,21.1,33.7,previous
2022-06-03 15:17:40,8.12,17.21,3.4,23.0,3.4,77.9,24.8,17.6,21.1,33.7,previous
2022-06-03 15:17:50,8.11,17.18,3.3,23.1,3.3,77.9,24.8,17.4,21.0,33.7,previous
2022-06-03 15:18:00,8.11,17.18,3.3,23.1,3.3,77.9,24.8,17.4,21.0,33.8,previous
2022-06-03 15:18:10,8.11,17.18,3.3,23.1,3.2,77.8,24.8,17.3,21.1,33.8,previous
2022-06-03 15:18:20,8.11,17.18,3.4,23.1,3.4,77.8,24.8,17.6,21.1,33.8,previous
2022-06-03 15:18:30,8.11,17.18,3.4,23.1,3.4,77.8,24.8,17.6,21.1,33.8,previous
2022-06-03 15:18:40,8.11,17.19,3.4,23.1,3.4,77.9,24.9,17.9,21.1,33.8,previous
2022-06-03 15:18:50,8.1,17.16,3.3,23.1,3.3,77.7,24.9,17.8,21.1,33.8,previous
2022-06-03 15:19:00,8.1,17.16,3.3,23.1,3.3,77.7,24.9,17.8,21.1,33.8,previous
2022-06-03 15:19:10,8.1,17.16,3.3,23.1,3.7,77.7,24.9,17.8,21.1,33.8,previous
2022-06-03 15:19:20,8.12,17.21,3.9,23.1,3.5,77.9,24.9,17.6,21.1,33.8,previous
2022-06-03 15:19:30,8.12,17.21,3.9,23.1,3.5,77.9,24.9,17.6,21.1,33.8,previous
2022-06-03 15:19:40,8.11,17.18,3.7,23.1,3.8,77.8,24.8,17.6,21.1,33.8,previous
2022-06-03 15:19:50,8.1,17.16,3.9,23.1,3.9,77.7,24.8,17.6,21.1,33.8,previous
2022-06-03 15:20:00,8.1,17.16,3.9,23.1,3.9,77.7,24.8,17.6,21.1,33.8,previous
2022-06-03 15:20:10,8.11,17.19,4.0,23.1,4.0,77.9,24.9,17.6,21.1,33.8,previous
2022-06-03 15:20:20,8.11,17.21,4.0,23.0,3.9,77.9,24.9,17.8,21.1,33.8,previous
2022-06-03 15:20:30,8.11,17.21,4.0,23.0,3.9,77.9,24.9,17.8,21.1,33.8,previous
2022-06-03 15:20:40,8.12,17.23,3.8,23.0,3.8,77.9,24.9,17.8,21.1,33.8,previous
2022-06-03 15:20:50,8.08,17.11,4.0,23.0,4.0,77.5,25.1,17.9,21.1,33.8,previous
2022-06-03 15:21:00,8.08,17.11,4.0,23.0,4.0,77.5,25.1,17.9,21.1,33.9,previous
2022-06-03 15:21:10,8.13,17.23,4.1,22.9,4.1,78.0,25.1,18.1,21.1,33.9,previous
2022-06-03 15:21:20,8.12,17.21,4.0,23.0,4.0,77.9,25.1,18.0,21.1,33.9,previous
2022-06-03 15:21:30,8.12,17.21,4.0,23.0,4.0,77.9,25.1,18.0,21.1,33.8,previous
2022-06-03 15:21:40,8.13,17.24,4.1,23.0,4.1,78.0,25.1,17.9,21.1,33.8,previous
2022-06-03 15:21:50,8.14,17.26,4.1,23.0,4.1,78.1,25.1,17.8,21.1,33.8,previous
2022-06-03 15:22:00,8.14,17.26,4.1,23.0,4.1,78.1,25.1,17.8,21.1,33.8,previous
2022-06-03 15:22:10,8.11,17.23,4.1,22.9,4.1,77.9,25.2,17.6,21.0,33.8,previous
2022-06-03 15:22:20,8.12,17.19,4.2,22.9,4.2,77.9,25.2,17.5,21.0,33.8,previous
2022-06-03 15:22:30,8.12,17.19,4.2,22.9,4.2,77.9,25.2,17.5,21.0,33.8,previous
2022-06-03 15:22:40,8.12,17.23,4.0,22.9,4.0,77.9,25.2,17.6,21.0,33.8,previous
2022-06-03 15:22:50,8.13,17.21,4.0,22.9,4.0,78.0,25.2,17.6,21.0,33.8,previous
2022-06-03 15:23:00,8.13,17.21,4.0,22.9,4.0,78.0,25.2,17.6,21.0,33.8,previous
2022-06-03 15:23:10,8.12,17.19,4.1,22.9,4.1,77.9,25.2,17.9,21.1,33.8,previous
2022-06-03 15:23:20,8.12,17.23,4.1,22.9,4.2,77.9,25.1,18.2,21.1,33.8,previous
2022-06-03 15:23:30,8.12,17.23,4.1,22.9,4.2,77.9,25.1,18.2,21.1,33.8,previous
2022-06-03 15:23:40,8.14,17.26,4.0,22.9,4.0,78.1,25.2,18.3,21.0,33.8,previous
2022-06-03 15:23:50,8.13,17.24,4.2,22.9,4.2,78.0,25.1,18.2,21.1,33.8,previous
2022-06-03 15:24:00,8.13,17.24,4.2,22.9,4.2,78.0,25.1,18.2,21.1,33.8,previous
2022-06-03 15:24:10,8.13,17.24,4.2,22.9,4.2,78.0,25.1,18.2,21.1,33.7,previous
2022-06-03 15:24:20,8.11,17.18,4.2,22.9,4.2,77.9,25.1,18.1,21.1,33.7,previous
2022-06-03 15:24:30,8.11,17.18,4.2,22.9,4.2,77.9,25.1,18.1,21.1,33.7,previous
2022-06-03 15:24:40,8.11,17.19,4.2,22.9,4.1,77.9,24.9,17.9,21.1,33.7,previous
2022-06-03 15:24:50,8.13,17.23,4.2,22.9,4.2,78.0,25.1,17.8,21.1,33.7,previous
2022-06-03 15:25:00,8.13,17.23,4.2,22.9,4.2,78.0,25.1,17.8,21.1,33.7,previous
2022-06-03 15:25:10,8.12,17.21,4.3,22.9,4.3,77.9,25.1,18.1,21.1,33.7,previous
2022-06-03 15:25:20,8.13,17.21,4.2,22.9,4.2,78.0,24.9,18.1,21.1,33.7,previous
2022-06-03 15:25:30,8.13,17.21,4.2,22.9,4.2,78.0,24.9,18.1,21.1,33.7,previous
2022-06-03 15:25:40,8.12,17.21,4.0,22.9,4.0,77.9,24.9,17.8,21.0,33.7,previous
2022-06-03 15:25:50,8.11,17.18,4.3,22.9,4.3,77.8,25.1,17.8,21.0,33.7,previous
2022-06-03 15:26:00,8.11,17.18,4.3,22.9,4.3,77.8,25.1,17.8,21.0,33.7,previous
2022-06-03 15:26:10,8.12,17.21,4.3,22.9,4.5,77.9,25.1,18.1,21.0,33.7,previous
2022-06-03 15:26:20,8.1,17.16,5.8,22.9,6.0,77.7,25.0,18.3,21.0,33.7,previous
2022-06-03 15:26:30,8.1,17.16,5.8,22.9,6.0,77.7,25.0,18.3,21.0,33.7,previous
2022-06-03 15:26:40,8.1,17.16,7.4,22.9,7.4,77.7,24.9,17.8,20.7,33.7,previous
2022-06-03 15:26:50,8.11,17.19,6.5,22.8,6.4,77.9,24.9,16.3,20.2,33.7,previous
2022-06-03 15:27:00,8.11,17.19,6.5,22.8,6.4,77.9,24.9,16.3,20.2,33.7,previous
2022-06-03 15:27:10,8.1,17.18,5.9,22.7,5.8,77.7,25.1,15.4,19.8,33.7,previous
2022-06-03 15:27:20,8.1,17.16,5.2,22.7,5.1,77.6,24.9,15.1,19.8,33.7,previous
2022-06-03 15:27:30,8.1,17.16,5.2,22.7,5.1,77.6,24.9,15.1,19.8,33.7,previous
2022-06-03 15:27:40,8.1,17.16,5.0,22.7,5.0,77.7,24.9,15.6,20.0,33.7,previous
2022-06-03 15:27:50,8.11,17.16,4.6,22.7,4.7,77.8,24.9,16.7,20.2,33.7,previous
2022-06-03 15:28:00,8.11,17.16,4.6,22.7,4.7,77.8,24.9,16.7,20.2,33.7,previous
2022-06-03 15:28:10,8.1,17.16,4.8,22.6,4.8,77.7,25.1,17.4,20.3,33.7,previous
2022-06-03 15:28:20,8.09,17.14,4.7,22.6,4.7,77.7,25.1,17.9,20.4,33.7,previous
2022-06-03 15:28:30,8.09,17.14,4.7,22.6,4.7,77.7,25.1,17.9,20.4,33.7,previous
2022-06-03 15:28:40,8.09,17.14,4.6,22.6,4.6,77.7,25.1,18.2,20.5,33.7,previous
2022-06-03 15:28:50,8.11,17.19,4.6,22.6,4.6,77.8,24.9,18.3,20.6,33.7,previous
2022-06-03 15:29:00,8.11,17.19,4.6,22.6,4.6,77.8,24.9,18.3,20.6,33.7,previous
2022-06-03 15:29:10,8.09,17.14,4.5,22.6,4.5,77.7,25.1,18.2,20.6,33.7,previous
2022-06-03 15:29:20,8.11,17.18,4.3,22.6,4.3,77.7,25.0,17.9,20.7,33.7,previous
2022-06-03 15:29:30,8.11,17.18,4.3,22.6,4.3,77.7,25.0,17.9,20.7,33.7,previous
2022-06-03 15:29:40,8.09,17.14,4.4,22.5,4.4,77.6,25.1,17.9,20.7,33.7,previous
2022-06-03 15:29:50,8.11,17.18,4.3,22.6,4.3,77.8,25.2,17.9,20.7,33.7,previous
2022-06-03 15:30:00,8.11,17.18,4.3,22.6,4.3,77.8,25.2,17.9,20.7,33.7,previous
2022-06-03 15:30:10,8.11,17.19,4.3,22.5,4.3,77.8,25.1,18.0,20.8,33.7,previous
2022-06-03 15:30:20,8.11,17.18,4.3,22.6,4.3,77.8,25.2,18.1,20.8,33.7,previous
2022-06-03 15:30:30,8.11,17.18,4.3,22.6,4.3,77.8,25.2,18.1,20.8,33.7,previous
2022-06-03 15:30:40,8.11,17.18,4.2,22.6,4.2,77.8,25.2,18.3,20.8,33.7,previous
2022-06-03 15:30:50,8.11,17.18,4.2,22.6,4.3,77.9,25.1,18.3,20.9,33.7,previous
2022-06-03 15:31:00,8.11,17.18,4.2,22.6,4.3,77.9,25.1,18.3,20.9,33.7,previous
2022-06-03 15:31:10,8.09,17.14,4.3,22.7,4.4,77.6,25.2,18.3,20.9,33.7,previous
2022-06-03 15:31:20,8.11,17.19,4.3,22.7,4.3,77.9,25.2,18.4,21.0,33.7,previous
2022-06-03 15:31:30,8.11,17.19,4.3,22.7,4.3,77.9,25.2,18.4,21.0,33.7,previous
2022-06-03 15:31:40,8.1,17.16,4.3,22.7,4.3,77.7,25.2,18.3,20.9,33.7,previous
2022-06-03 15:31:50,8.1,17.16,4.3,22.7,4.3,77.6,25.2,18.1,21.0,33.7,previous
2022-06-03 15:32:00,8.1,17.16,4.3,22.7,4.3,77.6,25.2,18.1,21.0,33.7,previous
2022-06-03 15:32:10,8.1,17.16,4.3,22.6,4.3,77.7,25.3,18.1,21.0,33.7,previous
2022-06-03 15:32:20,8.11,17.18,4.3,22.7,4.3,77.8,25.3,18.1,21.0,33.7,previous
2022-06-03 15:32:30,8.11,17.18,4.3,22.7,4.3,77.8,25.3,18.1,21.0,33.7,previous
2022-06-03 15:32:40,8.09,17.14,4.3,22.7,4.3,77.7,25.2,17.9,21.0,33.7,previous
2022-06-03 15:32:50,8.09,17.14,4.3,22.7,4.3,77.6,25.2,18.0,21.0,33.7,previous
2022-06-03 15:33:00,8.09,17.14,4.3,22.7,4.3,77.6,25.2,18.0,21.0,33.6,previous
2022-06-03 15:33:10,8.11,17.18,4.2,22.7,4.2,77.8,25.2,18.2,21.0,33.6,previous
2022-06-03 15:33:20,8.1,17.16,4.3,22.7,4.3,77.8,25.2,18.1,21.0,33.6,previous
2022-06-03 15:33:30,8.1,17.16,4.3,22.7,4.3,77.8,25.2,18.1,21.0,33.7,previous
2022-06-03 15:33:40,8.12,17.21,4.4,22.8,4.4,77.9,25.2,18.2,21.1,33.7,previous
2022-06-03 15:33:50,8.1,17.16,4.3,22.8,4.3,77.8,25.3,18.2,21.0,33.7,previous
2022-06-03 15:34:00,8.1,17.16,4.3,22.8,4.3,77.8,25.3,18.2,21.0,33.7,previous
2022-06-03 15:34:10,8.11,17.18,4.3,22.8,4.3,77.7,25.3,18.0,20.9,33.7,previous
2022-06-03 15:34:40,8.1,17.16,4.3,22.8,4.3,77.8,25.3,18.0,21.0,33.7,previous
2022-06-03 15:34:50,8.11,17.19,4.4,22.8,4.4,77.9,25.3,18.1,21.1,33.7,previous
2022-06-03 15:35:00,8.11,17.19,4.4,22.8,4.4,77.9,25.3,18.1,21.1,33.7,previous
2022-06-03 15:35:10,8.1,17.16,4.4,22.7,4.4,77.7,25.2,18.0,21.0,33.7,previous
2022-06-03 15:35:20,8.1,17.16,4.3,22.7,4.2,77.7,25.3,18.1,21.0,33.7,previous
2022-06-03 15:35:30,8.1,17.16,4.3,22.7,4.2,77.7,25.3,18.1,21.0,33.7,previous
2022-06-03 15:35:40,8.1,17.16,4.3,22.7,4.3,77.8,25.4,18.1,21.0,33.7,previous
2022-06-03 15:35:50,8.11,17.18,4.4,22.8,4.4,77.7,25.4,18.1,21.0,33.7,previous
2022-06-03 15:36:00,8.11,17.18,4.4,22.8,4.4,77.7,25.4,18.1,21.0,33.7,previous
2022-06-03 15:36:20,8.09,17.13,4.3,22.7,4.3,77.6,25.6,18.2,21.1,33.8,previous
2022-06-03 15:36:30,8.09,17.13,4.3,22.7,4.3,77.6,25.6,18.2,21.1,33.8,previous
2022-06-03 15:36:40,8.11,17.18,4.4,22.8,4.3,77.8,25.5,18.1,21.1,33.8,previous
2022-06-03 15:36:50,8.09,17.14,4.3,22.8,4.2,77.6,25.5,18.1,21.0,33.8,previous
2022-06-03 15:37:00,8.09,17.14,4.3,22.8,4.2,77.6,25.5,18.1,21.0,33.8,previous
2022-06-03 15:37:10,8.1,17.16,4.3,22.8,4.3,77.7,25.4,17.9,21.1,33.9,previous
2022-06-03 15:37:20,8.1,17.16,4.3,22.8,4.2,77.6,25.4,17.9,21.1,33.9,previous
2022-06-03 15:37:30,8.1,17.16,4.3,22.8,4.2,77.6,25.4,17.9,21.1,33.9,previous
2022-06-03 15:37:40,8.09,17.14,4.3,22.8,4.3,77.6,25.3,17.8,21.0,34.0,previous
2022-06-03 15:37:50,8.11,17.18,4.4,22.8,4.3,77.7,25.3,17.9,21.0,34.0,previous
2022-06-03 15:38:00,8.11,17.18,4.4,22.8,4.3,77.7,25.3,17.9,21.0,34.0,previous
2022-06-03 15:38:10,8.09,17.14,4.3,22.8,4.3,77.7,25.2,17.9,21.0,34.0,previous
2022-06-03 15:38:20,8.09,17.14,4.3,22.8,4.3,77.7,25.3,17.8,21.0,34.0,previous
2022-06-03 15:38:30,8.09,17.14,4.3,22.8,4.3,77.7,25.3,17.8,21.0,34.0,previous
2022-06-03 15:38:40,8.1,17.16,4.4,22.8,4.3,77.7,25.3,17.7,20.9,34.1,previous
2022-06-03 15:38:50,8.09,17.13,4.3,22.9,4.3,77.6,25.3,17.8,20.9,34.1,previous
2022-06-03 15:39:00,8.09,17.13,4.3,22.9,4.3,77.6,25.3,17.8,20.9,34.1,previous
2022-06-03 15:39:10,8.09,17.14,4.3,22.8,4.3,77.6,25.3,17.6,20.9,34.2,previous
2022-06-03 15:39:20,8.11,17.18,4.3,22.8,4.3,77.8,25.3,17.7,20.9,34.2,previous
2022-06-03 15:39:30,8.11,17.18,4.3,22.8,4.3,77.8,25.3,17.7,20.9,34.2,previous
2022-06-03 15:39:40,8.09,17.14,4.1,22.7,4.1,77.6,25.2,17.7,20.9,34.2,previous
2022-06-03 15:39:50,8.09,17.14,4.2,22.9,4.2,77.6,25.3,17.4,20.9,34.2,previous
2022-06-03 15:40:00,8.09,17.14,4.2,22.9,4.2,77.6,25.3,17.4,20.9,34.2,previous
2022-06-03 15:40:10,8.11,17.19,4.1,22.8,4.1,77.9,25.3,17.0,20.9,34.2,previous
2022-06-03 15:40:20,8.1,17.16,4.0,22.7,4.0,77.6,25.3,16.9,20.9,34.2,previous
2022-06-03 15:40:30,8.1,17.16,4.0,22.7,4.0,77.6,25.3,16.9,20.9,34.2,previous
2022-06-03 15:40:40,8.11,17.18,4.3,22.7,4.2,77.8,25.2,17.3,20.9,34.3,previous
2022-06-03 15:40:50,8.1,17.16,4.1,22.8,4.1,77.6,25.2,17.8,21.0,34.3,previous
2022-06-03 15:41:00,8.1,17.16,4.1,22.8,4.1,77.6,25.2,17.8,21.0,34.3,previous
2022-06-03 15:41:10,8.1,17.16,4.1,22.8,4.1,77.7,25.2,17.9,20.9,34.3,previous
2022-06-03 15:41:20,8.11,17.18,4.1,22.8,4.1,77.7,25.3,17.9,21.0,34.3,previous
2022-06-03 15:41:30,8.11,17.18,4.1,22.8,4.1,77.7,25.3,17.9,21.0,34.3,previous
2022-06-03 15:41:40,8.09,17.14,4.2,22.8,4.2,77.6,25.2,17.9,21.0,34.3,previous
2022-06-03 15:41:50,8.11,17.18,4.2,22.8,4.2,77.8,25.2,17.8,21.1,34.3,previous
2022-06-03 15:42:00,8.11,17.18,4.2,22.8,4.2,77.8,25.2,17.8,21.1,34.3,previous
2022-06-03 15:42:10,8.1,17.16,4.1,22.7,4.1,77.7,25.2,17.4,21.0,34.3,previous
2022-06-03 15:42:20,8.09,17.14,4.2,22.7,4.3,77.7,25.2,17.1,21.0,34.3,previous
2022-06-03 15:42:30,8.09,17.14,4.2,22.7,4.3,77.7,25.2,17.1,21.0,34.3,previous
2022-06-03 15:42:40,8.12,17.21,4.2,22.8,4.2,77.9,25.2,17.4,21.0,34.3,previous
2022-06-03 15:42:50,8.09,17.14,4.2,22.8,4.2,77.6,25.2,17.7,21.0,34.3,previous
2022-06-03 15:43:00,8.09,17.14,4.2,22.8,4.2,77.6,25.2,17.7,21.0,34.3,previous
2022-06-03 15:43:10,8.11,17.19,4.2,22.8,4.1,77.8,25.3,17.9,21.0,34.3,previous
2022-06-03 15:43:20,8.11,17.19,4.1,22.8,4.1,77.9,25.2,17.9,21.1,34.3,previous
2022-06-03 15:43:30,8.11,17.19,4.1,22.8,4.1,77.9,25.2,17.9,21.1,34.3,previous
2022-06-03 15:43:40,8.11,17.19,4.1,22.9,4.1,77.9,25.3,17.9,21.1,34.3,previous
2022-06-03 15:43:50,8.1,17.16,4.2,22.9,4.2,77.7,25.3,17.9,21.0,34.3,previous
2022-06-03 15:44:00,8.1,17.16,4.2,22.9,4.2,77.7,25.3,17.9,21.0,34.3,previous
2022-06-03 15:44:10,8.11,17.18,4.2,22.9,4.2,77.8,25.3,17.8,21.0,34.3,previous
2022-06-03 15:44:20,8.11,17.19,4.1,22.8,4.2,77.9,25.2,17.4,21.0,34.3,previous
2022-06-03 15:44:30,8.11,17.19,4.1,22.8,4.2,77.9,25.2,17.4,21.0,34.3,previous
2022-06-03 15:44:40,8.09,17.14,4.3,22.9,4.3,77.7,25.3,17.4,21.0,34.3,previous
2022-06-03 15:44:50,8.09,17.14,4.2,22.8,4.1,77.6,25.4,17.8,20.9,34.3,previous
2022-06-03 15:45:00,8.09,17.14,4.2,22.8,4.1,77.6,25.4,17.8,20.9,34.3,previous
2022-06-03 15:45:10,8.09,17.14,4.1,22.8,4.1,77.7,25.3,17.8,21.0,34.3,previous
2022-06-03 15:45:20,8.1,17.16,4.1,22.8,4.1,77.7,25.3,17.6,20.9,34.3,previous
2022-06-03 15:45:30,8.1,17.16,4.1,22.8,4.1,77.7,25.3,17.6,20.9,34.3,previous
2022-06-03 15:45:40,8.1,17.16,4.2,22.9,4.1,77.8,25.3,17.6,20.9,34.3,previous
2022-06-03 15:45:50,8.11,17.18,4.1,22.8,4.1,77.8,25.2,17.6,20.9,34.3,previous
2022-06-03 15:46:00,8.11,17.18,4.1,22.8,4.1,77.8,25.2,17.6,20.9,34.3,previous
2022-06-03 15:46:10,8.11,17.19,4.1,22.9,4.1,77.9,25.2,17.5,21.0,34.3,previous
2022-06-03 15:46:20,8.11,17.18,4.2,22.9,4.2,77.8,25.2,17.4,21.0,34.3,previous
2022-06-03 15:46:30,8.11,17.18,4.2,22.9,4.2,77.8,25.2,17.4,21.0,34.3,previous
2022-06-03 15:46:40,8.1,17.16,4.1,22.9,4.1,77.7,25.3,17.6,20.9,34.3,previous
2022-06-03 15:46:50,8.11,17.19,4.0,22.9,4.0,77.9,25.3,17.6,21.0,34.3,previous
2022-06-03 15:47:00,8.11,17.19,4.0,22.9,4.0,77.9,25.3,17.6,21.0,34.3,previous
2022-06-03 15:47:10,8.11,17.18,4.1,22.9,4.1,77.7,25.2,17.7,21.0,34.3,previous
2022-06-03 15:47:20,8.1,17.16,4.3,22.9,4.3,77.7,25.2,17.9,21.1,34.3,previous
2022-06-03 15:47:30,8.1,17.16,4.3,22.9,4.3,77.7,25.2,17.9,21.1,34.3,previous
2022-06-03 15:47:40,8.1,17.16,4.1,22.9,4.1,77.7,25.2,17.9,21.0,34.3,previous
2022-06-03 15:47:50,8.1,17.16,4.0,22.9,4.0,77.6,25.3,17.4,20.9,34.3,previous
2022-06-03 15:48:00,8.1,17.16,4.0,22.9,4.0,77.6,25.3,17.4,20.9,34.3,previous
2022-06-03 15:48:10,8.11,17.19,4.1,22.9,4.2,77.8,25.3,17.3,21.0,34.3,previous
2022-06-03 15:48:20,8.09,17.13,4.1,22.9,4.1,77.5,25.3,17.5,21.0,34.3,previous
2022-06-03 15:48:30,8.09,17.13,4.1,22.9,4.1,77.5,25.3,17.5,21.0,34.3,previous
2022-06-03 15:48:40,8.09,17.14,4.0,22.9,4.0,77.6,25.3,17.7,21.0,34.3,previous
2022-06-03 15:48:50,8.11,17.19,4.1,22.9,4.1,77.9,25.3,17.6,21.0,34.3,previous
2022-06-03 15:49:00,8.11,17.19,4.1,22.9,4.1,77.9,25.3,17.6,21.0,34.3,previous
2022-06-03 15:49:10,8.11,17.19,4.0,22.9,4.0,77.9,25.3,17.6,21.0,34.3,previous
2022-06-03 15:49:20,8.11,17.19,4.1,22.9,4.1,77.9,25.3,17.6,21.0,34.3,previous
2022-06-03 15:49:30,8.11,17.19,4.1,22.9,4.1,77.9,25.3,17.6,21.0,34.3,previous
2022-06-03 15:49:40,8.11,17.19,4.2,22.8,4.2,77.9,25.3,17.8,21.1,34.3,previous
2022-06-03 15:49:50,8.09,17.14,4.1,22.8,4.1,77.7,25.3,17.8,21.0,34.3,previous
2022-06-03 15:50:00,8.09,17.14,4.1,22.8,4.1,77.7,25.3,17.8,21.0,34.3,previous
2022-06-03 15:50:10,8.09,17.14,4.2,22.9,4.2,77.6,25.2,17.8,21.1,34.3,previous
2022-06-03 15:50:20,8.11,17.19,4.1,22.8,4.1,77.7,25.2,17.8,21.0,34.3,previous
2022-06-03 15:50:30,8.11,17.19,4.1,22.8,4.1,77.7,25.2,17.8,21.0,34.3,previous
2022-06-03 15:50:40,8.1,17.16,4.2,22.9,4.1,77.7,25.2,17.7,20.9,34.3,previous
2022-06-03 15:50:50,8.1,17.16,4.1,22.9,4.1,77.7,25.3,17.5,21.0,34.3,previous
2022-06-03 15:51:00,8.1,17.16,4.1,22.9,4.1,77.7,25.3,17.5,21.0,34.3,previous
2022-06-03 15:51:10,8.1,17.16,4.1,22.8,4.1,77.8,25.3,17.2,20.9,34.3,previous
2022-06-03 15:51:20,8.11,17.18,4.2,22.9,4.2,77.8,25.3,17.2,20.9,34.3,previous
2022-06-03 15:51:30,8.11,17.18,4.2,22.9,4.2,77.8,25.3,17.2,20.9,34.3,previous
2022-06-03 15:51:40,8.12,17.21,4.2,22.9,4.1,77.9,25.2,17.2,20.9,34.3,previous
2022-06-03 15:51:50,8.1,17.16,4.0,22.9,4.0,77.8,25.2,17.3,21.0,34.3,previous
2022-06-03 15:52:00,8.1,17.16,4.0,22.9,4.0,77.8,25.2,17.3,21.0,34.3,previous
2022-06-03 15:52:10,8.11,17.18,4.0,22.9,4.0,77.9,25.2,17.2,21.0,34.2,previous
2022-06-03 15:52:20,8.09,17.14,4.0,22.9,4.0,77.7,25.2,17.5,20.9,34.2,previous
2022-06-03 15:52:30,8.09,17.14,4.0,22.9,4.0,77.7,25.2,17.5,20.9,34.2,previous
2022-06-03 15:52:40,8.11,17.19,3.9,22.9,3.9,77.9,25.3,17.6,21.0,34.2,previous
2022-06-03 15:52:50,8.11,17.18,4.1,22.9,4.1,77.7,25.2,17.4,21.1,34.2,previous
2022-06-03 15:53:00,8.11,17.18,4.1,22.9,4.1,77.7,25.2,17.4,21.1,34.2,previous
2022-06-03 15:53:10,8.12,17.21,4.0,23.0,4.0,77.9,25.2,17.5,21.1,34.2,previous
2022-06-03 15:53:20,8.11,17.19,4.0,23.0,4.0,77.9,25.3,17.6,21.1,34.2,previous
2022-06-03 15:53:30,8.11,17.19,4.0,23.0,4.0,77.9,25.3,17.6,21.1,34.2,previous
2022-06-03 15:53:40,8.11,17.18,4.1,23.0,4.1,77.7,25.2,17.8,21.0,34.3,previous
2022-06-03 15:53:50,8.11,17.19,4.0,23.0,4.0,77.9,25.2,17.9,21.1,34.3,previous
2022-06-03 15:54:00,8.11,17.19,4.0,23.0,4.0,77.9,25.2,17.9,21.1,34.3,previous
2022-06-03 15:54:10,8.09,17.14,4.1,23.1,4.2,77.8,25.2,17.9,21.0,34.3,previous
2022-06-03 15:54:20,8.11,17.18,4.2,23.1,4.2,77.9,25.2,17.9,21.1,34.3,previous
2022-06-03 15:54:30,8.11,17.18,4.2,23.1,4.2,77.9,25.2,17.9,21.1,34.3,previous
2022-06-03 15:54:40,8.11,17.19,4.1,23.0,4.1,77.9,25.2,17.9,21.1,34.3,previous
2022-06-03 15:54:50,8.11,17.19,4.2,23.0,4.2,77.9,25.2,17.8,21.0,34.3,previous
2022-06-03 15:55:00,8.11,17.19,4.2,23.0,4.2,77.9,25.2,17.8,21.0,34.3,previous
2022-06-03 15:55:10,8.11,17.19,4.1,22.9,4.1,77.9,25.2,17.8,21.0,34.3,previous
2022-06-03 15:55:20,8.11,17.18,4.3,22.9,4.3,77.8,25.2,17.6,21.1,34.3,previous
2022-06-03 15:55:30,8.11,17.18,4.3,22.9,4.3,77.8,25.2,17.6,21.1,34.3,previous
2022-06-03 15:55:40,8.1,17.16,4.2,22.9,4.2,77.7,25.2,17.7,21.0,34.3,previous
2022-06-03 15:55:50,8.11,17.19,4.0,22.9,4.0,77.9,25.3,17.4,20.9,34.3,previous
2022-06-03 15:56:00,8.11,17.19,4.0,22.9,4.0,77.9,25.3,17.4,20.9,34.3,previous
2022-06-03 15:56:10,8.12,17.21,4.2,22.9,4.2,77.9,25.3,17.2,21.0,34.3,previous
2022-06-03 15:56:20,8.12,17.21,4.1,22.9,4.1,77.9,25.3,17.4,20.9,34.3,previous
2022-06-03 15:56:30,8.12,17.21,4.1,22.9,4.1,77.9,25.3,17.4,20.9,34.3,previous
2022-06-03 15:56:40,8.12,17.21,4.1,22.9,4.1,77.9,25.3,17.5,20.9,34.3,previous
2022-06-03 15:56:50,8.11,17.19,4.0,22.9,4.0,77.8,25.2,17.5,21.0,34.3,previous
2022-06-03 15:57:00,8.11,17.19,4.0,22.9,4.0,77.8,25.2,17.5,21.0,34.3,previous
2022-06-03 15:57:10,8.12,17.21,4.1,22.9,4.1,77.9,25.3,17.3,21.0,34.3,previous
2022-06-03 15:57:20,8.1,17.16,4.1,22.9,4.1,77.7,25.2,17.4,21.0,34.3,previous
2022-06-03 15:57:30,8.1,17.16,4.1,22.9,4.1,77.7,25.2,17.4,21.0,34.3,previous
2022-06-03 15:57:40,8.11,17.18,4.0,22.9,4.0,77.9,25.2,17.6,21.1,34.3,previous
2022-06-03 15:57:50,8.12,17.21,4.0,22.9,4.0,77.9,25.3,17.6,21.1,34.3,previous
2022-06-03 15:58:00,8.12,17.21,4.0,22.9,4.0,77.9,25.3,17.6,21.1,34.3,previous
2022-06-03 15:58:10,8.11,17.19,4.1,22.9,4.1,77.9,25.2,17.7,21.1,34.3,previous
2022-06-03 15:58:20,8.1,17.16,4.1,22.9,4.1,77.6,25.3,17.9,21.0,34.3,previous
2022-06-03 15:58:30,8.1,17.16,4.1,22.9,4.1,77.6,25.3,17.9,21.0,34.3,previous
2022-06-03 15:58:40,8.11,17.19,4.1,23.0,4.1,77.9,25.4,17.8,21.1,34.3,previous
2022-06-03 15:58:50,8.11,17.18,4.2,22.9,4.2,77.8,25.4,17.8,21.0,34.3,previous
2022-06-03 15:59:00,8.11,17.18,4.2,22.9,4.2,77.8,25.4,17.8,21.0,34.3,previous
2022-06-03 15:59:10,8.12,17.21,4.2,22.9,4.2,77.9,25.3,17.8,21.1,34.3,previous
2022-06-03 15:59:20,8.1,17.16,4.1,22.9,4.1,77.7,25.2,17.7,21.1,34.3,previous
2022-06-03 15:59:30,8.1,17.16,4.1,22.9,4.1,77.7,25.2,17.7,21.1,34.4,previous
2022-06-03 15:59:40,8.1,17.16,4.0,22.9,4.1,77.7,25.2,17.6,21.0,34.4,previous
2022-06-03 15:59:50,8.11,17.18,4.1,22.9,4.1,77.8,25.3,17.4,21.0,34.4,previous
2022-06-03 16:00:00,8.11,17.18,4.1,22.9,4.1,77.8,25.3,17.4,21.0,34.3,previous
2022-06-03 16:00:10,8.1,17.16,4.2,22.9,4.1,77.6,25.4,17.7,21.0,34.3,previous
2022-06-03 16:00:20,8.1,17.16,4.0,22.9,4.0,77.6,25.4,17.6,21.0,34.3,previous
2022-06-03 16:00:30,8.1,17.16,4.0,22.9,4.0,77.6,25.4,17.6,21.0,34.4,previous
2022-06-03 16:00:40,8.1,17.16,4.2,22.9,4.2,77.7,25.3,17.6,21.0,34.4,previous
2022-06-03 16:00:50,8.11,17.19,4.1,22.9,4.1,77.9,25.3,17.6,20.9,34.4,previous
2022-06-03 16:01:00,8.11,17.19,4.1,22.9,4.1,77.9,25.3,17.6,20.9,34.3,previous
2022-06-03 16:01:10,8.11,17.18,4.1,22.9,4.1,77.7,25.2,17.6,21.0,34.3,previous
2022-06-03 16:01:20,8.09,17.13,4.1,22.9,4.1,77.6,25.3,17.6,20.9,34.3,previous
2022-06-03 16:01:30,8.09,17.13,4.1,22.9,4.1,77.6,25.3,17.6,20.9,34.3,previous
2022-06-03 16:01:40,8.1,17.16,4.0,22.9,4.1,77.7,25.3,17.5,21.0,34.3,previous
2022-06-03 16:01:50,8.11,17.18,4.1,23.0,4.1,77.9,25.3,17.6,21.0,34.3,previous
2022-06-03 16:02:00,8.11,17.18,4.1,23.0,4.1,77.9,25.3,17.6,21.0,34.3,previous
2022-06-03 16:02:10,8.09,17.14,4.2,22.9,4.2,77.6,25.3,17.6,21.0,34.3,previous
2022-06-03 16:02:20,8.1,17.16,4.1,22.9,4.1,77.8,25.2,17.4,20.9,34.3,previous
2022-06-03 16:02:30,8.1,17.16,4.1,22.9,4.1,77.8,25.2,17.4,20.9,34.3,previous
2022-06-03 16:02:40,8.12,17.21,4.1,22.9,4.0,77.9,25.3,17.2,20.9,34.3,previous
2022-06-03 16:02:50,8.12,17.21,4.0,23.0,4.0,77.9,25.2,17.2,21.0,34.3,previous
2022-06-03 16:03:00,8.12,17.21,4.0,23.0,4.0,77.9,25.2,17.2,21.0,34.3,previous
2022-06-03 16:03:10,8.12,17.21,4.1,22.9,4.1,77.9,25.2,17.4,21.0,34.3,previous
2022-06-03 16:03:20,8.1,17.16,4.1,22.9,4.1,77.7,25.2,17.6,21.0,34.3,previous
2022-06-03 16:03:30,8.1,17.16,4.1,22.9,4.1,77.7,25.2,17.6,21.0,34.3,previous
2022-06-03 16:03:40,8.11,17.19,4.0,22.9,4.0,77.8,25.3,17.6,21.0,34.3,previous
2022-06-03 16:03:50,8.16,17.28,4.0,22.9,4.0,78.2,25.2,17.7,21.1,34.3,previous
2022-06-03 16:04:00,8.16,17.28,4.0,22.9,4.0,78.2,25.2,17.7,21.1,34.3,previous
2022-06-03 16:04:10,8.1,17.16,4.1,22.9,4.1,77.8,25.2,17.7,21.1,34.3,previous
2022-06-03 16:04:20,8.12,17.21,4.1,22.9,4.1,77.9,25.2,17.7,21.1,34.3,previous
2022-06-03 16:04:30,8.12,17.21,4.1,22.9,4.1,77.9,25.2,17.7,21.1,34.3,previous
2022-06-03 16:04:40,8.11,17.19,4.0,22.9,4.0,77.9,25.3,17.7,21.1,34.3,previous
2022-06-03 16:04:50,8.09,17.14,4.1,22.9,4.1,77.6,25.3,17.5,20.9,34.3,previous
2022-06-03 16:05:00,8.09,17.14,4.1,22.9,4.1,77.6,25.3,17.5,20.9,34.3,previous
2022-06-03 16:05:10,8.12,17.21,4.1,22.9,4.1,77.9,25.3,17.6,21.0,34.3,previous
2022-06-03 16:05:20,8.11,17.19,4.1,23.0,4.1,77.8,25.2,17.6,21.0,34.3,previous
2022-06-03 16:05:30,8.11,17.19,4.1,23.0,4.1,77.8,25.2,17.6,21.0,34.3,previous
2022-06-03 16:05:40,8.1,17.16,3.9,23.0,4.0,77.7,25.2,17.4,21.0,34.3,previous
2022-06-03 16:05:50,8.09,17.14,4.1,22.9,4.1,77.6,25.2,17.4,21.0,34.3,previous
2022-06-03 16:06:00,8.09,17.14,4.1,22.9,4.1,77.6,25.2,17.4,21.0,34.3,previous
2022-06-03 16:06:10,8.11,17.18,4.0,22.9,4.1,77.8,25.2,17.7,21.0,34.3,previous
2022-06-03 16:06:20,8.12,17.21,4.1,22.9,4.1,77.9,25.3,17.8,21.1,34.3,previous
2022-06-03 16:06:30,8.12,17.21,4.1,22.9,4.1,77.9,25.3,17.8,21.1,34.3,previous
2022-06-03 16:06:40,8.11,17.19,4.0,22.9,4.0,77.9,25.2,17.9,21.1,34.3,previous
2022-06-03 16:06:50,8.1,17.16,4.1,22.9,4.1,77.8,25.3,17.8,21.0,34.3,previous
2022-06-03 16:07:00,8.1,17.16,4.1,22.9,4.1,77.8,25.3,17.8,21.0,34.3,previous
2022-06-03 16:07:10,8.09,17.13,4.1,22.9,4.1,77.6,25.3,17.8,21.0,34.3,previous
2022-06-03 16:07:20,8.11,17.18,4.0,22.9,4.0,77.9,25.3,17.7,21.0,34.3,previous
2022-06-03 16:07:30,8.11,17.18,4.0,22.9,4.0,77.9,25.3,17.7,21.0,34.3,previous
2022-06-03 16:07:40,8.09,17.13,4.1,22.9,4.2,77.6,25.2,17.7,21.0,34.3,previous
2022-06-03 16:07:50,8.11,17.18,4.2,22.9,4.2,77.8,25.2,17.8,21.0,34.3,previous
2022-06-03 16:08:00,8.11,17.18,4.2,22.9,4.2,77.8,25.2,17.8,21.0,34.3,previous
2022-06-03 16:08:10,8.1,17.16,4.1,22.9,4.1,77.7,25.3,17.7,21.1,34.3,previous
2022-06-03 16:08:20,8.1,17.16,4.1,23.0,4.1,77.6,25.2,17.7,21.1,34.3,previous
2022-06-03 16:08:30,8.1,17.16,4.1,23.0,4.1,77.6,25.2,17.7,21.1,34.3,previous
2022-06-03 16:08:40,8.11,17.19,4.1,23.0,4.1,77.9,25.3,17.6,21.0,34.3,previous
2022-06-03 16:08:50,8.09,17.14,4.1,22.9,4.1,77.6,25.3,17.5,21.0,34.3,previous
2022-06-03 16:09:00,8.09,17.14,4.1,22.9,4.1,77.6,25.3,17.5,21.0,34.3,previous
2022-06-03 16:09:10,8.11,17.19,4.1,22.9,4.1,77.9,25.2,17.4,21.0,34.3,previous
2022-06-03 16:09:20,8.1,17.16,4.0,22.9,4.0,77.8,25.2,17.3,21.0,34.3,previous
2022-06-03 16:09:30,8.1,17.16,4.0,22.9,4.0,77.8,25.2,17.3,21.0,34.3,previous
2022-06-03 16:09:50,8.09,17.14,4.1,22.9,4.1,77.6,25.3,17.3,21.0,34.3,previous
2022-06-03 16:10:00,8.09,17.14,4.1,22.9,4.1,77.6,25.3,17.3,21.0,34.3,previous
2022-06-03 16:10:10,8.1,17.16,4.1,22.9,4.0,77.7,25.3,17.3,20.9,34.3,previous
2022-06-03 16:10:20,8.1,17.16,4.2,22.9,4.2,77.6,25.3,17.2,20.9,34.3,previous
2022-06-03 16:10:30,8.1,17.16,4.2,22.9,4.2,77.6,25.3,17.2,20.9,34.3,previous
2022-06-03 16:10:40,8.11,17.19,4.2,22.9,4.1,77.9,25.3,17.3,21.0,34.3,previous
2022-06-03 16:10:50,8.12,17.21,4.1,23.0,4.1,78.0,25.2,17.4,21.0,34.3,previous
2022-06-03 16:11:00,8.12,17.21,4.1,23.0,4.1,78.0,25.2,17.4,21.0,34.4,previous
2022-06-03 16:11:10,8.11,17.18,4.1,22.9,4.1,77.8,25.2,17.5,21.0,34.4,previous
2022-06-03 16:11:20,8.1,17.16,4.0,22.9,4.0,77.7,25.3,17.4,21.0,34.4,previous
2022-06-03 16:11:30,8.1,17.16,4.0,22.9,4.0,77.7,25.3,17.4,21.0,34.3,previous
2022-06-03 16:11:40,8.11,17.19,4.1,22.9,4.1,77.9,25.3,17.5,21.0,34.3,previous
2022-06-03 16:11:50,8.11,17.19,4.1,22.9,4.1,77.9,25.4,17.7,21.0,34.3,previous
2022-06-03 16:12:00,8.11,17.19,4.1,22.9,4.1,77.9,25.4,17.7,21.0,34.4,previous
2022-06-03 16:12:10,8.11,17.18,4.0,22.9,4.0,77.7,25.4,17.7,21.0,34.4,previous
2022-06-03 16:12:20,8.11,17.18,4.1,22.9,4.1,77.9,25.3,17.6,20.9,34.4,previous
2022-06-03 16:12:30,8.11,17.18,4.1,22.9,4.1,77.9,25.3,17.6,20.9,34.3,previous
2022-06-03 16:12:40,8.12,17.21,4.1,22.9,4.1,77.9,25.3,17.6,21.0,34.3,previous
2022-06-03 16:12:50,8.1,17.16,4.1,23.0,4.1,77.8,25.3,17.5,21.1,34.3,previous
2022-06-03 16:13:00,8.1,17.16,4.1,23.0,4.1,77.8,25.3,17.5,21.1,34.3,previous
2022-06-03 16:13:10,8.1,17.16,4.2,23.0,4.4,77.8,25.4,17.2,21.0,34.3,previous
2022-06-03 16:13:20,8.11,17.18,5.9,23.0,5.9,77.8,25.4,17.4,21.0,34.3,previous
2022-06-03 16:13:30,8.11,17.18,5.9,23.0,5.9,77.8,25.4,17.4,21.0,34.4,previous
2022-06-03 16:13:40,8.11,17.19,7.2,23.0,7.1,77.9,25.3,17.4,20.7,34.4,previous
2022-06-03 16:13:50,8.09,17.14,6.3,22.9,6.3,77.6,25.2,16.1,20.1,34.4,previous
2022-06-03 16:14:00,8.09,17.14,6.3,22.9,6.3,77.6,25.2,16.1,20.1,34.3,previous
2022-06-03 16:14:10,8.09,17.14,5.6,22.8,5.5,77.6,25.2,15.2,19.8,34.3,previous
2022-06-03 16:14:20,8.1,17.16,5.2,22.7,5.2,77.7,25.1,14.9,19.9,34.3,previous
2022-06-03 16:14:30,8.1,17.16,5.2,22.7,5.2,77.7,25.1,14.9,19.9,34.3,previous
2022-06-03 16:14:40,8.1,17.16,4.7,22.7,4.6,77.7,25.0,15.4,20.0,34.3,previous
2022-06-03 16:14:50,8.09,17.14,4.6,22.7,4.6,77.6,24.8,16.4,20.2,34.3,previous
2022-06-03 16:15:00,8.09,17.14,4.6,22.7,4.6,77.6,24.8,16.4,20.2,34.3,previous
2022-06-03 16:15:10,8.1,17.16,4.6,22.6,4.5,77.6,24.9,17.3,20.2,34.3,previous
2022-06-03 16:15:20,8.09,17.14,4.4,22.6,4.4,77.6,24.9,17.8,20.3,34.3,previous
2022-06-03 16:15:30,8.09,17.14,4.4,22.6,4.4,77.6,24.9,17.8,20.3,34.3,previous
2022-06-03 16:15:40,8.09,17.13,4.4,22.6,4.4,77.6,25.0,18.1,20.4,34.3,previous
2022-06-03 16:15:50,8.09,17.14,4.2,22.6,4.2,77.6,24.9,18.0,20.5,34.3,previous
2022-06-03 16:16:00,8.09,17.14,4.2,22.6,4.2,77.6,24.9,18.0,20.5,34.3,previous
2022-06-03 16:16:10,8.11,17.18,4.2,22.6,4.2,77.9,25.1,17.6,20.6,34.4,previous
2022-06-03 16:16:20,8.11,17.18,4.1,22.6,4.1,77.8,25.1,17.6,20.6,34.4,previous
2022-06-03 16:16:30,8.11,17.18,4.1,22.6,4.1,77.8,25.1,17.6,20.6,34.4,previous
2022-06-03 16:16:40,8.12,17.21,4.0,22.6,3.9,77.9,25.1,17.4,20.6,34.3,previous
2022-06-03 16:16:50,8.11,17.19,4.1,22.6,4.1,77.9,25.2,17.2,20.7,34.3,previous
2022-06-03 16:17:00,8.11,17.19,4.1,22.6,4.1,77.9,25.2,17.2,20.7,34.3,previous
2022-06-03 16:17:10,8.11,17.19,4.0,22.6,3.9,77.9,25.1,17.6,20.8,34.3,previous
2022-06-03 16:17:20,8.09,17.14,4.0,22.6,4.0,77.6,25.2,17.6,20.8,34.3,previous
2022-06-03 16:17:30,8.09,17.14,4.0,22.6,4.0,77.6,25.2,17.6,20.8,34.3,previous
2022-06-03 16:17:40,8.09,17.14,4.1,22.7,4.1,77.6,25.2,17.7,20.9,34.3,previous
2022-06-03 16:18:10,8.14,17.24,3.9,22.7,4.0,77.9,25.2,17.6,20.9,34.4,previous
2022-06-03 16:18:20,8.12,17.21,3.9,22.7,3.9,77.9,25.2,17.5,20.9,34.4,previous
2022-06-03 16:18:30,8.12,17.21,3.9,22.7,3.9,77.9,25.2,17.5,20.9,34.4,previous
2022-06-03 16:18:50,8.11,17.19,3.9,22.9,3.9,77.9,25.2,17.4,21.0,34.3,previous
2022-06-03 16:19:00,8.11,17.19,3.9,22.9,3.9,77.9,25.2,17.4,21.0,34.3,previous
2022-06-03 16:19:10,8.14,17.24,3.9,22.9,3.9,78.1,25.3,17.5,21.0,34.3,previous
2022-06-03 16:19:20,8.11,17.19,4.0,22.9,4.0,77.9,25.2,17.6,21.1,34.3,previous
2022-06-03 16:19:30,8.11,17.19,4.0,22.9,4.0,77.9,25.2,17.6,21.1,34.3,previous
2022-06-03 16:19:40,8.11,17.19,4.0,22.9,4.1,77.9,25.2,17.7,21.1,34.3,previous
2022-06-03 16:19:50,8.11,17.18,4.1,22.9,4.1,77.7,25.1,17.8,21.1,34.3,previous
2022-06-03 16:20:00,8.11,17.18,4.1,22.9,4.1,77.7,25.1,17.8,21.1,34.3,previous
2022-06-03 16:20:10,8.11,17.18,4.0,22.9,4.0,77.9,25.1,17.7,21.0,34.3,previous
2022-06-03 16:20:20,8.11,17.19,4.0,22.9,4.0,77.9,25.2,17.6,21.0,34.3,previous
2022-06-03 16:20:30,8.11,17.19,4.0,22.9,4.0,77.9,25.2,17.6,21.0,34.3,previous
2022-06-03 16:20:50,8.14,17.24,4.1,22.9,4.1,78.1,25.2,17.3,21.0,34.3,previous
2022-06-03 16:21:00,8.14,17.24,4.1,22.9,4.1,78.1,25.2,17.3,21.0,34.3,previous
2022-06-03 16:21:10,8.14,17.24,4.0,22.9,4.0,78.1,25.2,17.2,20.9,34.3,previous
2022-06-03 16:21:20,8.15,17.26,3.9,22.9,3.9,77.9,25.2,16.9,20.9,34.3,previous
2022-06-03 16:21:30,8.15,17.26,3.9,22.9,3.9,77.9,25.2,16.9,20.9,34.3,previous
2022-06-03 16:21:40,8.13,17.23,4.0,22.9,4.0,78.2,25.1,17.1,21.0,34.3,previous
2022-06-03 16:21:50,8.14,17.24,4.0,22.9,4.0,77.9,25.2,17.4,21.0,34.3,previous
2022-06-03 16:22:00,8.14,17.24,4.0,22.9,4.0,77.9,25.2,17.4,21.0,34.3,previous
2022-06-03 16:22:10,8.11,17.19,4.0,22.9,4.0,77.8,25.2,17.8,21.0,34.3,previous
2022-06-03 16:22:20,8.11,17.19,4.0,22.9,4.0,77.9,25.2,17.9,21.0,34.3,previous
2022-06-03 16:22:30,8.11,17.19,4.0,22.9,4.0,77.9,25.2,17.9,21.0,34.4,previous
2022-06-03 16:22:40,8.14,17.24,4.0,22.9,4.0,78.2,25.2,17.8,21.0,34.4,previous
2022-06-03 16:22:50,8.11,17.19,4.0,22.9,4.0,77.8,25.2,17.8,21.1,34.4,previous
2022-06-03 16:23:00,8.11,17.19,4.0,22.9,4.0,77.8,25.2,17.8,21.1,34.4,previous
2022-06-03 16:23:10,8.1,17.16,4.0,23.0,4.1,77.7,25.2,17.9,21.1,34.4,previous
2022-06-03 16:23:20,8.11,17.18,4.2,22.9,4.2,77.9,25.4,17.7,21.1,34.4,previous
2022-06-03 16:23:30,8.11,17.18,4.2,22.9,4.2,77.9,25.4,17.7,21.1,34.4,previous
2022-06-03 16:23:40,8.11,17.18,4.0,22.9,4.0,77.9,25.3,17.6,21.0,34.4,previous
2022-06-03 16:23:50,8.14,17.24,4.2,23.0,4.2,78.0,25.3,17.1,20.9,34.4,previous
2022-06-03 16:24:00,8.14,17.24,4.2,23.0,4.2,78.0,25.3,17.1,20.9,34.3,previous
2022-06-03 16:24:10,8.12,17.21,4.1,23.0,4.1,77.9,25.4,17.2,21.0,34.3,previous
2022-06-03 16:24:20,8.12,17.21,3.9,22.9,3.9,77.9,25.3,17.2,21.0,34.3,previous
2022-06-03 16:24:30,8.12,17.21,3.9,22.9,3.9,77.9,25.3,17.2,21.0,34.3,previous
2022-06-03 16:24:40,8.11,17.19,4.1,23.1,4.1,77.7,25.3,17.2,20.9,34.3,previous
2022-06-03 16:24:50,8.11,17.19,4.1,22.9,4.1,77.9,25.4,17.3,21.0,34.3,previous
2022-06-03 16:25:00,8.11,17.19,4.1,22.9,4.1,77.9,25.4,17.3,21.0,34.3,previous
2022-06-03 16:25:10,8.12,17.21,4.0,23.0,3.9,77.9,25.3,17.2,21.0,34.3,previous
2022-06-03 16:25:20,8.12,17.21,4.0,23.0,4.0,77.9,25.3,17.1,21.1,34.3,previous
2022-06-03 16:25:30,8.12,17.21,4.0,23.0,4.0,77.9,25.3,17.1,21.1,34.3,previous
2022-06-03 16:25:40,8.1,17.16,4.0,22.9,4.1,77.7,25.3,17.2,21.0,34.3,previous
2022-06-03 16:25:50,8.11,17.19,4.1,22.9,4.1,77.9,25.2,17.6,21.0,34.3,previous
2022-06-03 16:26:00,8.11,17.19,4.1,22.9,4.1,77.9,25.2,17.6,21.0,34.3,previous
2022-06-03 16:26:10,8.11,17.19,4.0,23.1,3.9,77.9,25.3,17.6,21.0,34.3,previous
2022-06-03 16:26:20,8.11,17.18,4.0,23.0,4.0,77.7,25.3,17.6,21.1,34.3,previous
2022-06-03 16:26:30,8.11,17.18,4.0,23.0,4.0,77.7,25.3,17.6,21.1,34.3,previous
2022-06-03 16:26:40,8.11,17.18,4.0,23.1,4.0,77.8,25.3,17.7,21.1,34.3,previous
2022-06-03 16:26:50,8.11,17.19,4.0,23.1,4.0,77.8,25.3,17.6,21.1,34.3,previous
2022-06-03 16:27:00,8.11,17.19,4.0,23.1,4.0,77.8,25.3,17.6,21.1,34.4,previous
2022-06-03 16:27:10,8.11,17.18,4.1,23.1,4.1,77.8,25.3,17.6,21.1,34.4,previous
2022-06-03 16:27:20,8.13,17.23,4.1,23.1,4.1,78.0,25.3,17.5,21.1,34.4,previous
2022-06-03 16:27:30,8.13,17.23,4.1,23.1,4.1,78.0,25.3,17.5,21.1,34.4,previous
2022-06-03 16:27:40,8.12,17.21,4.1,23.0,4.1,77.9,25.2,17.6,21.0,34.4,previous
2022-06-03 16:27:50,8.14,17.24,4.1,23.1,4.1,78.1,25.2,17.7,21.0,34.4,previous
2022-06-03 16:28:00,8.14,17.24,4.1,23.1,4.1,78.1,25.2,17.7,21.0,34.4,previous
2022-06-03 16:28:10,8.1,17.16,4.2,23.1,4.1,77.8,25.3,17.8,21.0,34.4,previous
2022-06-03 16:28:20,8.11,17.18,4.1,23.0,4.1,77.9,25.2,17.7,21.0,34.4,previous
2022-06-03 16:28:30,8.11,17.18,4.1,23.0,4.1,77.9,25.2,17.7,21.0,34.4,previous
2022-06-03 16:28:40,8.12,17.21,4.0,22.9,4.1,77.9,25.3,17.4,21.0,34.4,previous
2022-06-03 16:28:50,8.14,17.24,4.0,23.0,4.0,78.1,25.2,17.2,21.0,34.4,previous
2022-06-03 16:29:00,8.14,17.24,4.0,23.0,4.0,78.1,25.2,17.2,21.0,34.4,previous
2022-06-03 16:29:10,8.11,17.19,4.0,22.9,4.1,77.8,25.3,17.0,21.0,34.4,previous
2022-06-03 16:29:20,8.1,17.16,4.2,22.9,4.2,77.7,25.3,17.2,21.0,34.4,previous
2022-06-03 16:29:30,8.1,17.16,4.2,22.9,4.2,77.7,25.3,17.2,21.0,34.4,previous
2022-06-03 16:29:40,8.12,17.21,3.9,23.0,4.0,77.9,25.3,17.3,21.0,34.4,previous
2022-06-03 16:29:50,8.11,17.18,4.1,22.9,4.1,77.8,25.3,17.1,21.0,34.4,previous
2022-06-03 16:30:00,8.11,17.18,4.1,22.9,4.1,77.8,25.3,17.1,21.0,34.4,previous
2022-06-03 16:30:10,8.12,17.21,4.1,23.0,4.1,77.9,25.3,17.3,21.0,34.4,previous
2022-06-03 16:30:20,8.11,17.19,4.0,23.0,4.0,77.9,25.3,17.5,21.0,34.4,previous
2022-06-03 16:30:30,8.11,17.19,4.0,23.0,4.0,77.9,25.3,17.5,21.0,34.4,previous
2022-06-03 16:30:40,8.12,17.21,4.0,22.9,4.0,77.9,25.3,17.6,21.0,34.4,previous
2022-06-03 16:30:50,8.11,17.19,4.0,22.9,4.0,77.9,25.2,17.7,21.0,34.4,previous
2022-06-03 16:31:00,8.11,17.19,4.0,22.9,4.0,77.9,25.2,17.7,21.0,34.4,previous
2022-06-03 16:31:10,8.11,17.19,4.0,22.9,4.0,77.9,25.2,17.7,21.0,34.4,previous
2022-06-03 16:31:20,8.12,17.21,4.0,23.0,4.0,77.9,25.3,17.6,21.0,34.4,previous
2022-06-03 16:31:30,8.12,17.21,4.0,23.0,4.0,77.9,25.3,17.6,21.0,34.4,previous
2022-06-03 16:31:40,8.11,17.19,4.0,22.9,4.0,77.9,25.4,17.3,21.0,34.4,previous
2022-06-03 16:31:50,8.11,17.18,4.0,23.0,4.0,77.9,25.3,17.3,21.1,34.4,previous
2022-06-03 16:32:00,8.11,17.18,4.0,23.0,4.0,77.9,25.3,17.3,21.1,34.4,previous
2022-06-03 16:32:10,8.11,17.19,3.9,23.1,3.9,77.9,25.3,17.4,21.1,34.4,previous
2022-06-03 16:32:20,8.12,17.21,4.1,23.1,4.1,78.0,25.4,17.4,21.1,34.4,previous
2022-06-03 16:32:30,8.12,17.21,4.1,23.1,4.1,78.0,25.4,17.4,21.1,34.4,previous
2022-06-03 16:32:40,8.13,17.23,4.1,23.1,4.1,78.1,25.3,17.7,21.1,34.4,previous
2022-06-03 16:32:50,8.1,17.16,4.0,23.1,4.0,77.7,25.3,17.8,21.0,34.4,previous
2022-06-03 16:33:00,8.1,17.16,4.0,23.1,4.0,77.7,25.3,17.8,21.0,34.4,previous
2022-06-03 16:33:10,8.11,17.18,4.1,23.0,4.1,77.8,25.4,17.8,21.1,34.4,previous
2022-06-03 16:33:20,8.12,17.21,4.0,23.1,4.0,77.9,25.3,17.8,21.1,34.4,previous
2022-06-03 16:33:30,8.12,17.21,4.0,23.1,4.0,77.9,25.3,17.8,21.1,34.4,previous
2022-06-03 16:33:40,8.12,17.21,4.1,23.1,4.1,77.9,25.3,17.8,21.0,34.4,previous
2022-06-03 16:33:50,8.11,17.19,4.1,23.1,4.1,77.9,25.3,17.7,21.1,34.4,previous
2022-06-03 16:34:00,8.11,17.19,4.1,23.1,4.1,77.9,25.3,17.7,21.1,34.4,previous
2022-06-03 16:34:10,8.14,17.24,4.2,23.0,4.2,78.0,25.2,17.4,21.0,34.4,previous
2022-06-03 16:34:20,8.12,17.21,4.1,23.0,4.1,77.8,25.2,17.3,21.0,34.4,previous
2022-06-03 16:34:30,8.12,17.21,4.1,23.0,4.1,77.8,25.2,17.3,21.0,34.4,previous
2022-06-03 16:34:40,8.11,17.18,4.0,23.0,4.0,77.9,25.2,17.3,21.0,34.4,previous
2022-06-03 16:34:50,8.14,17.24,4.0,23.0,4.0,78.1,25.3,17.4,21.1,34.4,previous
2022-06-03 16:35:00,8.14,17.24,4.0,23.0,4.0,78.1,25.3,17.4,21.1,34.4,previous
2022-06-03 16:35:10,8.11,17.18,4.1,23.0,4.1,77.8,25.2,17.6,21.0,34.4,previous
2022-06-03 16:35:20,8.11,17.18,4.2,23.0,4.2,77.8,25.3,17.7,21.0,34.4,previous
2022-06-03 16:35:30,8.11,17.18,4.2,23.0,4.2,77.8,25.3,17.7,21.0,34.4,previous
2022-06-03 16:35:40,8.09,17.14,4.2,23.1,4.2,77.6,25.2,17.7,21.0,34.4,previous
2022-06-03 16:35:50,8.11,17.18,4.1,22.9,4.1,77.7,25.3,17.7,21.0,34.4,previous
2022-06-03 16:36:00,8.11,17.18,4.1,22.9,4.1,77.7,25.3,17.7,21.0,34.4,previous
2022-06-03 16:36:10,8.12,17.21,4.1,23.0,4.1,77.9,25.2,17.5,21.0,34.4,previous
2022-06-03 16:36:20,8.12,17.21,4.1,23.0,4.1,77.9,25.2,17.6,21.0,34.4,previous
2022-06-03 16:36:30,8.12,17.21,4.1,23.0,4.1,77.9,25.2,17.6,21.0,34.4,previous
2022-06-03 16:36:40,8.12,17.21,4.1,23.0,4.1,77.8,25.2,17.6,21.0,34.4,previous
2022-06-03 16:36:50,8.13,17.23,4.2,23.0,4.2,78.0,25.2,17.6,21.0,34.4,previous
2022-06-03 16:37:00,8.13,17.23,4.2,23.0,4.2,78.0,25.2,17.6,21.0,34.4,previous
2022-06-03 16:37:10,8.12,17.21,4.0,23.0,4.1,77.9,25.2,17.4,20.9,34.4,previous
2022-06-03 16:37:20,8.13,17.23,4.1,23.0,4.1,78.0,25.2,17.3,21.0,34.4,previous
2022-06-03 16:37:30,8.13,17.23,4.1,23.0,4.1,78.0,25.2,17.3,21.0,34.4,previous
2022-06-03 16:37:40,8.11,17.18,4.0,23.0,4.0,77.8,25.3,17.3,21.0,34.4,previous
2022-06-03 16:37:50,8.12,17.21,4.0,22.9,4.0,77.9,25.2,17.5,21.0,34.4,previous
2022-06-03 16:38:00,8.12,17.21,4.0,22.9,4.0,77.9,25.2,17.5,21.0,34.4,previous
2022-06-03 16:38:10,8.13,17.23,4.1,23.0,4.1,78.0,25.2,17.6,21.0,34.4,previous
2022-06-03 16:38:20,8.11,17.19,4.1,22.9,4.1,77.9,25.2,17.6,21.0,34.4,previous
2022-06-03 16:38:30,8.11,17.19,4.1,22.9,4.1,77.9,25.2,17.6,21.0,34.4,previous
2022-06-03 16:38:40,8.09,17.14,4.1,22.9,4.1,77.6,25.3,17.6,20.9,34.4,previous
2022-06-03 16:38:50,8.11,17.18,4.0,22.9,4.0,77.8,25.4,17.5,21.0,34.4,previous
2022-06-03 16:39:00,8.11,17.18,4.0,22.9,4.0,77.8,25.4,17.5,21.0,34.5,previous
2022-06-03 16:39:10,8.14,17.24,4.1,22.9,4.1,78.1,25.2,17.6,21.0,34.5,previous
2022-06-03 16:39:20,8.11,17.19,4.1,23.0,4.1,77.9,25.2,17.7,21.0,34.5,previous
2022-06-03 16:39:30,8.11,17.19,4.1,23.0,4.1,77.9,25.2,17.7,21.0,34.5,previous
2022-06-03 16:39:40,8.11,17.18,4.1,22.9,4.1,77.9,25.2,17.7,21.0,34.5,previous
2022-06-03 16:39:50,8.12,17.21,4.1,23.0,4.1,77.9,25.3,17.7,21.1,34.5,previous
2022-06-03 16:40:00,8.12,17.21,4.1,23.0,4.1,77.9,25.3,17.7,21.1,34.5,previous
2022-06-03 16:40:10,8.13,17.23,4.1,23.1,4.1,78.0,25.3,17.4,21.0,34.5,previous
2022-06-03 16:40:20,8.11,17.19,4.2,23.1,4.2,77.9,25.3,17.4,21.0,34.5,previous
2022-06-03 16:40:30,8.11,17.19,4.2,23.1,4.2,77.9,25.3,17.4,21.0,34.5,previous
2022-06-03 16:40:40,8.1,17.16,4.1,23.0,4.1,77.7,25.3,17.4,20.9,34.5,previous
2022-06-03 16:40:50,8.13,17.23,4.1,23.0,4.1,78.0,25.3,17.4,20.9,34.5,previous
2022-06-03 16:41:00,8.13,17.23,4.1,23.0,4.1,78.0,25.3,17.4,20.9,34.4,previous
2022-06-03 16:41:10,8.11,17.19,4.1,23.1,4.1,77.8,25.3,17.3,21.0,34.4,previous
2022-06-03 16:41:20,8.11,17.19,4.1,23.0,4.1,77.9,25.2,17.4,21.0,34.4,previous
2022-06-03 16:41:30,8.11,17.19,4.1,23.0,4.1,77.9,25.2,17.4,21.0,34.4,previous
2022-06-03 16:41:40,8.12,17.21,4.2,22.9,4.2,77.9,25.2,17.4,21.1,34.4,previous
2022-06-03 16:41:50,8.11,17.19,4.1,22.9,4.1,77.9,25.3,17.5,21.1,34.4,previous
2022-06-03 16:42:00,8.11,17.19,4.1,22.9,4.1,77.9,25.3,17.5,21.1,34.4,previous
2022-06-03 16:42:10,8.13,17.23,4.1,22.9,4.1,77.9,25.2,17.6,21.0,34.4,previous
2022-06-03 16:42:20,8.12,17.21,4.0,22.9,4.0,77.9,25.3,17.5,21.0,34.4,previous
2022-06-03 16:42:30,8.12,17.21,4.0,22.9,4.0,77.9,25.3,17.5,21.0,34.4,previous
2022-06-03 16:42:40,8.12,17.21,4.1,22.9,4.1,77.9,25.3,17.4,21.0,34.5,previous
2022-06-03 16:42:50,8.12,17.21,4.0,22.9,4.0,77.9,25.3,17.5,21.1,34.5,previous
2022-06-03 16:43:00,8.12,17.21,4.0,22.9,4.0,77.9,25.3,17.5,21.1,34.5,previous
2022-06-03 16:43:10,8.1,17.16,4.2,22.9,4.1,77.6,25.3,17.4,21.0,34.4,previous
2022-06-03 16:43:20,8.12,17.21,4.1,23.0,4.1,77.9,25.3,17.4,21.0,34.4,previous
2022-06-03 16:43:30,8.12,17.21,4.1,23.0,4.1,77.9,25.3,17.4,21.0,34.4,previous
2022-06-03 16:43:40,8.15,17.26,4.0,22.9,4.0,78.1,25.3,17.4,21.0,34.5,previous
2022-06-03 16:43:50,8.11,17.18,4.1,22.9,4.1,77.8,25.2,17.6,21.0,34.5,previous
2022-06-03 16:44:00,8.11,17.18,4.1,22.9,4.1,77.8,25.2,17.6,21.0,34.5,previous
2022-06-03 16:44:10,8.11,17.18,4.0,23.0,4.0,77.9,25.3,17.7,21.0,34.5,previous
2022-06-03 16:44:20,8.11,17.19,4.1,22.9,4.1,77.9,25.2,17.7,21.1,34.5,previous
2022-06-03 16:44:30,8.11,17.19,4.1,22.9,4.1,77.9,25.2,17.7,21.1,34.5,previous
2022-06-03 16:44:40,8.13,17.23,4.1,22.9,4.1,78.0,25.2,17.7,21.1,34.5,previous
2022-06-03 16:44:50,8.11,17.18,4.2,23.0,4.2,77.8,25.2,17.8,21.1,34.5,previous
2022-06-03 16:45:00,8.11,17.18,4.2,23.0,4.2,77.8,25.2,17.8,21.1,34.5,previous
2022-06-03 16:45:10,8.1,17.16,4.2,23.0,4.2,77.8,25.2,17.7,21.0,34.5,previous
2022-06-03 16:45:20,8.12,17.21,4.1,23.0,4.1,78.0,25.2,17.6,20.9,34.5,previous
2022-06-03 16:45:30,8.12,17.21,4.1,23.0,4.1,78.0,25.2,17.6,20.9,34.5,previous
2022-06-03 16:45:40,8.09,17.13,4.0,23.0,4.0,77.6,25.2,17.3,20.9,34.5,previous
2022-06-03 16:45:50,8.12,17.21,4.0,22.9,4.0,77.8,25.2,17.2,20.9,34.5,previous
2022-06-03 16:46:00,8.12,17.21,4.0,22.9,4.0,77.8,25.2,17.2,20.9,34.5,previous
2022-06-03 16:46:10,8.11,17.19,4.2,23.0,4.2,77.9,25.2,17.1,21.0,34.5,previous
2022-06-03 16:46:20,8.11,17.19,4.2,23.0,4.2,77.9,25.2,17.4,21.0,34.5,previous
2022-06-03 16:46:30,8.11,17.19,4.2,23.0,4.2,77.9,25.2,17.4,21.0,34.5,previous
2022-06-03 16:46:40,8.11,17.18,4.1,23.0,4.0,77.8,25.2,17.4,21.1,34.4,previous
2022-06-03 16:46:50,8.11,17.19,4.2,22.9,4.2,77.9,25.3,17.3,21.0,34.4,previous
2022-06-03 16:47:00,8.11,17.19,4.2,22.9,4.2,77.9,25.3,17.3,21.0,34.4,previous
2022-06-03 16:47:10,8.11,17.18,4.0,23.0,4.0,77.8,25.3,17.4,21.1,34.4,previous
2022-06-03 16:47:20,8.12,17.21,4.1,23.0,4.1,77.9,25.3,17.5,21.0,34.4,previous
2022-06-03 16:47:30,8.12,17.21,4.1,23.0,4.1,77.9,25.3,17.5,21.0,34.4,previous
2022-06-03 16:47:40,8.12,17.21,4.1,23.0,4.1,77.9,25.3,17.5,21.0,34.4,previous
2022-06-03 16:47:50,8.1,17.16,4.2,23.0,4.2,77.7,25.2,17.6,21.0,34.4,previous
2022-06-03 16:48:00,8.1,17.16,4.2,23.0,4.2,77.7,25.2,17.6,21.0,34.4,previous
2022-06-03 16:48:10,8.1,17.16,4.1,23.0,4.1,77.7,25.2,17.6,21.0,34.4,previous
2022-06-03 16:48:20,8.13,17.23,4.1,23.1,4.1,77.9,25.2,17.4,21.0,34.4,previous
2022-06-03 16:48:30,8.13,17.23,4.1,23.1,4.1,77.9,25.2,17.4,21.0,34.4,previous
2022-06-03 16:48:40,8.11,17.18,4.1,22.9,4.1,77.8,25.3,17.4,21.1,34.4,previous
2022-06-03 16:48:50,8.12,17.21,4.0,23.0,4.0,77.9,25.3,17.3,20.9,34.4,previous
2022-06-03 16:49:00,8.12,17.21,4.0,23.0,4.0,77.9,25.3,17.3,20.9,34.4,previous
2022-06-03 16:49:10,8.11,17.19,4.1,22.9,4.1,77.9,25.3,17.4,21.0,34.4,previous
2022-06-03 16:49:20,8.11,17.18,4.1,22.9,4.1,77.7,25.3,17.5,21.0,34.4,previous
2022-06-03 16:49:30,8.11,17.18,4.1,22.9,4.1,77.7,25.3,17.5,21.0,34.5,previous
2022-06-03 16:49:40,8.11,17.19,4.1,22.9,4.1,77.9,25.2,17.5,21.1,34.5,previous
2022-06-03 16:49:50,8.11,17.18,4.0,22.9,4.0,77.8,25.3,17.3,21.0,34.5,previous
2022-06-03 16:50:00,8.11,17.18,4.0,22.9,4.0,77.8,25.3,17.3,21.0,34.4,previous
2022-06-03 16:50:10,8.11,17.18,4.1,22.9,4.2,77.9,25.3,17.3,21.1,34.4,previous
2022-06-03 16:50:20,8.12,17.21,4.2,23.0,4.2,78.0,25.3,17.6,21.1,34.4,previous
2022-06-03 16:50:30,8.12,17.21,4.2,23.0,4.2,78.0,25.3,17.6,21.1,34.4,previous
2022-06-03 16:50:40,8.12,17.21,4.2,23.0,4.3,77.9,25.3,17.6,21.0,34.4,previous
2022-06-03 16:50:50,8.11,17.18,4.1,23.0,4.1,77.7,25.3,17.6,20.9,34.4,previous
2022-06-03 16:51:00,8.11,17.18,4.1,23.0,4.1,77.7,25.3,17.6,20.9,34.4,previous
2022-06-03 16:51:10,8.11,17.19,3.9,22.9,3.9,77.9,25.3,17.5,21.0,34.4,previous
2022-06-03 16:51:20,8.13,17.23,4.2,22.9,4.2,78.0,25.3,17.5,21.0,34.4,previous
2022-06-03 16:51:30,8.13,17.23,4.2,22.9,4.2,78.0,25.3,17.5,21.0,34.4,previous
2022-06-03 16:51:40,8.12,17.21,4.1,22.9,4.1,77.9,25.3,17.7,21.0,34.4,previous
2022-06-03 16:51:50,8.13,17.23,4.1,22.9,4.1,78.1,25.3,17.4,21.0,34.4,previous
2022-06-03 16:52:00,8.13,17.23,4.1,22.9,4.1,78.1,25.3,17.4,21.0,34.4,previous
2022-06-03 16:52:10,8.12,17.21,4.2,22.9,4.2,77.9,25.3,17.2,20.9,34.4,previous
2022-06-03 16:52:20,8.11,17.19,4.1,22.9,4.1,77.9,25.3,17.3,21.0,34.4,previous
2022-06-03 16:52:30,8.11,17.19,4.1,22.9,4.1,77.9,25.3,17.3,21.0,34.5,previous
2022-06-03 16:52:40,8.11,17.18,4.0,22.9,4.0,77.8,25.3,17.3,21.0,34.5,previous
2022-06-03 16:52:50,8.11,17.18,4.2,22.9,4.2,77.7,25.3,17.4,21.0,34.5,previous
2022-06-03 16:53:00,8.11,17.18,4.2,22.9,4.2,77.7,25.3,17.4,21.0,34.4,previous
2022-06-03 16:53:10,8.09,17.14,4.1,22.9,4.1,77.6,25.3,17.5,21.0,34.4,previous
2022-06-03 16:53:40,8.11,17.18,4.1,23.0,4.1,77.8,25.3,17.6,21.0,34.4,previous
2022-06-03 16:53:50,8.12,17.21,4.1,22.9,4.1,77.9,25.3,17.7,21.0,34.4,previous
2022-06-03 16:54:00,8.12,17.21,4.1,22.9,4.1,77.9,25.3,17.7,21.0,34.4,previous
2022-06-03 16:54:10,8.12,17.21,4.2,23.0,4.2,77.9,25.3,17.7,21.0,34.5,previous
2022-06-03 16:54:20,8.1,17.16,4.2,23.0,4.2,77.8,25.3,17.7,21.0,34.5,previous
2022-06-03 16:54:30,8.1,17.16,4.2,23.0,4.2,77.8,25.3,17.7,21.0,34.5,previous
2022-06-03 16:54:40,8.11,17.19,4.0,22.9,4.0,77.9,25.3,17.4,20.9,34.5,previous
2022-06-03 16:54:50,8.12,17.21,4.1,23.1,4.1,77.9,25.3,17.3,21.0,34.5,previous
2022-06-03 16:55:00,8.12,17.21,4.1,23.1,4.1,77.9,25.3,17.3,21.0,34.5,previous
2022-06-03 16:55:10,8.13,17.23,4.1,23.0,4.1,78.0,25.2,17.5,21.0,34.4,previous
2022-06-03 16:55:20,8.1,17.16,3.9,23.0,3.9,77.7,25.2,17.5,21.1,34.4,previous
2022-06-03 16:55:30,8.1,17.16,3.9,23.0,3.9,77.7,25.2,17.5,21.1,34.4,previous
2022-06-03 16:55:40,8.11,17.19,4.1,22.9,4.1,77.9,25.2,17.1,21.0,34.4,previous
2022-06-03 16:55:50,8.11,17.18,4.1,22.9,4.1,77.9,25.3,17.2,21.0,34.4,previous
2022-06-03 16:56:00,8.11,17.18,4.1,22.9,4.1,77.9,25.3,17.2,21.0,34.4,previous
2022-06-03 16:56:10,8.11,17.18,4.1,23.0,4.1,77.8,25.3,17.4,21.0,34.4,previous
2022-06-03 16:56:20,8.11,17.19,4.1,23.0,4.1,77.9,25.3,17.5,21.0,34.4,previous
2022-06-03 16:56:30,8.11,17.19,4.1,23.0,4.1,77.9,25.3,17.5,21.0,34.4,previous
2022-06-03 16:56:40,8.11,17.18,4.1,22.9,4.1,77.9,25.3,17.6,21.0,34.4,previous
2022-06-03 16:56:50,8.11,17.19,4.1,23.0,4.1,77.9,25.3,17.5,21.0,34.4,previous
2022-06-03 16:57:00,8.11,17.19,4.1,23.0,4.1,77.9,25.3,17.5,21.0,34.4,previous
2022-06-03 16:57:10,8.11,17.18,4.0,23.0,4.1,77.8,25.4,17.4,21.0,34.4,previous
2022-06-03 16:57:20,8.12,17.21,4.1,23.0,4.1,77.9,25.3,17.4,21.0,34.4,previous
2022-06-03 16:57:30,8.12,17.21,4.1,23.0,4.1,77.9,25.3,17.4,21.0,34.4,previous
2022-06-03 16:57:40,8.14,17.24,4.0,23.0,4.1,78.1,25.3,17.2,21.0,34.4,previous
2022-06-03 16:57:50,8.13,17.23,4.0,23.0,4.0,78.0,25.4,17.2,21.0,34.4,previous
2022-06-03 16:58:00,8.13,17.23,4.0,23.0,4.0,78.0,25.4,17.2,21.0,34.4,previous
2022-06-03 16:58:10,8.13,17.23,4.0,23.0,4.0,77.9,25.3,17.2,21.0,34.4,previous
2022-06-03 16:58:20,8.13,17.23,4.1,23.0,4.1,77.9,25.3,17.4,21.0,34.4,previous
2022-06-03 16:58:30,8.13,17.23,4.1,23.0,4.1,77.9,25.3,17.4,21.0,34.4,previous
2022-06-03 16:58:40,8.12,17.21,4.2,23.1,4.2,78.0,25.3,17.7,21.1,34.4,previous
2022-06-03 16:58:50,8.1,17.16,4.0,23.0,4.0,77.7,25.3,17.7,21.1,34.4,previous
2022-06-03 16:59:00,8.1,17.16,4.0,23.0,4.0,77.7,25.3,17.7,21.1,34.4,previous
2022-06-03 16:59:10,8.11,17.19,4.0,23.0,4.0,77.9,25.3,17.7,21.0,34.4,previous
2022-06-03 16:59:20,8.11,17.19,4.2,23.0,4.2,77.9,25.3,17.8,21.0,34.4,previous
2022-06-03 16:59:30,8.11,17.19,4.2,23.0,4.2,77.9,25.3,17.8,21.0,34.4,previous
2022-06-03 16:59:40,8.11,17.19,4.0,22.9,4.0,77.9,25.3,17.7,21.1,34.4,previous
2022-06-03 16:59:50,8.11,17.18,4.1,23.0,4.1,77.8,25.3,17.5,21.0,34.4,previous
2022-06-03 17:00:00,8.11,17.18,4.1,23.0,4.1,77.8,25.3,17.5,21.0,34.4,previous
2022-06-03 12:40:00,8.07,17.09,3.3,22.7,3.3,77.4,25.4,17.4,21.0,33.1,retrofitted
2022-06-03 12:40:10,7.98,16.9,3.2,22.6,3.2,76.9,25.4,17.3,21.0,33.1,retrofitted
2022-06-03 12:40:20,8.03,17.02,3.1,22.6,3.3,77.1,25.5,17.2,21.0,33.1,retrofitted
2022-06-03 12:40:30,8.03,17.02,3.1,22.6,3.3,77.1,25.5,17.2,21.0,33.1,retrofitted
2022-06-03 12:40:40,8.08,17.11,2.8,22.6,2.8,77.5,25.5,17.2,21.0,33.1,retrofitted
2022-06-03 12:40:50,8.09,17.14,2.8,22.6,2.8,77.6,25.4,17.4,21.0,33.1,retrofitted
2022-06-03 12:41:00,8.09,17.14,2.8,22.6,2.8,77.6,25.4,17.4,21.0,33.1,retrofitted
2022-06-03 12:41:10,8.03,17.01,2.9,22.6,2.9,77.0,25.4,17.6,21.0,33.1,retrofitted
2022-06-03 12:41:20,8.07,17.09,2.8,22.6,2.8,77.4,25.4,17.3,21.0,33.1,retrofitted
2022-06-03 12:41:30,8.07,17.09,2.8,22.6,2.8,77.4,25.4,17.3,21.0,33.1,retrofitted
2022-06-03 12:41:40,8.05,17.06,3.3,22.6,3.3,77.3,25.5,17.2,21.0,33.1,retrofitted
2022-06-03 12:41:50,8.08,17.11,3.2,22.6,3.2,77.6,25.4,17.2,21.0,33.1,retrofitted
2022-06-03 12:42:00,8.08,17.11,3.2,22.6,3.2,77.6,25.4,17.2,21.0,33.1,retrofitted
2022-06-03 12:42:10,8.07,17.09,2.9,22.5,2.9,77.4,25.4,17.3,21.0,33.1,retrofitted
2022-06-03 12:42:20,8.08,17.11,2.9,22.6,2.8,77.5,25.6,17.5,21.0,33.1,retrofitted
2022-06-03 12:42:30,8.08,17.11,2.9,22.6,2.8,77.5,25.6,17.5,21.0,33.1,retrofitted
2022-06-03 12:42:40,8.02,16.99,2.8,22.6,2.8,77.1,25.5,17.7,21.1,33.1,retrofitted
2022-06-03 12:42:50,8.06,17.07,3.3,22.6,3.3,77.4,25.6,17.6,21.1,33.1,retrofitted
2022-06-03 12:43:00,8.06,17.07,3.3,22.6,3.3,77.4,25.6,17.6,21.1,33.1,retrofitted
2022-06-03 12:43:10,8.0,16.95,3.3,22.6,3.3,76.9,25.6,17.7,21.1,33.1,retrofitted
2022-06-03 12:43:20,8.1,17.16,3.3,22.6,3.3,77.6,25.6,17.6,21.0,33.1,retrofitted
2022-06-03 12:43:30,8.1,17.16,3.3,22.6,3.3,77.6,25.6,17.6,21.0,33.1,retrofitted
2022-06-03 12:43:40,8.08,17.11,3.3,22.7,3.3,77.5,25.4,17.4,21.1,33.1,retrofitted
2022-06-03 12:43:50,8.08,17.11,3.3,22.6,3.3,77.5,25.5,17.3,21.1,33.1,retrofitted
2022-06-03 12:44:00,8.08,17.11,3.3,22.6,3.3,77.5,25.5,17.3,21.1,33.1,retrofitted
2022-06-03 12:44:10,8.06,17.07,3.3,22.6,3.3,77.3,25.5,17.3,21.0,33.1,retrofitted
2022-06-03 12:44:20,8.02,16.99,3.3,22.6,3.3,76.9,25.5,17.3,21.1,33.1,retrofitted
2022-06-03 12:44:30,8.02,16.99,3.3,22.6,3.3,76.9,25.5,17.3,21.1,33.1,retrofitted
2022-06-03 12:44:40,8.08,17.11,3.3,22.6,3.3,77.5,25.4,17.3,21.1,33.1,retrofitted
2022-06-03 12:44:50,8.06,17.07,3.3,22.6,3.3,77.3,25.6,17.4,21.1,33.1,retrofitted
2022-06-03 12:45:00,8.06,17.07,3.3,22.6,3.3,77.3,25.6,17.4,21.1,33.1,retrofitted
2022-06-03 12:45:10,7.98,16.9,3.3,22.6,3.3,76.7,25.5,17.5,21.0,33.1,retrofitted
2022-06-03 12:45:20,8.09,17.13,3.3,22.6,3.3,77.6,25.6,17.4,21.1,33.1,retrofitted
2022-06-03 12:45:30,8.09,17.13,3.3,22.6,3.3,77.6,25.6,17.4,21.1,33.1,retrofitted
2022-06-03 12:45:40,8.09,17.13,3.4,22.6,3.4,77.6,25.6,17.4,21.1,33.1,retrofitted
2022-06-03 12:45:50,8.04,17.04,3.3,22.6,3.4,77.3,25.7,17.4,21.1,33.1,retrofitted
2022-06-03 12:46:00,8.04,17.04,3.3,22.6,3.4,77.3,25.7,17.4,21.1,33.1,retrofitted
2022-06-03 12:46:10,8.05,17.06,3.3,22.6,3.3,77.1,25.7,17.3,21.0,33.1,retrofitted
2022-06-03 12:46:20,8.09,17.14,3.3,22.7,3.4,77.6,25.6,17.2,21.1,33.1,retrofitted
2022-06-03 12:46:30,8.09,17.14,3.3,22.7,3.4,77.6,25.6,17.2,21.1,33.1,retrofitted
2022-06-03 12:46:40,8.05,17.06,3.3,22.6,3.3,77.1,25.7,17.3,21.0,33.1,retrofitted
2022-06-03 12:46:50,8.14,17.24,3.3,22.6,3.3,78.1,25.6,17.2,21.1,33.1,retrofitted
2022-06-03 12:47:00,8.14,17.24,3.3,22.6,3.3,78.1,25.6,17.2,21.1,33.1,retrofitted
2022-06-03 12:47:10,8.06,17.07,3.3,22.7,3.3,77.3,25.6,17.4,21.1,33.1,retrofitted
2022-06-03 12:47:20,8.03,17.02,3.3,22.7,3.3,77.1,25.5,17.4,21.1,33.1,retrofitted
2022-06-03 12:47:30,8.03,17.02,3.3,22.7,3.3,77.1,25.5,17.4,21.1,33.1,retrofitted
2022-06-03 12:47:40,8.05,17.06,3.7,22.7,3.7,77.3,25.4,17.3,21.1,33.1,retrofitted
2022-06-03 12:47:50,8.03,17.01,3.7,22.7,3.8,77.1,25.5,17.2,21.1,33.1,retrofitted
2022-06-03 12:48:00,8.03,17.01,3.7,22.7,3.8,77.1,25.5,17.2,21.1,33.2,retrofitted
2022-06-03 12:48:10,8.1,17.16,3.9,22.7,3.9,77.8,25.6,17.3,21.1,33.2,retrofitted
2022-06-03 12:48:20,8.06,17.07,3.8,22.6,3.8,77.3,25.7,17.4,21.1,33.2,retrofitted
2022-06-03 12:48:30,8.06,17.07,3.8,22.6,3.8,77.3,25.7,17.4,21.1,33.2,retrofitted
2022-06-03 12:48:40,8.09,17.13,3.8,22.7,3.8,77.6,25.7,17.6,21.1,33.2,retrofitted
2022-06-03 12:48:50,7.98,16.9,3.8,22.7,3.8,76.6,25.7,17.8,21.1,33.2,retrofitted
2022-06-03 12:49:00,7.98,16.9,3.8,22.7,3.8,76.6,25.7,17.8,21.1,33.2,retrofitted
2022-06-03 12:49:10,8.08,17.11,3.9,22.6,3.9,77.5,25.5,17.8,21.1,33.2,retrofitted
2022-06-03 12:49:20,8.08,17.11,4.0,22.7,4.0,77.6,25.6,17.6,21.1,33.2,retrofitted
2022-06-03 12:49:30,8.08,17.11,4.0,22.7,4.0,77.6,25.6,17.6,21.1,33.2,retrofitted
2022-06-03 12:49:40,8.07,17.09,4.0,22.6,4.0,77.4,25.7,17.5,21.1,33.2,retrofitted
2022-06-03 12:50:10,7.95,16.84,4.0,22.6,4.0,76.3,25.6,17.6,21.1,33.2,retrofitted
2022-06-03 12:50:20,7.98,16.9,3.9,22.6,3.9,76.6,25.6,17.7,21.1,33.2,retrofitted
2022-06-03 12:50:30,7.98,16.9,3.9,22.6,3.9,76.6,25.6,17.7,21.1,33.2,retrofitted
2022-06-03 12:50:40,8.07,17.09,4.0,22.6,4.0,77.4,25.7,17.6,21.0,33.2,retrofitted
2022-06-03 12:50:50,7.96,16.87,4.0,22.7,4.0,76.4,25.7,17.6,21.1,33.2,retrofitted
2022-06-03 12:51:00,7.96,16.87,4.0,22.7,4.0,76.4,25.7,17.6,21.1,33.2,retrofitted
2022-06-03 12:51:10,8.05,17.06,4.0,22.6,4.0,77.3,25.6,17.4,21.1,33.2,retrofitted
2022-06-03 12:51:20,8.02,16.99,3.9,22.6,4.0,77.1,25.6,17.4,21.0,33.2,retrofitted
2022-06-03 12:51:30,8.02,16.99,3.9,22.6,4.0,77.1,25.6,17.4,21.0,33.3,retrofitted
2022-06-03 12:51:40,8.09,17.13,4.0,22.6,4.0,77.6,25.7,17.4,21.0,33.3,retrofitted
2022-06-03 12:51:50,8.06,17.07,4.0,22.6,4.0,77.3,25.7,17.6,21.2,33.3,retrofitted
2022-06-03 12:52:00,8.06,17.07,4.0,22.6,4.0,77.3,25.7,17.6,21.2,33.3,retrofitted
2022-06-03 12:52:10,8.1,17.16,4.1,22.6,4.1,77.7,25.7,17.7,21.1,33.3,retrofitted
2022-06-03 12:52:20,8.02,16.99,4.1,22.6,4.1,76.9,25.6,17.6,21.1,33.3,retrofitted
2022-06-03 12:52:30,8.02,16.99,4.1,22.6,4.1,76.9,25.6,17.6,21.1,33.3,retrofitted
2022-06-03 12:52:40,8.03,17.01,4.1,22.6,4.1,76.9,25.6,17.6,21.0,33.3,retrofitted
2022-06-03 12:52:50,8.0,16.94,4.0,22.6,4.0,76.9,25.6,17.6,21.1,33.3,retrofitted
2022-06-03 12:53:00,8.0,16.94,4.0,22.6,4.0,76.9,25.6,17.6,21.1,33.3,retrofitted
2022-06-03 12:53:10,8.05,17.06,4.0,22.6,4.0,77.3,25.6,17.4,21.0,33.3,retrofitted
2022-06-03 12:53:20,8.05,17.06,4.1,22.6,4.1,77.3,25.7,17.5,21.0,33.3,retrofitted
2022-06-03 12:53:30,8.05,17.06,4.1,22.6,4.1,77.3,25.7,17.5,21.0,33.3,retrofitted
2022-06-03 12:53:40,8.07,17.09,4.1,22.6,4.1,77.4,25.7,17.4,21.0,33.3,retrofitted
2022-06-03 12:53:50,8.04,17.04,4.0,22.6,4.0,77.1,25.6,17.4,21.0,33.3,retrofitted
2022-06-03 12:54:00,8.04,17.04,4.0,22.6,4.0,77.1,25.6,17.4,21.0,33.3,retrofitted
2022-06-03 12:54:10,8.03,17.01,3.9,22.6,3.9,77.1,25.6,17.4,21.0,33.3,retrofitted
2022-06-03 12:54:20,8.08,17.11,4.0,22.6,4.0,77.6,25.5,17.4,21.0,33.3,retrofitted
2022-06-03 12:54:30,8.08,17.11,4.0,22.6,4.0,77.6,25.5,17.4,21.0,33.3,retrofitted
2022-06-03 12:54:40,8.1,17.16,4.0,22.6,4.0,77.6,25.6,17.4,21.1,33.3,retrofitted
2022-06-03 12:54:50,8.04,17.04,4.0,22.6,4.0,77.1,25.7,17.4,21.0,33.3,retrofitted
2022-06-03 12:55:00,8.04,17.04,4.0,22.6,4.0,77.1,25.7,17.4,21.0,33.3,retrofitted
2022-06-03 12:55:10,8.09,17.13,3.9,22.6,3.9,77.6,25.6,17.4,21.0,33.3,retrofitted
2022-06-03 12:55:20,8.08,17.11,3.9,22.6,4.0,77.5,25.6,17.5,21.0,33.3,retrofitted
2022-06-03 12:55:30,8.08,17.11,3.9,22.6,4.0,77.5,25.6,17.5,21.0,33.3,retrofitted
2022-06-03 12:55:40,8.09,17.14,4.0,22.5,4.0,77.5,25.7,17.6,21.0,33.3,retrofitted
2022-06-03 12:55:50,8.11,17.18,4.0,22.6,4.0,77.8,25.7,17.7,21.0,33.3,retrofitted
2022-06-03 12:56:00,8.11,17.18,4.0,22.6,4.0,77.8,25.7,17.7,21.0,33.3,retrofitted
2022-06-03 12:56:10,8.1,17.16,4.1,22.5,4.1,77.8,25.7,17.8,21.0,33.3,retrofitted
2022-06-03 12:56:20,8.05,17.06,4.0,22.6,4.1,77.1,25.6,17.7,21.1,33.3,retrofitted
2022-06-03 12:56:30,8.05,17.06,4.0,22.6,4.1,77.1,25.6,17.7,21.1,33.3,retrofitted
2022-06-03 12:56:40,7.99,16.92,3.9,22.5,3.9,76.6,25.6,17.5,21.0,33.3,retrofitted
2022-06-03 12:56:50,8.11,17.18,4.0,22.6,4.0,77.8,25.7,17.4,21.0,33.3,retrofitted
2022-06-03 12:57:00,8.11,17.18,4.0,22.6,4.0,77.8,25.7,17.4,21.0,33.3,retrofitted
2022-06-03 12:57:10,8.01,16.97,4.1,22.5,4.1,76.9,25.6,17.4,21.0,33.3,retrofitted
2022-06-03 12:57:20,8.07,17.09,4.1,22.5,4.1,77.4,25.6,17.4,21.0,33.3,retrofitted
2022-06-03 12:57:30,8.07,17.09,4.1,22.5,4.1,77.4,25.6,17.4,21.0,33.3,retrofitted
2022-06-03 12:57:40,8.09,17.14,4.1,22.5,4.1,77.6,25.6,17.4,21.0,33.3,retrofitted
2022-06-03 12:57:50,7.97,16.89,4.0,22.5,4.0,76.3,25.6,17.4,21.0,33.3,retrofitted
2022-06-03 12:58:00,7.97,16.89,4.0,22.5,4.0,76.3,25.6,17.4,21.0,33.3,retrofitted
2022-06-03 12:58:10,8.03,17.01,4.0,22.6,4.0,77.0,25.6,17.4,21.0,33.3,retrofitted
2022-06-03 12:58:20,8.09,17.13,4.0,22.5,4.0,77.6,25.6,17.4,20.9,33.3,retrofitted
2022-06-03 12:58:30,8.09,17.13,4.0,22.5,4.0,77.6,25.6,17.4,20.9,33.3,retrofitted
2022-06-03 12:58:40,8.09,17.14,4.0,22.6,4.0,77.6,25.6,17.3,21.0,33.3,retrofitted
2022-06-03 12:58:50,8.09,17.14,4.1,22.6,4.0,77.7,25.6,17.2,20.9,33.3,retrofitted
2022-06-03 12:59:00,8.09,17.14,4.1,22.6,4.0,77.7,25.6,17.2,20.9,33.3,retrofitted
2022-06-03 12:59:10,8.09,17.14,4.1,22.6,4.1,77.6,25.6,17.2,21.0,33.3,retrofitted
2022-06-03 12:59:20,8.02,16.99,4.0,22.6,4.0,76.9,25.6,17.4,21.0,33.3,retrofitted
2022-06-03 12:59:30,8.02,16.99,4.0,22.6,4.0,76.9,25.6,17.4,21.0,33.3,retrofitted
2022-06-03 12:59:40,8.09,17.14,4.0,22.5,4.0,77.6,25.6,17.5,21.0,33.3,retrofitted
2022-06-03 12:59:50,8.09,17.14,4.1,22.6,4.1,77.6,25.6,17.5,21.0,33.3,retrofitted
2022-06-03 13:00:00,8.09,17.14,4.1,22.6,4.1,77.6,25.6,17.5,21.0,33.3,retrofitted
2022-06-03 13:00:10,7.95,16.85,4.0,22.5,4.0,76.3,25.7,17.6,21.0,33.3,retrofitted
2022-06-03 13:00:20,8.08,17.11,4.0,22.5,4.1,77.4,25.7,17.4,21.0,33.3,retrofitted
2022-06-03 13:00:30,8.08,17.11,4.0,22.5,4.1,77.4,25.7,17.4,21.0,33.3,retrofitted
2022-06-03 13:00:40,8.04,17.04,4.0,22.6,4.0,77.0,25.7,17.4,21.0,33.3,retrofitted
2022-06-03 13:00:50,8.06,17.07,4.0,22.5,4.0,77.3,25.7,17.2,21.0,33.3,retrofitted
2022-06-03 13:01:00,8.06,17.07,4.0,22.5,4.0,77.3,25.7,17.2,21.0,33.3,retrofitted
2022-06-03 13:01:10,8.1,17.16,4.0,22.5,4.0,77.6,25.6,17.3,21.0,33.3,retrofitted
2022-06-03 13:01:20,8.07,17.09,4.0,22.6,4.0,77.4,25.6,17.4,21.0,33.3,retrofitted
2022-06-03 13:01:30,8.07,17.09,4.0,22.6,4.0,77.4,25.6,17.4,21.0,33.3,retrofitted
2022-06-03 13:01:40,8.09,17.14,3.9,22.5,3.9,77.6,25.6,17.4,21.0,33.3,retrofitted
2022-06-03 13:01:50,8.09,17.14,4.1,22.5,4.1,77.6,25.6,17.6,21.0,33.3,retrofitted
2022-06-03 13:02:00,8.09,17.14,4.1,22.5,4.1,77.6,25.6,17.6,21.0,33.3,retrofitted
2022-06-03 13:02:10,8.09,17.13,3.9,22.5,3.9,77.7,25.6,17.7,21.0,33.3,retrofitted
2022-06-03 13:02:20,8.1,17.16,3.9,22.6,4.0,77.5,25.7,17.7,21.0,33.3,retrofitted
2022-06-03 13:02:30,8.1,17.16,3.9,22.6,4.0,77.5,25.7,17.7,21.0,33.3,retrofitted
2022-06-03 13:02:40,8.02,16.99,4.1,22.5,4.1,77.1,25.7,17.7,21.0,33.3,retrofitted
2022-06-03 13:02:50,8.09,17.14,4.1,22.6,4.0,77.8,25.7,17.7,21.0,33.3,retrofitted
2022-06-03 13:03:00,8.09,17.14,4.1,22.6,4.0,77.8,25.7,17.7,21.0,33.3,retrofitted
2022-06-03 13:03:10,8.08,17.11,4.1,22.6,4.1,77.5,25.6,17.6,21.1,33.3,retrofitted
2022-06-03 13:03:20,8.0,16.95,4.2,22.6,4.2,76.8,25.6,17.6,21.0,33.3,retrofitted
2022-06-03 13:03:30,8.0,16.95,4.2,22.6,4.2,76.8,25.6,17.6,21.0,33.3,retrofitted
2022-06-03 13:03:40,8.1,17.16,4.1,22.5,4.1,77.6,25.6,17.4,21.0,33.3,retrofitted
2022-06-03 13:03:50,8.09,17.13,4.0,22.6,4.1,77.6,25.5,17.1,21.0,33.3,retrofitted
2022-06-03 13:04:00,8.09,17.13,4.0,22.6,4.1,77.6,25.5,17.1,21.0,33.3,retrofitted
2022-06-03 13:04:10,8.1,17.16,4.1,22.6,4.1,77.6,25.5,17.0,21.0,33.3,retrofitted
2022-06-03 13:04:20,8.04,17.04,4.0,22.6,4.0,77.3,25.6,17.1,21.0,33.3,retrofitted
2022-06-03 13:04:30,8.04,17.04,4.0,22.6,4.0,77.3,25.6,17.1,21.0,33.3,retrofitted
2022-06-03 13:04:40,8.09,17.13,4.1,22.5,4.1,77.6,25.6,16.9,21.0,33.3,retrofitted
2022-06-03 13:04:50,8.02,16.99,4.1,22.5,4.0,76.9,25.6,17.2,21.0,33.3,retrofitted
2022-06-03 13:05:00,8.02,16.99,4.1,22.5,4.0,76.9,25.6,17.2,21.0,33.3,retrofitted
2022-06-03 13:05:10,8.09,17.13,3.9,22.6,3.9,77.6,25.6,17.5,21.0,33.3,retrofitted
2022-06-03 13:05:20,8.1,17.16,4.1,22.5,4.1,77.6,25.5,17.7,21.0,33.3,retrofitted
2022-06-03 13:05:30,8.1,17.16,4.1,22.5,4.1,77.6,25.5,17.7,21.0,33.3,retrofitted
2022-06-03 13:05:40,8.05,17.06,4.0,22.6,4.0,77.3,25.6,17.8,21.0,33.3,retrofitted
2022-06-03 13:05:50,8.03,17.01,3.9,22.6,4.0,77.1,25.6,17.7,21.0,33.3,retrofitted
2022-06-03 13:06:00,8.03,17.01,3.9,22.6,4.0,77.1,25.6,17.7,21.0,33.3,retrofitted
2022-06-03 13:06:10,8.09,17.14,4.3,22.6,4.3,77.7,25.7,17.6,21.0,33.3,retrofitted
2022-06-03 13:06:20,8.09,17.13,5.7,22.5,5.8,77.6,25.7,17.8,21.0,33.3,retrofitted
2022-06-03 13:06:30,8.09,17.13,5.7,22.5,5.8,77.6,25.7,17.8,21.0,33.3,retrofitted
2022-06-03 13:06:40,8.09,17.14,7.2,22.5,7.2,77.6,25.7,17.3,20.7,33.3,retrofitted
2022-06-03 13:06:50,7.91,16.75,6.4,22.4,6.3,76.1,25.6,15.9,20.2,33.3,retrofitted
2022-06-03 13:07:00,7.91,16.75,6.4,22.4,6.3,76.1,25.6,15.9,20.2,33.3,retrofitted
2022-06-03 13:07:10,8.09,17.14,5.7,22.4,5.7,77.7,25.4,15.1,19.8,33.3,retrofitted
2022-06-03 13:07:20,8.06,17.07,5.0,22.4,5.0,77.1,25.4,14.7,19.8,33.3,retrofitted
2022-06-03 13:07:30,8.06,17.07,5.0,22.4,5.0,77.1,25.4,14.7,19.8,33.3,retrofitted
2022-06-03 13:07:40,8.09,17.14,4.6,22.3,4.6,77.6,25.3,15.2,19.9,33.3,retrofitted
2022-06-03 13:07:50,8.09,17.13,4.5,22.2,4.5,77.6,25.4,16.2,20.1,33.3,retrofitted
2022-06-03 13:08:00,8.09,17.13,4.5,22.2,4.5,77.6,25.4,16.2,20.1,33.3,retrofitted
2022-06-03 13:08:10,8.05,17.06,4.5,22.2,4.5,77.3,25.4,17.2,20.2,33.3,retrofitted
2022-06-03 13:08:20,8.03,17.02,4.3,22.2,4.3,77.1,25.3,17.8,20.2,33.3,retrofitted
2022-06-03 13:08:30,8.03,17.02,4.3,22.2,4.3,77.1,25.3,17.8,20.2,33.3,retrofitted
2022-06-03 13:08:40,8.1,17.16,4.3,22.2,4.3,77.8,25.4,17.8,20.4,33.3,retrofitted
2022-06-03 13:08:50,8.04,17.04,4.2,22.2,4.2,77.3,25.4,17.9,20.4,33.3,retrofitted
2022-06-03 13:09:00,8.04,17.04,4.2,22.2,4.2,77.3,25.4,17.9,20.4,33.3,retrofitted
2022-06-03 13:09:10,8.0,16.95,4.2,22.2,4.2,76.9,25.4,17.7,20.6,33.3,retrofitted
2022-06-03 13:09:20,8.09,17.14,4.1,22.2,4.2,77.6,25.3,17.3,20.6,33.3,retrofitted
2022-06-03 13:09:30,8.09,17.14,4.1,22.2,4.2,77.6,25.3,17.3,20.6,33.3,retrofitted
2022-06-03 13:09:40,7.96,16.87,3.9,22.2,3.9,76.4,25.4,17.2,20.7,33.3,retrofitted
2022-06-03 13:09:50,8.09,17.14,4.0,22.2,4.0,77.6,25.4,16.8,20.7,33.3,retrofitted
2022-06-03 13:10:00,8.09,17.14,4.0,22.2,4.0,77.6,25.4,16.8,20.7,33.3,retrofitted
2022-06-03 13:10:10,8.09,17.14,3.9,22.2,3.9,77.7,25.4,16.9,20.8,33.3,retrofitted
2022-06-03 13:10:20,8.08,17.11,3.9,22.2,3.9,77.3,25.4,17.1,20.9,33.3,retrofitted
2022-06-03 13:10:30,8.08,17.11,3.9,22.2,3.9,77.3,25.4,17.1,20.9,33.3,retrofitted
2022-06-03 13:10:40,8.09,17.14,3.9,22.3,3.9,77.6,25.4,17.2,20.8,33.3,retrofitted
2022-06-03 13:10:50,8.08,17.11,3.9,22.3,3.9,77.3,25.5,17.4,20.9,33.3,retrofitted
2022-06-03 13:11:00,8.08,17.11,3.9,22.3,3.9,77.3,25.5,17.4,20.9,33.3,retrofitted
2022-06-03 13:11:10,8.0,16.94,3.9,22.3,3.9,76.7,25.5,17.5,20.9,33.3,retrofitted
2022-06-03 13:11:20,7.98,16.9,3.9,22.3,3.8,76.6,25.6,17.6,20.9,33.3,retrofitted
2022-06-03 13:11:30,7.98,16.9,3.9,22.3,3.8,76.6,25.6,17.6,20.9,33.3,retrofitted
2022-06-03 13:11:40,8.0,16.95,3.8,22.3,3.8,76.8,25.5,17.6,20.9,33.3,retrofitted
2022-06-03 13:11:50,8.06,17.07,3.9,22.4,4.0,77.3,25.5,17.4,21.0,33.3,retrofitted
2022-06-03 13:12:00,8.06,17.07,3.9,22.4,4.0,77.3,25.5,17.4,21.0,33.3,retrofitted
2022-06-03 13:12:10,8.06,17.07,3.9,22.4,3.9,77.4,25.5,17.4,21.0,33.3,retrofitted
2022-06-03 13:12:20,8.03,17.02,3.8,22.4,3.9,77.1,25.4,17.4,21.0,33.3,retrofitted
2022-06-03 13:12:30,8.03,17.02,3.8,22.4,3.9,77.1,25.4,17.4,21.0,33.3,retrofitted
2022-06-03 13:12:40,8.0,16.95,3.9,22.4,3.9,76.8,25.5,17.3,21.0,33.3,retrofitted
2022-06-03 13:12:50,8.11,17.18,3.9,22.4,3.9,77.8,25.5,17.4,21.0,33.3,retrofitted
2022-06-03 13:13:00,8.11,17.18,3.9,22.4,3.9,77.8,25.5,17.4,21.0,33.3,retrofitted
2022-06-03 13:13:10,8.01,16.97,3.8,22.5,3.8,76.9,25.6,17.5,21.0,33.3,retrofitted
2022-06-03 13:13:20,8.1,17.16,3.9,22.5,4.0,77.7,25.6,17.4,21.0,33.3,retrofitted
2022-06-03 13:13:30,8.1,17.16,3.9,22.5,4.0,77.7,25.6,17.4,21.0,33.3,retrofitted
2022-06-03 13:13:40,8.04,17.04,3.9,22.6,3.9,77.1,25.6,17.6,21.1,33.3,retrofitted
2022-06-03 13:13:50,8.11,17.18,3.9,22.5,3.9,77.7,25.6,17.4,21.0,33.3,retrofitted
2022-06-03 13:14:00,8.11,17.18,3.9,22.5,3.9,77.7,25.6,17.4,21.0,33.3,retrofitted
2022-06-03 13:14:10,8.09,17.14,3.9,22.6,3.9,77.6,25.7,17.4,21.1,33.3,retrofitted
2022-06-03 13:14:20,8.09,17.14,3.8,22.5,3.9,77.6,25.6,17.3,21.1,33.3,retrofitted
2022-06-03 13:14:30,8.09,17.14,3.8,22.5,3.9,77.6,25.6,17.3,21.1,33.3,retrofitted
2022-06-03 13:14:40,7.9,16.73,3.9,22.4,3.9,75.8,25.6,17.4,21.0,33.3,retrofitted
2022-06-03 13:14:50,8.11,17.18,3.9,22.6,3.9,77.8,25.6,17.2,21.0,33.3,retrofitted
2022-06-03 13:15:00,8.11,17.18,3.9,22.6,3.9,77.8,25.6,17.2,21.0,33.3,retrofitted
2022-06-03 13:15:10,8.1,17.16,4.0,22.5,4.0,77.7,25.7,17.3,21.0,33.3,retrofitted
2022-06-03 13:15:20,8.04,17.04,4.0,22.5,4.0,77.1,25.6,17.4,21.0,33.3,retrofitted
2022-06-03 13:15:30,8.04,17.04,4.0,22.5,4.0,77.1,25.6,17.4,21.0,33.3,retrofitted
2022-06-03 13:15:40,8.01,16.97,3.9,22.6,3.9,76.9,25.6,17.4,21.0,33.3,retrofitted
2022-06-03 13:15:50,8.1,17.16,3.9,22.6,3.9,77.7,25.6,17.4,21.0,33.3,retrofitted
2022-06-03 13:16:00,8.1,17.16,3.9,22.6,3.9,77.7,25.6,17.4,21.0,33.3,retrofitted
2022-06-03 13:16:10,8.07,17.09,3.9,22.6,3.9,77.4,25.5,17.5,21.1,33.3,retrofitted
2022-06-03 13:16:20,8.09,17.13,3.9,22.6,4.0,77.6,25.5,17.7,21.1,33.3,retrofitted
2022-06-03 13:16:30,8.09,17.13,3.9,22.6,4.0,77.6,25.5,17.7,21.1,33.3,retrofitted
2022-06-03 13:16:40,8.08,17.11,3.9,22.5,3.9,77.6,25.5,17.6,21.1,33.3,retrofitted
2022-06-03 13:16:50,8.04,17.04,3.9,22.5,3.9,77.3,25.6,17.5,21.0,33.3,retrofitted
2022-06-03 13:17:00,8.04,17.04,3.9,22.5,3.9,77.3,25.6,17.5,21.0,33.3,retrofitted
2022-06-03 13:17:10,8.06,17.07,4.0,22.6,4.0,77.4,25.6,17.4,21.0,33.3,retrofitted
2022-06-03 13:17:20,8.05,17.06,4.0,22.6,4.0,77.1,25.6,17.5,21.1,33.3,retrofitted
2022-06-03 13:17:30,8.05,17.06,4.0,22.6,4.0,77.1,25.6,17.5,21.1,33.3,retrofitted
2022-06-03 13:17:40,8.03,17.02,4.0,22.6,4.0,77.1,25.6,17.3,21.1,33.3,retrofitted
2022-06-03 13:17:50,8.05,17.06,4.1,22.6,4.1,77.3,25.6,17.2,21.0,33.3,retrofitted
2022-06-03 13:18:00,8.05,17.06,4.1,22.6,4.1,77.3,25.6,17.2,21.0,33.3,retrofitted
2022-06-03 13:18:10,8.07,17.09,3.9,22.6,3.9,77.4,25.6,17.4,21.0,33.3,retrofitted
2022-06-03 13:18:20,8.06,17.07,4.0,22.6,4.1,77.3,25.6,17.3,21.0,33.3,retrofitted
2022-06-03 13:18:30,8.06,17.07,4.0,22.6,4.1,77.3,25.6,17.3,21.0,33.3,retrofitted
2022-06-03 13:18:40,8.02,16.99,4.0,22.5,4.0,76.9,25.6,17.4,21.0,33.3,retrofitted
2022-06-03 13:18:50,8.03,17.02,4.0,22.6,4.0,77.1,25.5,17.4,21.0,33.3,retrofitted
2022-06-03 13:19:00,8.03,17.02,4.0,22.6,4.0,77.1,25.5,17.4,21.0,33.3,retrofitted
2022-06-03 13:19:10,8.06,17.07,4.2,22.6,4.2,77.3,25.4,17.3,21.1,33.3,retrofitted
2022-06-03 13:19:20,8.0,16.94,3.9,22.6,3.9,76.7,25.5,17.4,21.0,33.3,retrofitted
2022-06-03 13:19:30,8.0,16.94,3.9,22.6,3.9,76.7,25.5,17.4,21.0,33.3,retrofitted
2022-06-03 13:19:40,8.07,17.09,4.0,22.6,4.0,77.4,25.6,17.2,21.0,33.3,retrofitted
2022-06-03 13:19:50,8.05,17.06,4.0,22.6,4.0,77.3,25.6,17.3,21.0,33.3,retrofitted
2022-06-03 13:20:00,8.05,17.06,4.0,22.6,4.0,77.3,25.6,17.3,21.0,33.3,retrofitted
2022-06-03 13:20:10,8.02,16.99,3.9,22.6,3.9,76.8,25.6,17.5,21.0,33.3,retrofitted
2022-06-03 13:20:20,8.09,17.13,4.0,22.6,4.0,77.6,25.7,17.4,21.0,33.3,retrofitted
2022-06-03 13:20:30,8.09,17.13,4.0,22.6,4.0,77.6,25.7,17.4,21.0,33.3,retrofitted
2022-06-03 13:20:40,8.09,17.13,4.1,22.6,4.1,77.5,25.7,17.3,21.1,33.3,retrofitted
2022-06-03 13:20:50,8.07,17.09,4.0,22.5,4.0,77.4,25.6,17.3,21.1,33.3,retrofitted
2022-06-03 13:21:00,8.07,17.09,4.0,22.5,4.0,77.4,25.6,17.3,21.1,33.3,retrofitted
2022-06-03 13:21:10,8.09,17.14,4.0,22.6,4.0,77.6,25.6,17.4,21.0,33.3,retrofitted
2022-06-03 13:21:20,8.08,17.11,4.0,22.5,4.1,77.5,25.6,17.4,21.0,33.3,retrofitted
2022-06-03 13:21:30,8.08,17.11,4.0,22.5,4.1,77.5,25.6,17.4,21.0,33.3,retrofitted
2022-06-03 13:21:40,8.08,17.11,4.0,22.6,4.0,77.3,25.6,17.6,21.0,33.3,retrofitted
2022-06-03 13:21:50,8.1,17.16,4.1,22.6,4.0,77.7,25.6,17.6,21.0,33.3,retrofitted
2022-06-03 13:22:00,8.1,17.16,4.1,22.6,4.0,77.7,25.6,17.6,21.0,33.3,retrofitted
2022-06-03 13:22:10,8.06,17.07,4.0,22.6,4.0,77.6,25.6,17.4,21.0,33.3,retrofitted
2022-06-03 13:22:20,8.04,17.04,4.0,22.6,4.1,77.1,25.7,17.3,21.1,33.3,retrofitted
2022-06-03 13:22:30,8.04,17.04,4.0,22.6,4.1,77.1,25.7,17.3,21.1,33.3,retrofitted
2022-06-03 13:22:40,8.07,17.09,3.9,22.6,3.9,77.4,25.6,17.3,21.1,33.3,retrofitted
2022-06-03 13:22:50,8.11,17.18,4.1,22.6,4.1,77.8,25.6,17.3,21.0,33.3,retrofitted
2022-06-03 13:23:00,8.11,17.18,4.1,22.6,4.1,77.8,25.6,17.3,21.0,33.3,retrofitted
2022-06-03 13:23:10,8.04,17.04,4.0,22.5,4.0,77.3,25.5,17.3,21.1,33.3,retrofitted
2022-06-03 13:23:20,8.03,17.01,4.1,22.5,4.1,76.9,25.6,17.3,21.0,33.3,retrofitted
2022-06-03 13:23:30,8.03,17.01,4.1,22.5,4.1,76.9,25.6,17.3,21.0,33.3,retrofitted
2022-06-03 13:23:40,8.0,16.95,4.0,22.5,4.0,76.9,25.6,17.2,21.0,33.3,retrofitted
2022-06-03 13:23:50,8.1,17.16,3.9,22.6,3.9,77.7,25.6,17.2,21.0,33.3,retrofitted
2022-06-03 13:24:00,8.1,17.16,3.9,22.6,3.9,77.7,25.6,17.2,21.0,33.3,retrofitted
2022-06-03 13:24:10,8.09,17.13,3.9,22.5,3.9,77.6,25.6,17.4,21.0,33.3,retrofitted
2022-06-03 13:24:20,8.08,17.11,4.0,22.6,4.0,77.5,25.6,17.6,21.0,33.3,retrofitted
2022-06-03 13:24:30,8.08,17.11,4.0,22.6,4.0,77.5,25.6,17.6,21.0,33.3,retrofitted
2022-06-03 13:24:40,8.1,17.16,4.1,22.4,4.1,77.7,25.7,17.6,21.1,33.3,retrofitted
2022-06-03 13:24:50,8.03,17.01,4.1,22.6,4.1,76.9,25.6,17.6,21.1,33.3,retrofitted
2022-06-03 13:25:00,8.03,17.01,4.1,22.6,4.1,76.9,25.6,17.6,21.1,33.3,retrofitted
2022-06-03 13:25:10,8.0,16.94,4.0,22.6,4.0,76.9,25.6,17.5,21.0,33.3,retrofitted
2022-06-03 13:25:20,8.03,17.02,4.1,22.6,4.1,77.1,25.6,17.4,21.0,33.3,retrofitted
2022-06-03 13:25:30,8.03,17.02,4.1,22.6,4.1,77.1,25.6,17.4,21.0,33.3,retrofitted
2022-06-03 13:25:40,8.03,17.02,4.1,22.6,4.1,77.1,25.7,17.4,21.0,33.3,retrofitted
2022-06-03 13:25:50,8.09,17.13,4.1,22.6,4.1,77.6,25.7,17.3,21.0,33.3,retrofitted
2022-06-03 13:26:00,8.09,17.13,4.1,22.6,4.1,77.6,25.7,17.3,21.0,33.3,retrofitted
2022-06-03 13:26:10,8.04,17.04,4.0,22.5,4.0,77.1,25.6,17.3,21.0,33.3,retrofitted
2022-06-03 13:26:20,8.03,17.02,4.1,22.5,4.1,77.0,25.7,17.3,21.0,33.3,retrofitted
2022-06-03 13:26:30,8.03,17.02,4.1,22.5,4.1,77.0,25.7,17.3,21.0,33.3,retrofitted
2022-06-03 13:26:40,8.11,17.18,4.1,22.5,4.1,77.7,25.6,17.3,21.0,33.3,retrofitted
2022-06-03 13:26:50,8.09,17.14,4.1,22.4,4.2,77.6,25.6,17.3,21.0,33.3,retrofitted
2022-06-03 13:27:00,8.09,17.14,4.1,22.4,4.2,77.6,25.6,17.3,21.0,33.3,retrofitted
2022-06-03 13:27:10,8.02,16.99,4.1,22.6,4.1,76.9,25.6,17.4,21.0,33.3,retrofitted
2022-06-03 13:27:20,8.09,17.14,4.0,22.5,4.0,77.6,25.6,17.3,20.9,33.3,retrofitted
2022-06-03 13:27:30,8.09,17.14,4.0,22.5,4.0,77.6,25.6,17.3,20.9,33.3,retrofitted
2022-06-03 13:27:40,8.11,17.18,4.1,22.6,4.1,77.8,25.6,17.3,21.0,33.3,retrofitted
2022-06-03 13:27:50,8.08,17.11,4.2,22.5,4.1,77.4,25.4,17.3,21.0,33.3,retrofitted
2022-06-03 13:28:00,8.08,17.11,4.2,22.5,4.1,77.4,25.4,17.3,21.0,33.3,retrofitted
2022-06-03 13:28:10,8.11,17.19,4.1,22.5,4.1,77.8,25.6,16.9,21.0,33.3,retrofitted
2022-06-03 13:28:20,8.06,17.07,4.2,22.6,4.2,77.3,25.6,16.8,21.0,33.3,retrofitted
2022-06-03 13:28:30,8.06,17.07,4.2,22.6,4.2,77.3,25.6,16.8,21.0,33.3,retrofitted
2022-06-03 13:28:40,8.04,17.04,4.0,22.5,4.0,77.3,25.5,16.9,21.0,33.3,retrofitted
2022-06-03 13:28:50,8.09,17.13,4.0,22.4,4.0,77.6,25.5,16.9,21.0,33.3,retrofitted
2022-06-03 13:29:00,8.09,17.13,4.0,22.4,4.0,77.6,25.5,16.9,21.0,33.3,retrofitted
2022-06-03 13:29:10,8.04,17.04,4.0,22.4,4.0,77.1,25.6,17.1,21.0,33.3,retrofitted
2022-06-03 13:29:20,8.08,17.11,4.0,22.5,4.0,77.5,25.6,17.2,21.0,33.3,retrofitted
2022-06-03 13:29:30,8.08,17.11,4.0,22.5,4.0,77.5,25.6,17.2,21.0,33.3,retrofitted
2022-06-03 13:29:40,8.09,17.13,4.0,22.5,4.0,77.5,25.5,17.3,21.0,33.3,retrofitted
2022-06-03 13:29:50,8.06,17.07,4.0,22.5,4.0,77.4,25.6,17.4,21.0,33.3,retrofitted
2022-06-03 13:30:00,8.06,17.07,4.0,22.5,4.0,77.4,25.6,17.4,21.0,33.3,retrofitted
2022-06-03 13:30:10,8.09,17.13,4.0,22.5,4.0,77.6,25.6,17.4,21.0,33.3,retrofitted
2022-06-03 13:30:20,8.03,17.02,4.0,22.6,4.0,77.1,25.5,17.4,21.0,33.3,retrofitted
2022-06-03 13:30:30,8.03,17.02,4.0,22.6,4.0,77.1,25.5,17.4,21.0,33.3,retrofitted
2022-06-03 13:30:40,8.04,17.04,4.0,22.5,4.0,77.1,25.6,17.4,21.0,33.3,retrofitted
2022-06-03 13:30:50,8.11,17.18,4.0,22.6,4.0,77.8,25.6,17.3,21.0,33.3,retrofitted
2022-06-03 13:31:00,8.11,17.18,4.0,22.6,4.0,77.8,25.6,17.3,21.0,33.3,retrofitted
2022-06-03 13:31:10,8.06,17.07,4.1,22.5,4.1,77.4,25.6,17.2,21.0,33.3,retrofitted
2022-06-03 13:31:20,8.05,17.06,4.1,22.6,4.1,77.3,25.5,17.1,21.1,33.3,retrofitted
2022-06-03 13:31:30,8.05,17.06,4.1,22.6,4.1,77.3,25.5,17.1,21.1,33.3,retrofitted
2022-06-03 13:31:40,8.09,17.14,4.1,22.6,4.1,77.7,25.6,17.1,21.0,33.3,retrofitted
2022-06-03 13:31:50,8.12,17.21,4.0,22.6,4.0,77.9,25.6,17.3,21.0,33.3,retrofitted
2022-06-03 13:32:00,8.12,17.21,4.0,22.6,4.0,77.9,25.6,17.3,21.0,33.3,retrofitted
2022-06-03 13:32:10,8.11,17.18,4.0,22.6,4.0,77.8,25.6,17.6,21.0,33.3,retrofitted
2022-06-03 13:32:20,8.05,17.06,4.0,22.6,4.0,77.3,25.7,17.7,21.0,33.3,retrofitted
2022-06-03 13:32:30,8.05,17.06,4.0,22.6,4.0,77.3,25.7,17.7,21.0,33.3,retrofitted
2022-06-03 13:32:40,8.09,17.13,4.0,22.6,4.0,77.6,25.7,17.6,21.0,33.3,retrofitted
2022-06-03 13:32:50,8.1,17.16,4.1,22.6,4.1,77.6,25.6,17.5,21.1,33.3,retrofitted
2022-06-03 13:33:00,8.1,17.16,4.1,22.6,4.1,77.6,25.6,17.5,21.1,33.3,retrofitted
2022-06-03 13:33:10,8.01,16.97,4.2,22.6,4.2,76.9,25.6,17.6,21.1,33.3,retrofitted
2022-06-03 13:33:20,8.0,16.95,4.1,22.6,4.1,76.8,25.6,17.4,21.0,33.3,retrofitted
2022-06-03 13:33:30,8.0,16.95,4.1,22.6,4.1,76.8,25.6,17.4,21.0,33.3,retrofitted
2022-06-03 13:33:40,8.09,17.13,4.0,22.6,4.0,77.6,25.6,17.3,21.1,33.3,retrofitted
2022-06-03 13:33:50,8.11,17.18,4.1,22.6,4.1,77.8,25.6,17.3,21.1,33.3,retrofitted
2022-06-03 13:34:00,8.11,17.18,4.1,22.6,4.1,77.8,25.6,17.3,21.1,33.3,retrofitted
2022-06-03 13:34:10,8.11,17.18,4.0,22.5,4.0,77.8,25.6,17.4,21.0,33.3,retrofitted
2022-06-03 13:34:20,8.1,17.16,4.0,22.6,4.0,77.7,25.6,17.2,21.0,33.3,retrofitted
2022-06-03 13:34:30,8.1,17.16,4.0,22.6,4.0,77.7,25.6,17.2,21.0,33.3,retrofitted
2022-06-03 13:34:40,8.03,17.02,3.9,22.5,3.9,77.3,25.7,17.1,21.0,33.3,retrofitted
2022-06-03 13:34:50,8.03,17.02,4.2,22.5,4.2,77.1,25.6,17.3,21.0,33.3,retrofitted
2022-06-03 13:35:00,8.03,17.02,4.2,22.5,4.2,77.1,25.6,17.3,21.0,33.3,retrofitted
2022-06-03 13:35:10,8.01,16.97,4.0,22.5,4.0,76.9,25.7,17.5,21.0,33.3,retrofitted
2022-06-03 13:35:20,8.11,17.18,4.0,22.5,4.0,77.8,25.7,17.5,20.9,33.3,retrofitted
2022-06-03 13:35:30,8.11,17.18,4.0,22.5,4.0,77.8,25.7,17.5,20.9,33.3,retrofitted
2022-06-03 13:35:40,8.05,17.06,4.1,22.5,4.1,77.3,25.6,17.5,21.1,33.3,retrofitted
2022-06-03 13:35:50,8.11,17.19,4.1,22.5,4.1,77.9,25.6,17.6,21.1,33.3,retrofitted
2022-06-03 13:36:00,8.11,17.19,4.1,22.5,4.1,77.9,25.6,17.6,21.1,33.3,retrofitted
2022-06-03 13:36:10,8.1,17.16,4.1,22.5,4.1,77.7,25.6,17.6,21.1,33.3,retrofitted
2022-06-03 13:36:20,8.02,16.99,4.0,22.5,4.0,77.1,25.6,17.4,21.0,33.3,retrofitted
2022-06-03 13:36:30,8.02,16.99,4.0,22.5,4.0,77.1,25.6,17.4,21.0,33.3,retrofitted
2022-06-03 13:36:40,8.08,17.11,4.1,22.5,4.1,77.6,25.5,17.2,21.0,33.3,retrofitted
2022-06-03 13:36:50,8.05,17.06,4.1,22.6,4.1,77.3,25.5,17.3,21.0,33.3,retrofitted
2022-06-03 13:37:00,8.05,17.06,4.1,22.6,4.1,77.3,25.5,17.3,21.0,33.3,retrofitted
2022-06-03 13:37:10,8.05,17.06,4.1,22.5,4.1,77.3,25.6,17.3,21.0,33.3,retrofitted
2022-06-03 13:37:20,8.06,17.07,4.2,22.6,4.1,77.3,25.6,17.4,21.0,33.3,retrofitted
2022-06-03 13:37:30,8.06,17.07,4.2,22.6,4.1,77.3,25.6,17.4,21.0,33.3,retrofitted
2022-06-03 13:37:40,8.04,17.04,4.0,22.6,4.0,76.9,25.7,17.6,21.0,33.3,retrofitted
2022-06-03 13:37:50,8.06,17.07,4.1,22.6,4.1,77.5,25.6,17.4,21.0,33.3,retrofitted
2022-06-03 13:38:00,8.06,17.07,4.1,22.6,4.1,77.5,25.6,17.4,21.0,33.3,retrofitted
2022-06-03 13:38:10,8.11,17.18,4.2,22.6,4.2,77.7,25.6,17.3,21.0,33.3,retrofitted
2022-06-03 13:38:20,8.04,17.04,4.2,22.6,4.2,77.1,25.6,17.2,21.0,33.3,retrofitted
2022-06-03 13:38:30,8.04,17.04,4.2,22.6,4.2,77.1,25.6,17.2,21.0,33.3,retrofitted
2022-06-03 13:38:40,8.06,17.07,4.1,22.5,4.1,77.3,25.6,17.1,21.0,33.3,retrofitted
2022-06-03 13:38:50,7.96,16.87,3.9,22.6,3.9,76.4,25.6,17.0,21.0,33.3,retrofitted
2022-06-03 13:39:00,7.96,16.87,3.9,22.6,3.9,76.4,25.6,17.0,21.0,33.3,retrofitted
2022-06-03 13:39:10,8.09,17.14,4.2,22.6,4.2,77.6,25.6,17.2,21.0,33.3,retrofitted
2022-06-03 13:39:20,8.05,17.06,4.1,22.5,4.1,77.3,25.7,17.4,21.0,33.3,retrofitted
2022-06-03 13:39:30,8.05,17.06,4.1,22.5,4.1,77.3,25.7,17.4,21.0,33.3,retrofitted
2022-06-03 13:39:40,8.04,17.04,4.0,22.6,4.0,77.1,25.6,17.4,21.0,33.3,retrofitted
2022-06-03 13:39:50,8.11,17.18,4.0,22.6,4.0,77.9,25.7,17.2,21.0,33.3,retrofitted
2022-06-03 13:40:00,8.11,17.18,4.0,22.6,4.0,77.9,25.7,17.2,21.0,33.3,retrofitted
2022-06-03 13:40:10,8.11,17.19,4.0,22.6,4.0,77.9,25.6,17.1,21.0,33.3,retrofitted
2022-06-03 13:40:20,8.08,17.11,4.1,22.6,4.1,77.5,25.6,17.1,21.0,33.3,retrofitted
2022-06-03 13:40:30,8.08,17.11,4.1,22.6,4.1,77.5,25.6,17.1,21.0,33.3,retrofitted
2022-06-03 13:40:40,8.09,17.13,4.1,22.5,4.1,77.6,25.7,17.2,21.1,33.3,retrofitted
2022-06-03 13:40:50,8.09,17.13,4.0,22.5,4.0,77.7,25.5,17.2,21.0,33.3,retrofitted
2022-06-03 13:41:00,8.09,17.13,4.0,22.5,4.0,77.7,25.5,17.2,21.0,33.3,retrofitted
2022-06-03 13:41:10,8.09,17.14,4.0,22.5,4.0,77.7,25.7,17.3,21.0,33.3,retrofitted
2022-06-03 13:41:20,8.05,17.06,4.0,22.6,4.1,77.3,25.6,17.7,21.0,33.3,retrofitted
2022-06-03 13:41:30,8.05,17.06,4.0,22.6,4.1,77.3,25.6,17.7,21.0,33.3,retrofitted
2022-06-03 13:41:40,8.06,17.07,3.9,22.6,3.9,77.3,25.6,17.7,21.0,33.3,retrofitted
2022-06-03 13:41:50,8.11,17.19,4.1,22.5,4.1,77.9,25.6,17.6,21.1,33.3,retrofitted
2022-06-03 13:42:00,8.11,17.19,4.1,22.5,4.1,77.9,25.6,17.6,21.1,33.3,retrofitted
2022-06-03 13:42:10,8.11,17.19,4.1,22.6,4.1,77.9,25.6,17.7,21.1,33.3,retrofitted
2022-06-03 13:42:20,8.09,17.13,4.0,22.6,4.1,77.6,25.6,17.6,21.0,33.3,retrofitted
2022-06-03 13:42:30,8.09,17.13,4.0,22.6,4.1,77.6,25.6,17.6,21.0,33.3,retrofitted
2022-06-03 13:42:40,8.08,17.11,4.1,22.6,4.1,77.5,25.6,17.3,21.1,33.3,retrofitted
2022-06-03 13:42:50,8.11,17.18,4.0,22.6,4.0,77.8,25.6,17.4,21.0,33.3,retrofitted
2022-06-03 13:43:00,8.11,17.18,4.0,22.6,4.0,77.8,25.6,17.4,21.0,33.3,retrofitted
2022-06-03 13:43:10,8.05,17.06,4.0,22.5,4.0,77.3,25.6,17.5,21.0,33.3,retrofitted
2022-06-03 13:43:20,8.05,17.06,4.1,22.5,4.1,77.3,25.6,17.6,21.0,33.3,retrofitted
2022-06-03 13:43:30,8.05,17.06,4.1,22.5,4.1,77.3,25.6,17.6,21.0,33.3,retrofitted
2022-06-03 13:43:40,8.11,17.18,4.1,22.5,4.1,77.8,25.7,17.4,21.1,33.3,retrofitted
2022-06-03 13:43:50,8.09,17.14,4.1,22.6,4.1,77.6,25.6,17.3,21.0,33.3,retrofitted
2022-06-03 13:44:00,8.09,17.14,4.1,22.6,4.1,77.6,25.6,17.3,21.0,33.3,retrofitted
2022-06-03 13:44:10,8.08,17.11,4.2,22.5,4.2,77.5,25.6,17.1,21.0,33.3,retrofitted
2022-06-03 13:44:20,8.06,17.07,4.0,22.6,4.0,77.3,25.6,17.2,21.0,33.3,retrofitted
2022-06-03 13:44:30,8.06,17.07,4.0,22.6,4.0,77.3,25.6,17.2,21.0,33.3,retrofitted
2022-06-03 13:44:40,8.03,17.01,4.1,22.6,4.1,77.1,25.6,17.3,21.0,33.3,retrofitted
2022-06-03 13:44:50,7.97,16.89,4.0,22.6,4.1,76.4,25.5,17.3,21.0,33.3,retrofitted
2022-06-03 13:45:00,7.97,16.89,4.0,22.6,4.1,76.4,25.5,17.3,21.0,33.3,retrofitted
2022-06-03 13:45:10,8.06,17.07,4.2,22.5,4.2,77.3,25.5,17.2,21.0,33.3,retrofitted
2022-06-03 13:45:20,8.05,17.06,4.1,22.5,4.1,77.3,25.6,17.1,21.0,33.3,retrofitted
2022-06-03 13:45:30,8.05,17.06,4.1,22.5,4.1,77.3,25.6,17.1,21.0,33.3,retrofitted
2022-06-03 13:45:40,8.09,17.13,4.1,22.5,4.1,77.6,25.5,17.1,21.0,33.3,retrofitted
2022-06-03 13:45:50,8.08,17.11,4.0,22.5,4.0,77.5,25.6,17.1,21.0,33.3,retrofitted
2022-06-03 13:46:00,8.08,17.11,4.0,22.5,4.0,77.5,25.6,17.1,21.0,33.3,retrofitted
2022-06-03 13:46:10,8.07,17.09,4.0,22.4,4.0,77.5,25.5,17.2,20.9,33.3,retrofitted
2022-06-03 13:46:20,8.11,17.18,4.2,22.4,4.2,77.8,25.4,17.2,21.0,33.3,retrofitted
2022-06-03 13:46:30,8.11,17.18,4.2,22.4,4.2,77.8,25.4,17.2,21.0,33.3,retrofitted
2022-06-03 13:46:40,8.11,17.18,4.0,22.5,4.0,77.8,25.4,17.3,21.0,33.3,retrofitted
2022-06-03 13:46:50,8.11,17.19,4.1,22.5,4.1,77.9,25.5,17.3,21.0,33.3,retrofitted
2022-06-03 13:47:00,8.11,17.19,4.1,22.5,4.1,77.9,25.5,17.3,21.0,33.3,retrofitted
2022-06-03 13:47:10,8.03,17.01,4.1,22.4,4.1,77.0,25.7,17.5,21.0,33.3,retrofitted
2022-06-03 13:47:20,8.09,17.13,4.0,22.6,3.9,77.7,25.6,17.6,21.0,33.3,retrofitted
2022-06-03 13:47:30,8.09,17.13,4.0,22.6,3.9,77.7,25.6,17.6,21.0,33.3,retrofitted
2022-06-03 13:47:40,8.11,17.19,4.1,22.5,4.1,77.8,25.6,17.5,21.0,33.3,retrofitted
2022-06-03 13:47:50,8.05,17.06,4.1,22.5,4.1,77.3,25.7,17.5,21.0,33.3,retrofitted
2022-06-03 13:48:00,8.05,17.06,4.1,22.5,4.1,77.3,25.7,17.5,21.0,33.3,retrofitted
2022-06-03 13:48:10,8.0,16.94,4.0,22.5,4.0,76.7,25.7,17.2,21.0,33.3,retrofitted
2022-06-03 13:48:20,8.05,17.06,4.2,22.5,4.2,77.3,25.6,16.9,21.0,33.3,retrofitted
2022-06-03 13:48:30,8.05,17.06,4.2,22.5,4.2,77.3,25.6,16.9,21.0,33.3,retrofitted
2022-06-03 13:48:40,8.09,17.13,4.1,22.4,4.1,77.6,25.7,17.1,20.9,33.3,retrofitted
2022-06-03 13:48:50,8.07,17.09,4.0,22.5,4.0,77.5,25.6,17.0,21.0,33.3,retrofitted
2022-06-03 13:49:00,8.07,17.09,4.0,22.5,4.0,77.5,25.6,17.0,21.0,33.3,retrofitted
2022-06-03 13:49:10,8.05,17.06,4.1,22.5,4.1,77.3,25.6,17.1,21.0,33.3,retrofitted
2022-06-03 13:49:20,8.1,17.16,4.1,22.5,4.0,77.7,25.6,17.3,21.0,33.3,retrofitted
2022-06-03 13:49:30,8.1,17.16,4.1,22.5,4.0,77.7,25.6,17.3,21.0,33.3,retrofitted
2022-06-03 13:49:40,8.09,17.13,4.0,22.5,4.0,77.6,25.6,17.2,21.0,33.3,retrofitted
2022-06-03 13:49:50,8.09,17.13,4.2,22.5,4.2,77.6,25.6,17.2,21.0,33.3,retrofitted
2022-06-03 13:50:00,8.09,17.13,4.2,22.5,4.2,77.6,25.6,17.2,21.0,33.3,retrofitted
2022-06-03 13:50:10,8.03,17.01,4.0,22.6,4.0,77.0,25.7,17.2,21.0,33.3,retrofitted
2022-06-03 13:50:20,8.08,17.11,4.0,22.5,4.0,77.5,25.6,17.2,21.0,33.3,retrofitted
2022-06-03 13:50:30,8.08,17.11,4.0,22.5,4.0,77.5,25.6,17.2,21.0,33.3,retrofitted
2022-06-03 13:50:40,8.08,17.11,4.0,22.6,4.0,77.6,25.6,17.3,21.0,33.3,retrofitted
2022-06-03 13:50:50,8.03,17.01,4.0,22.5,4.0,77.1,25.6,17.4,21.1,33.3,retrofitted
2022-06-03 13:51:00,8.03,17.01,4.0,22.5,4.0,77.1,25.6,17.4,21.1,33.3,retrofitted
2022-06-03 13:51:10,8.11,17.18,4.1,22.6,4.1,77.9,25.7,17.3,21.0,33.3,retrofitted
2022-06-03 13:51:20,8.12,17.21,4.1,22.6,4.1,77.9,25.7,17.4,21.0,33.3,retrofitted
2022-06-03 13:51:30,8.12,17.21,4.1,22.6,4.1,77.9,25.7,17.4,21.0,33.3,retrofitted
2022-06-03 13:51:40,8.03,17.01,4.1,22.5,4.1,77.0,25.6,17.6,20.9,33.3,retrofitted
2022-06-03 13:51:50,8.07,17.09,4.0,22.6,4.0,77.4,25.6,17.6,21.0,33.3,retrofitted
2022-06-03 13:52:00,8.07,17.09,4.0,22.6,4.0,77.4,25.6,17.6,21.0,33.3,retrofitted
2022-06-03 13:52:10,8.08,17.11,4.1,22.5,4.1,77.4,25.6,17.6,21.0,33.3,retrofitted
2022-06-03 13:52:20,8.09,17.14,4.1,22.6,4.1,77.7,25.5,17.7,21.0,33.3,retrofitted
2022-06-03 13:52:30,8.09,17.14,4.1,22.6,4.1,77.7,25.5,17.7,21.0,33.3,retrofitted
2022-06-03 13:52:40,8.0,16.95,4.1,22.6,4.1,76.7,25.6,17.7,21.0,33.3,retrofitted
2022-06-03 13:52:50,8.11,17.18,4.8,22.6,4.9,77.8,25.6,17.5,21.0,33.3,retrofitted
2022-06-03 13:53:00,8.11,17.18,4.8,22.6,4.9,77.8,25.6,17.5,21.0,33.3,retrofitted
2022-06-03 13:53:10,8.12,17.21,6.6,22.6,6.6,77.9,25.6,17.6,20.9,33.3,retrofitted
2022-06-03 13:53:20,7.98,16.9,7.0,22.6,6.8,76.6,25.6,16.7,20.4,33.3,retrofitted
2022-06-03 13:53:30,7.98,16.9,7.0,22.6,6.8,76.6,25.6,16.7,20.4,33.4,retrofitted
2022-06-03 13:53:40,7.97,16.89,6.0,22.5,6.0,76.4,25.5,15.4,19.9,33.4,retrofitted
2022-06-03 13:53:50,8.1,17.16,5.4,22.4,5.3,77.6,25.4,14.8,19.8,33.4,retrofitted
2022-06-03 13:54:00,8.1,17.16,5.4,22.4,5.3,77.6,25.4,14.8,19.8,33.3,retrofitted
2022-06-03 13:54:10,8.06,17.07,4.8,22.3,4.8,77.3,25.3,14.9,19.9,33.3,retrofitted
2022-06-03 13:54:20,8.09,17.13,4.7,22.2,4.7,77.6,25.3,15.8,20.0,33.3,retrofitted
2022-06-03 13:54:30,8.09,17.13,4.7,22.2,4.7,77.6,25.3,15.8,20.0,33.3,retrofitted
2022-06-03 13:54:40,8.03,17.02,4.4,22.2,4.4,77.1,25.4,16.8,20.1,33.3,retrofitted
2022-06-03 13:54:50,8.07,17.09,4.4,22.1,4.4,77.4,25.3,17.4,20.2,33.3,retrofitted
2022-06-03 13:55:00,8.07,17.09,4.4,22.1,4.4,77.4,25.3,17.4,20.2,33.3,retrofitted
2022-06-03 13:55:10,8.11,17.18,4.3,22.2,4.3,77.8,25.3,17.9,20.3,33.3,retrofitted
2022-06-03 13:55:20,8.1,17.16,4.3,22.2,4.3,77.6,25.3,17.8,20.4,33.3,retrofitted
2022-06-03 13:55:30,8.1,17.16,4.3,22.2,4.3,77.6,25.3,17.8,20.4,33.3,retrofitted
2022-06-03 13:55:40,8.08,17.11,4.2,22.1,4.2,77.6,25.3,17.7,20.5,33.3,retrofitted
2022-06-03 13:55:50,8.08,17.11,4.0,22.1,4.0,77.5,25.4,17.2,20.6,33.3,retrofitted
2022-06-03 13:56:00,8.08,17.11,4.0,22.1,4.0,77.5,25.4,17.2,20.6,33.3,retrofitted
2022-06-03 13:56:10,8.08,17.11,4.1,22.2,4.1,77.5,25.4,16.9,20.7,33.3,retrofitted
2022-06-03 13:56:20,8.0,16.95,4.0,22.1,4.0,76.8,25.4,17.0,20.7,33.3,retrofitted
2022-06-03 13:56:30,8.0,16.95,4.0,22.1,4.0,76.8,25.4,17.0,20.7,33.3,retrofitted
2022-06-03 13:56:40,8.03,17.02,3.9,22.2,3.9,77.1,25.4,16.9,20.8,33.3,retrofitted
2022-06-03 13:56:50,8.06,17.07,3.9,22.2,3.9,77.3,25.4,16.9,20.8,33.3,retrofitted
2022-06-03 13:57:00,8.06,17.07,3.9,22.2,3.9,77.3,25.4,16.9,20.8,33.3,retrofitted
2022-06-03 13:57:10,8.04,17.04,4.0,22.2,4.0,77.0,25.5,17.2,20.8,33.3,retrofitted
2022-06-03 13:57:20,7.93,16.8,3.9,22.2,3.9,76.4,25.5,17.5,20.8,33.3,retrofitted
2022-06-03 13:57:30,7.93,16.8,3.9,22.2,3.9,76.4,25.5,17.5,20.8,33.3,retrofitted
2022-06-03 13:57:40,8.07,17.09,3.9,22.2,3.9,77.4,25.6,17.5,20.8,33.3,retrofitted
2022-06-03 13:57:50,8.11,17.18,4.0,22.2,3.9,77.8,25.5,17.6,20.9,33.3,retrofitted
2022-06-03 13:58:00,8.11,17.18,4.0,22.2,3.9,77.8,25.5,17.6,20.9,33.3,retrofitted
2022-06-03 13:58:10,7.97,16.89,3.8,22.3,3.8,76.4,25.4,17.4,20.9,33.3,retrofitted
2022-06-03 13:58:20,8.09,17.14,3.9,22.2,4.0,77.6,25.6,17.2,21.0,33.3,retrofitted
2022-06-03 13:58:30,8.09,17.14,3.9,22.2,4.0,77.6,25.6,17.2,21.0,33.3,retrofitted
2022-06-03 13:58:40,8.05,17.06,3.9,22.4,3.9,77.1,25.6,17.3,21.0,33.3,retrofitted
2022-06-03 13:58:50,8.12,17.21,3.9,22.4,3.9,77.9,25.6,16.9,21.0,33.3,retrofitted
2022-06-03 13:59:00,8.12,17.21,3.9,22.4,3.9,77.9,25.6,16.9,21.0,33.3,retrofitted
2022-06-03 13:59:10,8.0,16.94,3.8,22.3,3.8,76.6,25.6,16.9,20.9,33.3,retrofitted
2022-06-03 13:59:20,8.09,17.14,3.9,22.4,3.9,77.6,25.6,17.0,21.0,33.3,retrofitted
2022-06-03 13:59:30,8.09,17.14,3.9,22.4,3.9,77.6,25.6,17.0,21.0,33.3,retrofitted
2022-06-03 13:59:40,8.05,17.06,4.0,22.4,4.0,77.3,25.6,17.3,21.0,33.3,retrofitted
2022-06-03 13:59:50,8.04,17.04,3.8,22.5,3.8,77.1,25.6,17.2,21.0,33.3,retrofitted
2022-06-03 14:00:00,8.04,17.04,3.8,22.5,3.8,77.1,25.6,17.2,21.0,33.3,retrofitted
2022-06-03 14:00:20,8.03,17.02,4.0,22.4,4.0,76.9,25.5,17.4,21.0,33.3,retrofitted
2022-06-03 14:00:30,8.03,17.02,4.0,22.4,4.0,76.9,25.5,17.4,21.0,33.3,retrofitted
2022-06-03 14:00:40,8.03,17.02,3.9,22.5,3.9,77.3,25.6,17.7,21.0,33.3,retrofitted
2022-06-03 14:00:50,8.07,17.09,3.9,22.5,3.9,77.4,25.6,17.7,21.0,33.3,retrofitted
2022-06-03 14:01:00,8.07,17.09,3.9,22.5,3.9,77.4,25.6,17.7,21.0,33.3,retrofitted
2022-06-03 14:01:10,8.07,17.09,4.0,22.5,4.0,77.4,25.6,17.6,21.0,33.3,retrofitted
2022-06-03 14:01:20,8.04,17.04,4.0,22.5,4.0,77.1,25.6,17.3,21.1,33.3,retrofitted
2022-06-03 14:01:30,8.04,17.04,4.0,22.5,4.0,77.1,25.6,17.3,21.1,33.3,retrofitted
2022-06-03 14:01:40,8.03,17.01,3.9,22.5,3.9,77.0,25.6,17.2,21.1,33.3,retrofitted
2022-06-03 14:01:50,8.08,17.11,4.0,22.4,3.9,77.4,25.6,17.1,21.1,33.3,retrofitted
2022-06-03 14:02:00,8.08,17.11,4.0,22.4,3.9,77.4,25.6,17.1,21.1,33.3,retrofitted
2022-06-03 14:02:10,8.04,17.04,4.0,22.6,4.0,77.3,25.6,17.3,21.1,33.3,retrofitted
2022-06-03 14:02:20,8.07,17.09,4.0,22.6,4.0,77.5,25.6,17.4,21.0,33.3,retrofitted
2022-06-03 14:02:30,8.07,17.09,4.0,22.6,4.0,77.5,25.6,17.4,21.0,33.3,retrofitted
2022-06-03 14:02:40,8.06,17.07,3.9,22.6,3.9,77.3,25.5,17.6,21.1,33.3,retrofitted
2022-06-03 14:02:50,8.07,17.09,4.1,22.6,4.1,77.4,25.6,17.5,21.1,33.3,retrofitted
2022-06-03 14:03:00,8.07,17.09,4.1,22.6,4.1,77.4,25.6,17.5,21.1,33.3,retrofitted
2022-06-03 14:03:10,8.05,17.06,4.1,22.6,4.1,77.3,25.6,17.6,21.1,33.3,retrofitted
2022-06-03 14:03:20,8.09,17.14,4.0,22.6,4.0,77.6,25.7,17.6,21.0,33.3,retrofitted
2022-06-03 14:03:30,8.09,17.14,4.0,22.6,4.0,77.6,25.7,17.6,21.0,33.3,retrofitted
2022-06-03 14:03:40,8.1,17.16,4.0,22.6,4.0,77.7,25.7,17.4,21.1,33.3,retrofitted
2022-06-03 14:03:50,8.04,17.04,4.0,22.6,4.0,77.1,25.6,17.4,21.0,33.3,retrofitted
2022-06-03 14:04:00,8.04,17.04,4.0,22.6,4.0,77.1,25.6,17.4,21.0,33.3,retrofitted
2022-06-03 14:04:10,8.09,17.13,4.1,22.5,4.1,77.6,25.6,17.4,21.1,33.3,retrofitted
2022-06-03 14:04:20,8.04,17.04,4.1,22.6,4.1,77.1,25.6,17.5,21.0,33.3,retrofitted
2022-06-03 14:04:30,8.04,17.04,4.1,22.6,4.1,77.1,25.6,17.5,21.0,33.3,retrofitted
2022-06-03 14:04:40,8.08,17.11,4.1,22.6,4.1,77.5,25.6,17.3,21.0,33.3,retrofitted
2022-06-03 14:04:50,8.01,16.97,4.0,22.5,4.0,76.9,25.6,17.2,21.0,33.3,retrofitted
2022-06-03 14:05:00,8.01,16.97,4.0,22.5,4.0,76.9,25.6,17.2,21.0,33.3,retrofitted
2022-06-03 14:05:10,8.08,17.11,4.1,22.5,4.1,77.5,25.6,17.1,21.0,33.3,retrofitted
2022-06-03 14:05:20,8.06,17.07,4.1,22.6,4.1,77.3,25.6,17.3,21.0,33.3,retrofitted
2022-06-03 14:05:30,8.06,17.07,4.1,22.6,4.1,77.3,25.6,17.3,21.0,33.3,retrofitted
2022-06-03 14:05:40,7.99,16.92,4.0,22.6,4.0,76.6,25.6,17.3,20.9,33.3,retrofitted
2022-06-03 14:05:50,8.09,17.13,4.1,22.5,4.0,77.6,25.6,17.2,21.0,33.3,retrofitted
2022-06-03 14:06:00,8.09,17.13,4.1,22.5,4.0,77.6,25.6,17.2,21.0,33.3,retrofitted
2022-06-03 14:06:10,8.05,17.06,4.0,22.4,4.0,77.3,25.6,17.2,21.0,33.3,retrofitted
2022-06-03 14:06:20,8.11,17.18,4.0,22.5,4.1,77.8,25.6,16.9,21.0,33.3,retrofitted
2022-06-03 14:06:30,8.11,17.18,4.0,22.5,4.1,77.8,25.6,16.9,21.0,33.3,retrofitted
2022-06-03 14:06:40,8.06,17.07,4.1,22.6,4.1,77.3,25.6,16.9,21.0,33.3,retrofitted
2022-06-03 14:06:50,8.08,17.11,4.1,22.6,4.1,77.4,25.6,17.2,21.0,33.3,retrofitted
2022-06-03 14:07:00,8.08,17.11,4.1,22.6,4.1,77.4,25.6,17.2,21.0,33.3,retrofitted
2022-06-03 14:07:10,8.11,17.19,4.0,22.6,4.0,77.8,25.7,17.4,21.0,33.3,retrofitted
2022-06-03 14:07:20,8.04,17.04,4.0,22.6,4.0,77.1,25.6,17.5,21.0,33.3,retrofitted
2022-06-03 14:07:30,8.04,17.04,4.0,22.6,4.0,77.1,25.6,17.5,21.0,33.3,retrofitted
2022-06-03 14:07:40,8.06,17.07,4.0,22.5,4.0,77.3,25.6,17.6,21.1,33.3,retrofitted
2022-06-03 14:07:50,8.02,16.99,4.0,22.5,4.0,76.9,25.7,17.6,21.0,33.3,retrofitted
2022-06-03 14:08:00,8.02,16.99,4.0,22.5,4.0,76.9,25.7,17.6,21.0,33.3,retrofitted
2022-06-03 14:08:10,8.09,17.13,4.1,22.5,4.1,77.6,25.7,17.4,21.0,33.3,retrofitted
2022-06-03 14:08:20,8.09,17.13,4.1,22.6,4.0,77.6,25.6,17.5,21.0,33.3,retrofitted
2022-06-03 14:08:30,8.09,17.13,4.1,22.6,4.0,77.6,25.6,17.5,21.0,33.3,retrofitted
2022-06-03 14:08:40,8.09,17.13,4.0,22.6,4.0,77.6,25.6,17.6,21.0,33.3,retrofitted
2022-06-03 14:08:50,8.12,17.21,3.9,22.6,3.9,77.9,25.7,17.4,21.0,33.3,retrofitted
2022-06-03 14:09:00,8.12,17.21,3.9,22.6,3.9,77.9,25.7,17.4,21.0,33.3,retrofitted
2022-06-03 14:09:10,8.06,17.07,4.1,22.6,4.1,77.3,25.7,17.5,21.0,33.3,retrofitted
2022-06-03 14:09:20,7.98,16.9,4.1,22.5,4.0,76.6,25.7,17.6,21.0,33.3,retrofitted
2022-06-03 14:09:30,7.98,16.9,4.1,22.5,4.0,76.6,25.7,17.6,21.0,33.3,retrofitted
2022-06-03 14:09:40,8.01,16.97,4.0,22.6,4.0,76.9,25.7,17.3,21.0,33.3,retrofitted
2022-06-03 14:09:50,8.1,17.16,4.1,22.5,4.0,77.7,25.7,17.1,21.0,33.3,retrofitted
2022-06-03 14:10:00,8.1,17.16,4.1,22.5,4.0,77.7,25.7,17.1,21.0,33.3,retrofitted
2022-06-03 14:10:10,8.06,17.07,4.0,22.5,4.0,77.3,25.6,17.3,21.0,33.3,retrofitted
2022-06-03 14:10:20,8.09,17.13,4.1,22.6,4.1,77.5,25.6,17.4,21.0,33.3,retrofitted
2022-06-03 14:10:30,8.09,17.13,4.1,22.6,4.1,77.5,25.6,17.4,21.0,33.3,retrofitted
2022-06-03 14:10:40,8.05,17.06,4.1,22.6,4.1,77.3,25.6,17.6,21.1,33.3,retrofitted
2022-06-03 14:10:50,8.13,17.23,4.1,22.5,4.0,78.0,25.6,17.7,21.0,33.3,retrofitted
2022-06-03 14:11:00,8.13,17.23,4.1,22.5,4.0,78.0,25.6,17.7,21.0,33.3,retrofitted
2022-06-03 14:11:10,8.09,17.14,4.1,22.6,4.1,77.6,25.6,17.6,21.0,33.3,retrofitted
2022-06-03 14:11:20,8.0,16.95,4.0,22.5,4.1,76.8,25.5,17.4,21.1,33.3,retrofitted
2022-06-03 14:11:30,8.0,16.95,4.0,22.5,4.1,76.8,25.5,17.4,21.1,33.3,retrofitted
2022-06-03 14:11:40,8.12,17.21,4.1,22.6,4.1,77.9,25.6,17.1,21.0,33.3,retrofitted
2022-06-03 14:11:50,8.09,17.14,4.1,22.6,4.1,77.7,25.6,16.9,21.0,33.3,retrofitted
2022-06-03 14:12:00,8.09,17.14,4.1,22.6,4.1,77.7,25.6,16.9,21.0,33.3,retrofitted
2022-06-03 14:12:10,7.99,16.92,4.0,22.5,4.0,76.6,25.6,16.9,21.0,33.3,retrofitted
2022-06-03 14:12:20,8.11,17.19,4.0,22.5,4.0,77.9,25.7,16.8,20.9,33.3,retrofitted
2022-06-03 14:12:30,8.11,17.19,4.0,22.5,4.0,77.9,25.7,16.8,20.9,33.3,retrofitted
2022-06-03 14:12:40,8.05,17.06,4.0,22.5,4.0,77.3,25.7,17.2,21.0,33.3,retrofitted
2022-06-03 14:12:50,8.1,17.16,4.0,22.6,4.1,77.7,25.7,17.5,21.0,33.3,retrofitted
2022-06-03 14:13:00,8.1,17.16,4.0,22.6,4.1,77.7,25.7,17.5,21.0,33.3,retrofitted
2022-06-03 14:13:10,8.05,17.06,4.0,22.6,4.0,77.4,25.7,17.6,21.0,33.3,retrofitted
2022-06-03 14:13:20,8.09,17.13,4.1,22.6,4.1,77.6,25.6,17.5,21.0,33.3,retrofitted
2022-06-03 14:13:30,8.09,17.13,4.1,22.6,4.1,77.6,25.6,17.5,21.0,33.3,retrofitted
2022-06-03 14:13:40,8.01,16.97,4.0,22.5,4.0,77.0,25.6,17.6,21.1,33.3,retrofitted
2022-06-03 14:13:50,8.09,17.14,4.1,22.5,4.2,77.6,25.7,17.5,21.0,33.3,retrofitted
2022-06-03 14:14:00,8.09,17.14,4.1,22.5,4.2,77.6,25.7,17.5,21.0,33.3,retrofitted
2022-06-03 14:14:10,8.05,17.06,4.1,22.6,4.1,77.3,25.7,17.6,21.0,33.3,retrofitted
2022-06-03 14:14:20,8.09,17.13,4.0,22.6,4.0,77.6,25.7,17.4,21.0,33.3,retrofitted
2022-06-03 14:14:30,8.09,17.13,4.0,22.6,4.0,77.6,25.7,17.4,21.0,33.3,retrofitted
2022-06-03 14:14:40,8.11,17.19,4.2,22.5,4.2,77.9,25.6,17.3,21.0,33.3,retrofitted
2022-06-03 14:14:50,8.08,17.11,4.1,22.6,4.1,77.3,25.6,17.4,21.0,33.3,retrofitted
2022-06-03 14:15:00,8.08,17.11,4.1,22.6,4.1,77.3,25.6,17.4,21.0,33.3,retrofitted
2022-06-03 14:15:10,8.13,17.23,4.0,22.6,4.0,78.0,25.6,17.3,21.0,33.3,retrofitted
2022-06-03 14:15:20,8.12,17.21,4.0,22.6,4.0,77.9,25.7,17.2,21.0,33.3,retrofitted
2022-06-03 14:15:30,8.12,17.21,4.0,22.6,4.0,77.9,25.7,17.2,21.0,33.3,retrofitted
2022-06-03 14:15:40,8.1,17.16,4.0,22.6,4.0,77.7,25.7,17.2,21.1,33.3,retrofitted
2022-06-03 14:15:50,8.06,17.07,4.0,22.6,4.0,77.3,25.7,17.2,21.0,33.3,retrofitted
2022-06-03 14:16:00,8.06,17.07,4.0,22.6,4.0,77.3,25.7,17.2,21.0,33.3,retrofitted
2022-06-03 14:16:10,8.08,17.11,4.1,22.5,4.1,77.5,25.7,17.3,21.0,33.3,retrofitted
2022-06-03 14:16:20,8.07,17.09,4.1,22.5,4.1,77.5,25.6,17.5,21.0,33.3,retrofitted
2022-06-03 14:16:30,8.07,17.09,4.1,22.5,4.1,77.5,25.6,17.5,21.0,33.3,retrofitted
2022-06-03 14:16:40,8.09,17.14,4.0,22.5,4.0,77.5,25.7,17.6,21.0,33.3,retrofitted
2022-06-03 14:16:50,8.1,17.16,4.0,22.6,4.0,77.8,25.7,17.7,21.0,33.3,retrofitted
2022-06-03 14:17:00,8.1,17.16,4.0,22.6,4.0,77.8,25.7,17.7,21.0,33.3,retrofitted
2022-06-03 14:17:10,8.11,17.19,4.1,22.5,4.1,77.9,25.7,17.7,21.1,33.3,retrofitted
2022-06-03 14:17:20,8.11,17.19,4.0,22.5,4.1,77.9,25.6,17.8,21.0,33.3,retrofitted
2022-06-03 14:17:30,8.11,17.19,4.0,22.5,4.1,77.9,25.6,17.8,21.0,33.3,retrofitted
2022-06-03 14:17:40,8.09,17.14,4.1,22.5,4.1,77.6,25.6,17.6,21.1,33.3,retrofitted
2022-06-03 14:17:50,8.11,17.19,4.2,22.6,4.1,77.9,25.6,17.5,21.1,33.3,retrofitted
2022-06-03 14:18:00,8.11,17.19,4.2,22.6,4.1,77.9,25.6,17.5,21.1,33.3,retrofitted
2022-06-03 14:18:10,8.06,17.07,4.1,22.5,4.1,77.5,25.6,17.4,21.1,33.4,retrofitted
2022-06-03 14:18:20,8.1,17.16,4.1,22.4,4.1,77.8,25.6,17.4,21.0,33.4,retrofitted
2022-06-03 14:18:30,8.1,17.16,4.1,22.4,4.1,77.8,25.6,17.4,21.0,33.4,retrofitted
2022-06-03 14:18:40,8.11,17.19,4.1,22.5,4.1,77.9,25.6,17.4,21.0,33.4,retrofitted
2022-06-03 14:18:50,8.09,17.13,4.1,22.5,4.1,77.6,25.6,17.4,21.0,33.4,retrofitted
2022-06-03 14:19:00,8.09,17.13,4.1,22.5,4.1,77.6,25.6,17.4,21.0,33.4,retrofitted
2022-06-03 14:19:10,8.09,17.14,4.1,22.6,4.1,77.6,25.6,17.4,21.0,33.3,retrofitted
2022-06-03 14:19:20,8.12,17.21,4.2,22.6,4.1,77.9,25.5,17.5,21.0,33.3,retrofitted
2022-06-03 14:19:30,8.12,17.21,4.2,22.6,4.1,77.9,25.5,17.5,21.0,33.3,retrofitted
2022-06-03 14:19:40,8.1,17.16,4.1,22.4,4.1,77.6,25.6,17.5,21.0,33.3,retrofitted
2022-06-03 14:19:50,8.09,17.13,4.1,22.5,4.1,77.3,25.6,17.3,21.0,33.3,retrofitted
2022-06-03 14:20:00,8.09,17.13,4.1,22.5,4.1,77.3,25.6,17.3,21.0,33.3,retrofitted
2022-06-03 14:20:10,8.1,17.16,4.1,22.5,4.1,77.7,25.6,17.3,21.0,33.3,retrofitted
2022-06-03 14:20:20,8.1,17.16,4.1,22.5,4.1,77.7,25.7,17.2,21.0,33.3,retrofitted
2022-06-03 14:20:30,8.1,17.16,4.1,22.5,4.1,77.7,25.7,17.2,21.0,33.3,retrofitted
2022-06-03 14:20:40,8.05,17.06,4.1,22.4,4.1,77.3,25.7,17.2,20.9,33.3,retrofitted
2022-06-03 14:20:50,8.12,17.21,4.2,22.4,4.1,77.9,25.7,17.3,20.9,33.3,retrofitted
2022-06-03 14:21:00,8.12,17.21,4.2,22.4,4.1,77.9,25.7,17.3,20.9,33.3,retrofitted
2022-06-03 14:21:10,8.07,17.09,4.1,22.4,4.1,77.4,25.7,17.3,21.0,33.3,retrofitted
2022-06-03 14:21:20,8.12,17.21,4.2,22.5,4.2,77.9,25.7,17.3,20.9,33.3,retrofitted
2022-06-03 14:21:30,8.12,17.21,4.2,22.5,4.2,77.9,25.7,17.3,20.9,33.4,retrofitted
2022-06-03 14:21:40,8.0,16.94,4.0,22.4,4.0,76.6,25.6,17.1,20.9,33.4,retrofitted
2022-06-03 14:21:50,8.13,17.23,4.1,22.4,4.0,78.0,25.7,16.8,21.0,33.4,retrofitted
2022-06-03 14:22:00,8.13,17.23,4.1,22.4,4.0,78.0,25.7,16.8,21.0,33.4,retrofitted
2022-06-03 14:22:10,8.09,17.13,4.1,22.4,4.1,77.6,25.7,17.0,21.0,33.4,retrofitted
2022-06-03 14:22:20,8.09,17.13,4.1,22.5,4.1,77.6,25.6,17.2,21.0,33.4,retrofitted
2022-06-03 14:22:30,8.09,17.13,4.1,22.5,4.1,77.6,25.6,17.2,21.0,33.4,retrofitted
2022-06-03 14:22:40,8.08,17.11,4.1,22.6,4.1,77.5,25.5,17.3,21.0,33.4,retrofitted
2022-06-03 14:22:50,8.11,17.18,4.1,22.5,4.1,77.7,25.7,17.3,21.0,33.4,retrofitted
2022-06-03 14:23:00,8.11,17.18,4.1,22.5,4.1,77.7,25.7,17.3,21.0,33.4,retrofitted
2022-06-03 14:23:10,8.03,17.02,4.0,22.5,4.0,77.1,25.7,17.3,21.0,33.4,retrofitted
2022-06-03 14:23:20,8.08,17.11,4.0,22.5,4.0,77.5,25.6,17.3,21.0,33.4,retrofitted
2022-06-03 14:23:30,8.08,17.11,4.0,22.5,4.0,77.5,25.6,17.3,21.0,33.3,retrofitted
2022-06-03 14:23:40,8.11,17.19,4.1,22.5,4.1,77.9,25.6,17.5,21.0,33.3,retrofitted
2022-06-03 14:23:50,8.06,17.07,4.1,22.4,4.1,77.3,25.6,17.5,21.0,33.3,retrofitted
2022-06-03 14:24:00,8.06,17.07,4.1,22.4,4.1,77.3,25.6,17.5,21.0,33.3,retrofitted
2022-06-03 14:24:10,8.07,17.09,4.0,22.5,4.0,77.4,25.6,17.2,21.0,33.3,retrofitted
2022-06-03 14:24:20,8.03,17.02,4.0,22.5,4.0,77.1,25.6,17.2,21.0,33.3,retrofitted
2022-06-03 14:24:30,8.03,17.02,4.0,22.5,4.0,77.1,25.6,17.2,21.0,33.3,retrofitted
2022-06-03 14:24:40,8.05,17.06,4.0,22.6,4.0,77.3,25.6,17.3,21.0,33.3,retrofitted
2022-06-03 14:24:50,8.07,17.09,4.0,22.6,4.0,77.3,25.7,17.4,21.0,33.3,retrofitted
2022-06-03 14:25:00,8.07,17.09,4.0,22.6,4.0,77.3,25.7,17.4,21.0,33.3,retrofitted
2022-06-03 14:25:10,8.06,17.07,4.0,22.5,4.0,77.3,25.7,17.4,21.0,33.3,retrofitted
2022-06-03 14:25:20,8.05,17.06,4.0,22.6,4.0,77.3,25.7,17.4,21.0,33.3,retrofitted
2022-06-03 14:25:30,8.05,17.06,4.0,22.6,4.0,77.3,25.7,17.4,21.0,33.3,retrofitted
2022-06-03 14:25:40,8.07,17.09,4.0,22.6,4.0,77.4,25.6,17.4,21.1,33.3,retrofitted
2022-06-03 14:25:50,8.05,17.06,4.1,22.6,4.1,77.3,25.6,17.6,21.1,33.3,retrofitted
2022-06-03 14:26:00,8.05,17.06,4.1,22.6,4.1,77.3,25.6,17.6,21.1,33.4,retrofitted
2022-06-03 14:26:10,7.93,16.8,4.0,22.6,4.0,76.2,25.6,17.7,21.1,33.4,retrofitted
2022-06-03 14:26:20,8.08,17.11,4.1,22.6,4.1,77.6,25.5,17.6,21.0,33.4,retrofitted
2022-06-03 14:26:30,8.08,17.11,4.1,22.6,4.1,77.6,25.5,17.6,21.0,33.4,retrofitted
2022-06-03 14:26:40,8.07,17.09,4.1,22.6,4.1,77.4,25.6,17.7,21.1,33.4,retrofitted
2022-06-03 14:26:50,8.05,17.06,4.0,22.6,4.0,77.3,25.6,17.6,21.0,33.4,retrofitted
2022-06-03 14:27:00,8.05,17.06,4.0,22.6,4.0,77.3,25.6,17.6,21.0,33.4,retrofitted
2022-06-03 14:27:10,8.11,17.18,4.2,22.6,4.2,77.8,25.6,17.6,21.1,33.4,retrofitted
2022-06-03 14:27:20,7.95,16.84,4.1,22.6,4.1,76.3,25.5,17.6,21.0,33.4,retrofitted
2022-06-03 14:27:30,7.95,16.84,4.1,22.6,4.1,76.3,25.5,17.6,21.0,33.4,retrofitted
2022-06-03 14:27:40,8.08,17.11,4.0,22.6,4.0,77.5,25.6,17.5,21.0,33.4,retrofitted
2022-06-03 14:27:50,8.12,17.21,4.2,22.6,4.2,77.9,25.6,17.5,21.0,33.4,retrofitted
2022-06-03 14:28:00,8.12,17.21,4.2,22.6,4.2,77.9,25.6,17.5,21.0,33.4,retrofitted
2022-06-03 14:28:10,8.0,16.95,4.1,22.6,4.1,76.4,25.6,17.5,21.0,33.4,retrofitted
2022-06-03 14:28:20,8.06,17.07,4.0,22.6,4.1,77.3,25.5,17.3,21.0,33.4,retrofitted
2022-06-03 14:28:30,8.06,17.07,4.0,22.6,4.1,77.3,25.5,17.3,21.0,33.4,retrofitted
2022-06-03 14:28:40,8.09,17.14,4.1,22.6,4.1,77.6,25.6,17.2,21.0,33.4,retrofitted
2022-06-03 14:28:50,8.09,17.14,4.2,22.6,4.2,77.6,25.7,17.3,21.0,33.4,retrofitted
2022-06-03 14:29:00,8.09,17.14,4.2,22.6,4.2,77.6,25.7,17.3,21.0,33.4,retrofitted
2022-06-03 14:29:10,8.03,17.02,4.0,22.5,4.0,77.1,25.6,17.3,21.0,33.4,retrofitted
2022-06-03 14:29:20,8.11,17.19,4.1,22.6,4.1,77.9,25.6,17.3,20.9,33.4,retrofitted
2022-06-03 14:29:30,8.11,17.19,4.1,22.6,4.1,77.9,25.6,17.3,20.9,33.4,retrofitted
2022-06-03 14:29:40,8.05,17.06,4.1,22.6,4.1,77.1,25.6,17.3,21.1,33.4,retrofitted
2022-06-03 14:29:50,8.07,17.09,4.1,22.5,4.1,77.4,25.5,17.4,21.0,33.4,retrofitted
2022-06-03 14:30:00,8.07,17.09,4.1,22.5,4.1,77.4,25.5,17.4,21.0,33.4,retrofitted
2022-06-03 14:30:10,8.13,17.23,4.1,22.4,4.1,78.0,25.5,17.1,21.0,33.4,retrofitted
2022-06-03 14:30:20,8.09,17.13,4.1,22.4,4.1,77.6,25.6,17.1,21.0,33.4,retrofitted
2022-06-03 14:30:30,8.09,17.13,4.1,22.4,4.1,77.6,25.6,17.1,21.0,33.4,retrofitted
2022-06-03 14:30:40,8.1,17.16,4.1,22.5,4.1,77.7,25.6,17.1,21.0,33.4,retrofitted
2022-06-03 14:30:50,8.05,17.06,4.2,22.6,4.2,77.3,25.6,17.2,21.1,33.4,retrofitted
2022-06-03 14:31:00,8.05,17.06,4.2,22.6,4.2,77.3,25.6,17.2,21.1,33.4,retrofitted
2022-06-03 14:31:10,7.96,16.87,4.0,22.5,4.0,76.0,25.7,17.3,21.0,33.4,retrofitted
2022-06-03 14:31:20,8.11,17.18,4.0,22.5,4.0,77.8,25.7,17.0,20.9,33.4,retrofitted
2022-06-03 14:31:30,8.11,17.18,4.0,22.5,4.0,77.8,25.7,17.0,20.9,33.4,retrofitted
2022-06-03 14:31:40,8.03,17.02,4.1,22.5,4.1,77.1,25.7,17.2,21.0,33.3,retrofitted
2022-06-03 14:31:50,8.07,17.09,4.0,22.5,4.0,77.4,25.6,17.5,21.0,33.3,retrofitted
2022-06-03 14:32:00,8.07,17.09,4.0,22.5,4.0,77.4,25.6,17.5,21.0,33.3,retrofitted
2022-06-03 14:32:10,8.1,17.16,4.2,22.6,4.2,77.7,25.6,17.4,21.1,33.4,retrofitted
2022-06-03 14:32:20,7.94,16.82,4.0,22.6,4.0,76.2,25.6,17.5,21.0,33.4,retrofitted
2022-06-03 14:32:30,7.94,16.82,4.0,22.6,4.0,76.2,25.6,17.5,21.0,33.4,retrofitted
2022-06-03 14:32:40,8.07,17.09,4.2,22.5,4.2,77.5,25.6,17.4,21.0,33.4,retrofitted
2022-06-03 14:32:50,8.08,17.11,4.1,22.5,4.1,77.4,25.7,17.6,21.0,33.4,retrofitted
2022-06-03 14:33:00,8.08,17.11,4.1,22.5,4.1,77.4,25.7,17.6,21.0,33.4,retrofitted
2022-06-03 14:33:10,8.0,16.95,4.0,22.6,4.0,76.8,25.6,17.4,21.0,33.3,retrofitted
2022-06-03 14:33:20,8.08,17.11,4.0,22.6,4.1,77.5,25.7,17.1,21.0,33.3,retrofitted
2022-06-03 14:33:30,8.08,17.11,4.0,22.6,4.1,77.5,25.7,17.1,21.0,33.3,retrofitted
2022-06-03 14:33:40,8.05,17.06,4.2,22.6,4.2,77.3,25.6,17.1,21.0,33.4,retrofitted
2022-06-03 14:33:50,8.09,17.13,4.2,22.6,4.1,77.6,25.7,17.3,21.0,33.4,retrofitted
2022-06-03 14:34:00,8.09,17.13,4.2,22.6,4.1,77.6,25.7,17.3,21.0,33.4,retrofitted
2022-06-03 14:34:10,8.06,17.07,4.0,22.6,4.0,77.3,25.6,17.2,21.0,33.4,retrofitted
2022-06-03 14:34:20,8.07,17.09,4.0,22.6,4.0,77.5,25.5,17.2,21.0,33.4,retrofitted
2022-06-03 14:34:30,8.07,17.09,4.0,22.6,4.0,77.5,25.5,17.2,21.0,33.4,retrofitted
2022-06-03 14:34:40,8.1,17.16,4.2,22.6,4.2,77.7,25.6,17.3,21.0,33.4,retrofitted
2022-06-03 14:34:50,8.0,16.94,4.1,22.6,4.1,76.7,25.6,17.4,21.0,33.4,retrofitted
2022-06-03 14:35:00,8.0,16.94,4.1,22.6,4.1,76.7,25.6,17.4,21.0,33.3,retrofitted
2022-06-03 14:35:10,8.09,17.14,4.0,22.6,4.0,77.6,25.5,16.9,21.0,33.3,retrofitted
2022-06-03 14:35:20,8.09,17.13,4.3,22.6,4.3,77.6,25.5,16.9,21.0,33.3,retrofitted
2022-06-03 14:35:30,8.09,17.13,4.3,22.6,4.3,77.6,25.5,16.9,21.0,33.4,retrofitted
2022-06-03 14:35:40,8.03,17.01,4.1,22.6,4.1,77.0,25.6,17.2,21.0,33.4,retrofitted
2022-06-03 14:35:50,8.09,17.13,4.1,22.6,4.1,77.7,25.6,17.1,21.0,33.4,retrofitted
2022-06-03 14:36:00,8.09,17.13,4.1,22.6,4.1,77.7,25.6,17.1,21.0,33.3,retrofitted
2022-06-03 14:36:10,8.03,17.02,4.0,22.5,4.0,77.1,25.6,17.2,21.0,33.3,retrofitted
2022-06-03 14:36:20,8.08,17.11,4.1,22.6,4.1,77.5,25.6,17.4,21.0,33.3,retrofitted
2022-06-03 14:36:30,8.08,17.11,4.1,22.6,4.1,77.5,25.6,17.4,21.0,33.4,retrofitted
2022-06-03 14:36:40,7.95,16.85,3.9,22.6,3.9,76.3,25.6,17.7,21.0,33.4,retrofitted
2022-06-03 14:36:50,8.12,17.21,4.2,22.6,4.2,77.9,25.6,17.3,21.0,33.4,retrofitted
2022-06-03 14:37:00,8.12,17.21,4.2,22.6,4.2,77.9,25.6,17.3,21.0,33.4,retrofitted
2022-06-03 14:37:10,8.03,17.01,4.0,22.6,4.0,77.0,25.6,17.3,21.0,33.4,retrofitted
2022-06-03 14:37:20,8.11,17.19,4.1,22.6,4.0,77.9,25.6,17.0,21.0,33.4,retrofitted
2022-06-03 14:37:30,8.11,17.19,4.1,22.6,4.0,77.9,25.6,17.0,21.0,33.3,retrofitted
2022-06-03 14:37:40,8.09,17.13,4.0,22.6,4.0,77.4,25.6,17.1,21.0,33.3,retrofitted
2022-06-03 14:37:50,8.11,17.18,4.1,22.6,4.1,77.8,25.6,17.2,21.0,33.3,retrofitted
2022-06-03 14:38:00,8.11,17.18,4.1,22.6,4.1,77.8,25.6,17.2,21.0,33.4,retrofitted
2022-06-03 14:38:10,8.05,17.06,4.1,22.6,4.1,77.3,25.7,17.4,21.0,33.4,retrofitted
2022-06-03 14:38:20,8.09,17.14,4.0,22.6,4.0,77.6,25.7,17.7,21.0,33.4,retrofitted
2022-06-03 14:38:30,8.09,17.14,4.0,22.6,4.0,77.6,25.7,17.7,21.0,33.3,retrofitted
2022-06-03 14:38:40,8.09,17.13,4.1,22.6,4.1,77.6,25.7,17.7,21.0,33.3,retrofitted
2022-06-03 14:38:50,8.07,17.09,4.2,22.6,4.1,77.4,25.7,17.7,21.1,33.3,retrofitted
2022-06-03 14:39:00,8.07,17.09,4.2,22.6,4.1,77.4,25.7,17.7,21.1,33.3,retrofitted
2022-06-03 14:39:20,8.06,17.07,4.2,22.6,4.3,77.4,25.6,17.3,21.0,33.3,retrofitted
2022-06-03 14:39:30,8.06,17.07,4.2,22.6,4.3,77.4,25.6,17.3,21.0,33.4,retrofitted
2022-06-03 14:39:40,8.11,17.19,5.6,22.6,5.6,77.9,25.7,17.1,21.0,33.4,retrofitted
2022-06-03 14:39:50,8.1,17.16,7.3,22.5,7.2,77.7,25.6,17.2,20.9,33.4,retrofitted
2022-06-03 14:40:00,8.1,17.16,7.3,22.5,7.2,77.7,25.6,17.2,20.9,33.3,retrofitted
