Save,noxycon,ntemp,ndensity,norif,nsernum,ninjpres,ninjdur,nfuelt,nfueltemp,ninst,fileBaseName,date,readme,refs,oxycon,oxyconU,ambComp,ambCompU,MW,Ta,TaS,TaU,Ta_ai,Tbulk,dens,densS,densU,dens_ai,densbulk,ambP,Z,ZU,ambVelocity,ambVelocityU,ambVelTurbulence,ambVelTurbulenceU,vessGeom,injP,injPS,injPU,Tfuel,TfuelS,TfuelU,Tnozzle,TnozzleS,TnozzleU,roi,roiS,roiU,injDur,injDurS,injDurU,injMass,injMassS,injMassU,Cd,CdU,Ca,CaU,orifDiam,orifDiamU,nozGeom,nozGeomU,needlePos,needlePosU,injlag,fuelprops,liqlen,liqlenS,liqlenU,liftoff,liftoffS,liftoffU,igndly,igndlyS,igndlyU,igndlyL,igndlyLS,igndlyLU,pressCV,jetpen,flamelength,spreadAngle,mixing,velocity,combSpecies,liqVol,dropDia,soot,movie,AddFiles
-,mole fraction %,K,kg/m3,mm,-,MPa,ms,-,K,-,-,-,-,-,mole fraction %,mole fraction %,mole fraction %,mole fraction %,-,K,K,K,K,K,kg/m3,kg/m3,kg/m3,kg/m3,kg/m3,MPa,-,-,m/s,m/s,m/s,m/s,-,MPa,MPa,MPa,K,K,K,K,K,K,mg/ms,mg/ms,mg/ms,ms,ms,ms,mg,mg,mg,-,-,-,-,mm,mm,-,-,mm,mm,ms,-,mm,mm,mm,mm,mm,mm,ms,ms,ms,ms,ms,ms,MPa,mm,mm,degrees,F/A ratio by number,m/s,-,liquid volume fraction,mm,-,-,-
-,vol%,K,kg/m<sup>3</sup>,mm,-,MPa,ms,-,K,-,-,-,-,-,%,%,%,%,-,K,K,K,K,K,kg/m<sup>3</sup>,kg/m<sup>3</sup>,kg/m<sup>3</sup>,kg/m<sup>3</sup>,kg/m<sup>3</sup>,MPa,-,-,m/s,m/s,m/s,m/s,-,MPa,MPa,MPa,K,K,K,K,K,K,mg/ms,mg/ms,mg/ms,ms,ms,ms,mg,mg,mg,-,-,-,-,mm,mm,-,-,mm,mm,ms,-,mm,mm,mm,mm,mm,mm,ms,ms,ms,ms,ms,ms,MPa,mm,mm,degrees,F/A ratio by number,m/s,-,liq vol fraction,mm,-,-,-
1,0,700,3.6,0.246-a,-,140,-,CET,436,Sandia,#boadc-a.001-.005,1-Dec-20,<a href= '/diesel-spray-combustion/experimental-diagnostics/siebers-liquid-penetration-length/' target='_blank'>LL</a>,-,-,-,-,-,-,-,-,-,-,695,-,-,-,-,3.6,0.73,1.002,-,-,-,-,-,-,139.73,-,-,-,-,-,-,-,-,-,-,-,-,-,-,-,-,-,-,-,-,-,-,-,-,-,-,-,-,-,98.1,-,-,-,-,-,-,-,-,-,-,-,-,-,-,-,-,-,-,-,-,-,-,-
2,0,700,7.3,0.246-a,-,140,-,CET,436,Sandia,#bobdc-a.001-.005,-,<a href= '/diesel-spray-combustion/experimental-diagnostics/siebers-liquid-penetration-length/' target='_blank'>LL</a>,-,-,-,-,-,-,-,-,-,-,690,-,-,-,-,30.4,1.49,1.004,-,-,-,-,-,-,139.49,-,-,-,-,-,-,-,-,-,-,-,-,-,-,-,-,-,-,-,-,-,-,-,-,-,-,-,-,-,75.8,-,-,-,-,-,-,-,-,-,-,-,-,-,-,-,-,-,-,-,-,-,-,-
3,0,700,14.8,0.246-a,-,140,-,CET,436,Sandia,#bocdc-a.001-.005,-,<a href= '/diesel-spray-combustion/experimental-diagnostics/siebers-liquid-penetration-length/' target='_blank'>LL</a>,-,-,-,-,-,-,-,-,-,-,690,-,-,-,-,15,3.03,1.008,-,-,-,-,-,-,139.03,-,-,-,-,-,-,-,-,-,-,-,-,-,-,-,-,-,-,-,-,-,-,-,-,-,-,-,-,-,59.2,-,-,-,-,-,-,-,-,-,-,-,-,-,-,-,-,-,-,-,-,-,-,-
4,0,700,30,0.246-a,-,130,-,CET,436,Sandia,#boddc-a.001-.005,-,<a href= '/diesel-spray-combustion/experimental-diagnostics/siebers-liquid-penetration-length/' target='_blank'>LL</a>,-,-,-,-,-,-,-,-,-,-,690,-,-,-,-,30.4,6.2,1.018,-,-,-,-,-,-,140.2,-,-,-,-,-,-,-,-,-,-,-,-,-,-,-,-,-,-,-,-,-,-,-,-,-,-,-,-,-,44.9,-,-,-,-,-,-,-,-,-,-,-,-,-,-,-,-,-,-,-,-,-,-,-
5,0,700,58.5,0.246-a,-,140,-,CET,436,Sandia,#boedc-a.001-.001,-,<a href= '/diesel-spray-combustion/experimental-diagnostics/siebers-liquid-penetration-length/' target='_blank'>LL</a>,-,-,-,-,-,-,-,-,-,-,693,-,-,-,-,59.1,12.34,1.039,-,-,-,-,-,-,152.34,-,-,-,-,-,-,-,-,-,-,-,-,-,-,-,-,-,-,-,-,-,-,-,-,-,-,-,-,-,32.3,-,-,-,-,-,-,-,-,-,-,-,-,-,-,-,-,-,-,-,-,-,-,-
6,0,850,3.6,0.246-a,-,140,-,CET,436,Sandia,#bladc-a.001-.005,-,<a href= '/diesel-spray-combustion/experimental-diagnostics/siebers-liquid-penetration-length/' target='_blank'>LL</a>,-,-,-,-,-,-,-,-,-,-,839,-,-,-,-,3.6,0.89,1.002,-,-,-,-,-,-,139.89,-,-,-,-,-,-,-,-,-,-,-,-,-,-,-,-,-,-,-,-,-,-,-,-,-,-,-,-,-,79.6,-,-,-,-,-,-,-,-,-,-,-,-,-,-,-,-,-,-,-,-,-,-,-
7,0,850,7.3,0.246-a,-,140,-,CET,436,Sandia,#blbdc-a.001-.005,-,<a href= '/diesel-spray-combustion/experimental-diagnostics/siebers-liquid-penetration-length/' target='_blank'>LL</a>,-,-,-,-,-,-,-,-,-,-,834,-,-,-,-,7.4,1.81,1.005,-,-,-,-,-,-,139.81,-,-,-,-,-,-,-,-,-,-,-,-,-,-,-,-,-,-,-,-,-,-,-,-,-,-,-,-,-,57.7,-,-,-,-,-,-,-,-,-,-,-,-,-,-,-,-,-,-,-,-,-,-,-
8,0,850,14.8,0.246-a,-,140,-,CET,436,Sandia,#blcdc-a.001-.005,-,<a href= '/diesel-spray-combustion/experimental-diagnostics/siebers-liquid-penetration-length/' target='_blank'>LL</a>,-,-,-,-,-,-,-,-,-,-,830,-,-,-,-,15.2,3.68,1.01,-,-,-,-,-,-,139.68,-,-,-,-,-,-,-,-,-,-,-,-,-,-,-,-,-,-,-,-,-,-,-,-,-,-,-,-,-,40.2,-,-,-,-,-,-,-,-,-,-,-,-,-,-,-,-,-,-,-,-,-,-,-
9,0,850,30,0.246-a,-,130,-,CET,436,Sandia,#blddc-a.001-.005,-,<a href= '/diesel-spray-combustion/experimental-diagnostics/siebers-liquid-penetration-length/' target='_blank'>LL</a>,-,-,-,-,-,-,-,-,-,-,827,-,-,-,-,30.8,7.54,1.021,-,-,-,-,-,-,141.54,-,-,-,-,-,-,-,-,-,-,-,-,-,-,-,-,-,-,-,-,-,-,-,-,-,-,-,-,-,28,-,-,-,-,-,-,-,-,-,-,-,-,-,-,-,-,-,-,-,-,-,-,-
10,0,850,58.5,0.246-a,-,140,-,CET,436,Sandia,#bledc-a.001-.002,-,<a href= '/diesel-spray-combustion/experimental-diagnostics/siebers-liquid-penetration-length/' target='_blank'>LL</a>,-,-,-,-,-,-,-,-,-,-,824,-,-,-,-,60.3,15.05,1.044,-,-,-,-,-,-,150.05,-,-,-,-,-,-,-,-,-,-,-,-,-,-,-,-,-,-,-,-,-,-,-,-,-,-,-,-,-,19.4,-,-,-,-,-,-,-,-,-,-,-,-,-,-,-,-,-,-,-,-,-,-,-
11,0,1000,3.6,0.246-a,-,140,-,CET,436,Sandia,#biadc-a.001-.005,-,<a href= '/diesel-spray-combustion/experimental-diagnostics/siebers-liquid-penetration-length/' target='_blank'>LL</a>,-,-,-,-,-,-,-,-,-,-,983,-,-,-,-,3.7,1.05,1.002,-,-,-,-,-,-,140.05,-,-,-,-,-,-,-,-,-,-,-,-,-,-,-,-,-,-,-,-,-,-,-,-,-,-,-,-,-,66.2,-,-,-,-,-,-,-,-,-,-,-,-,-,-,-,-,-,-,-,-,-,-,-
12,0,1000,7.3,0.246-a,-,140,-,CET,436,Sandia,#bibdc-a.001-.005,-,<a href= '/diesel-spray-combustion/experimental-diagnostics/siebers-liquid-penetration-length/' target='_blank'>LL</a>,-,-,-,-,-,-,-,-,-,-,962,-,-,-,-,31.2,2.13,1.005,-,-,-,-,-,-,141.13,-,-,-,-,-,-,-,-,-,-,-,-,-,-,-,-,-,-,-,-,-,-,-,-,-,-,-,-,-,46.6,-,-,-,-,-,-,-,-,-,-,-,-,-,-,-,-,-,-,-,-,-,-,-
13,0,1000,14.8,0.246-a,-,130,-,CET,436,Sandia,#bicdc-a.001-.006,-,<a href= '/diesel-spray-combustion/experimental-diagnostics/siebers-liquid-penetration-length/' target='_blank'>LL</a>,-,-,-,-,-,-,-,-,-,-,967,-,-,-,-,15.3,4.33,1.01,-,-,-,-,-,-,138.33,-,-,-,-,-,-,-,-,-,-,-,-,-,-,-,-,-,-,-,-,-,-,-,-,-,-,-,-,-,31.6,-,-,-,-,-,-,-,-,-,-,-,-,-,-,-,-,-,-,-,-,-,-,-
14,0,1000,30,0.246-a,-,130,-,CET,436,Sandia,#biddc-a.001-.005,-,<a href= '/diesel-spray-combustion/experimental-diagnostics/siebers-liquid-penetration-length/' target='_blank'>LL</a>,-,-,-,-,-,-,-,-,-,-,962,-,-,-,-,31.2,8.89,1.022,-,-,-,-,-,-,141.89,-,-,-,-,-,-,-,-,-,-,-,-,-,-,-,-,-,-,-,-,-,-,-,-,-,-,-,-,-,20.8,-,-,-,-,-,-,-,-,-,-,-,-,-,-,-,-,-,-,-,-,-,-,-
15,0,1000,58.5,0.246-a,-,120,-,CET,436,Sandia,#biedc-a.001-.002,-,<a href= '/diesel-spray-combustion/experimental-diagnostics/siebers-liquid-penetration-length/' target='_blank'>LL</a>,-,-,-,-,-,-,-,-,-,-,954,-,-,-,-,61.3,17.75,1.047,-,-,-,-,-,-,141.75,-,-,-,-,-,-,-,-,-,-,-,-,-,-,-,-,-,-,-,-,-,-,-,-,-,-,-,-,-,13.7,-,-,-,-,-,-,-,-,-,-,-,-,-,-,-,-,-,-,-,-,-,-,-
16,0,1150,3.6,0.246-a,-,140,-,CET,436,Sandia,#bfadc-a.001-.005,-,<a href= '/diesel-spray-combustion/experimental-diagnostics/siebers-liquid-penetration-length/' target='_blank'>LL</a>,-,-,-,-,-,-,-,-,-,-,1126,-,-,-,-,3.7,1.2,1.002,-,-,-,-,-,-,137.2,-,-,-,-,-,-,-,-,-,-,-,-,-,-,-,-,-,-,-,-,-,-,-,-,-,-,-,-,-,60.8,-,-,-,-,-,-,-,-,-,-,-,-,-,-,-,-,-,-,-,-,-,-,-
17,0,1150,7.3,0.246-a,-,130,-,CET,436,Sandia,#bfbdc-a.001-.005,-,<a href= '/diesel-spray-combustion/experimental-diagnostics/siebers-liquid-penetration-length/' target='_blank'>LL</a>,-,-,-,-,-,-,-,-,-,-,1113,-,-,-,-,7.5,2.45,1.005,-,-,-,-,-,-,136.45,-,-,-,-,-,-,-,-,-,-,-,-,-,-,-,-,-,-,-,-,-,-,-,-,-,-,-,-,-,40.9,-,-,-,-,-,-,-,-,-,-,-,-,-,-,-,-,-,-,-,-,-,-,-
18,0,1150,14.8,0.246-a,-,140,-,CET,436,Sandia,#bfcdc-a.001-.005,-,<a href= '/diesel-spray-combustion/experimental-diagnostics/siebers-liquid-penetration-length/' target='_blank'>LL</a>,-,-,-,-,-,-,-,-,-,-,1103,-,-,-,-,15.4,4.99,1.011,-,-,-,-,-,-,139.99,-,-,-,-,-,-,-,-,-,-,-,-,-,-,-,-,-,-,-,-,-,-,-,-,-,-,-,-,-,27.2,-,-,-,-,-,-,-,-,-,-,-,-,-,-,-,-,-,-,-,-,-,-,-
19,0,1150,30,0.246-a,-,130,-,CET,436,Sandia,#bfddc-a.001-.005,-,<a href= '/diesel-spray-combustion/experimental-diagnostics/siebers-liquid-penetration-length/' target='_blank'>LL</a>,-,-,-,-,-,-,-,-,-,-,1095,-,-,-,-,31.5,10.23,1.023,-,-,-,-,-,-,142.23,-,-,-,-,-,-,-,-,-,-,-,-,-,-,-,-,-,-,-,-,-,-,-,-,-,-,-,-,-,17.1,-,-,-,-,-,-,-,-,-,-,-,-,-,-,-,-,-,-,-,-,-,-,-
20,0,1150,58.5,0.246-a,-,130,-,CET,436,Sandia,#bfedc-a.001-.002,-,<a href= '/diesel-spray-combustion/experimental-diagnostics/siebers-liquid-penetration-length/' target='_blank'>LL</a>,-,-,-,-,-,-,-,-,-,-,1082,-,-,-,-,62.2,20.45,1.048,-,-,-,-,-,-,154.45,-,-,-,-,-,-,-,-,-,-,-,-,-,-,-,-,-,-,-,-,-,-,-,-,-,-,-,-,-,10,-,-,-,-,-,-,-,-,-,-,-,-,-,-,-,-,-,-,-,-,-,-,-
21,0,1300,3.6,0.246-a,-,140,-,CET,436,Sandia,#bcadc-a.001-.004,-,<a href= '/diesel-spray-combustion/experimental-diagnostics/siebers-liquid-penetration-length/' target='_blank'>LL</a>,-,-,-,-,-,-,-,-,-,-,1267,-,-,-,-,3.7,1.36,1.003,-,-,-,-,-,-,138.36,-,-,-,-,-,-,-,-,-,-,-,-,-,-,-,-,-,-,-,-,-,-,-,-,-,-,-,-,-,53.9,-,-,-,-,-,-,-,-,-,-,-,-,-,-,-,-,-,-,-,-,-,-,-
22,0,1300,7.3,0.246-a,-,140,-,CET,436,Sandia,#bcbdc-a.001-.004,-,<a href= '/diesel-spray-combustion/experimental-diagnostics/siebers-liquid-penetration-length/' target='_blank'>LL</a>,-,-,-,-,-,-,-,-,-,-,1249,-,-,-,-,7.6,2.77,1.005,-,-,-,-,-,-,138.77,-,-,-,-,-,-,-,-,-,-,-,-,-,-,-,-,-,-,-,-,-,-,-,-,-,-,-,-,-,35.4,-,-,-,-,-,-,-,-,-,-,-,-,-,-,-,-,-,-,-,-,-,-,-
23,0,1300,14.8,0.246-a,-,130,-,CET,436,Sandia,#bccdc-a.001-.004,-,<a href= '/diesel-spray-combustion/experimental-diagnostics/siebers-liquid-penetration-length/' target='_blank'>LL</a>,-,-,-,-,-,-,-,-,-,-,1237,-,-,-,-,15.6,5.64,1.011,-,-,-,-,-,-,137.64,-,-,-,-,-,-,-,-,-,-,-,-,-,-,-,-,-,-,-,-,-,-,-,-,-,-,-,-,-,22.6,-,-,-,-,-,-,-,-,-,-,-,-,-,-,-,-,-,-,-,-,-,-,-
24,0,1300,30,0.246-a,-,130,-,CET,436,Sandia,#bcddc-a.001-.004,-,<a href= '/diesel-spray-combustion/experimental-diagnostics/siebers-liquid-penetration-length/' target='_blank'>LL</a>,-,-,-,-,-,-,-,-,-,-,1227,-,-,-,-,31.8,11.57,1.023,-,-,-,-,-,-,141.57,-,-,-,-,-,-,-,-,-,-,-,-,-,-,-,-,-,-,-,-,-,-,-,-,-,-,-,-,-,14.1,-,-,-,-,-,-,-,-,-,-,-,-,-,-,-,-,-,-,-,-,-,-,-
25,0,1300,58.5,0.246-a,-,130,-,CET,436,Sandia,#bcedc-a.001-.002,-,<a href= '/diesel-spray-combustion/experimental-diagnostics/siebers-liquid-penetration-length/' target='_blank'>LL</a>,-,-,-,-,-,-,-,-,-,-,1209,-,-,-,-,62.9,23.14,1.049,-,-,-,-,-,-,155.14,-,-,-,-,-,-,-,-,-,-,-,-,-,-,-,-,-,-,-,-,-,-,-,-,-,-,-,-,-,8,-,-,-,-,-,-,-,-,-,-,-,-,-,-,-,-,-,-,-,-,-,-,-
26,0,700,7.3,0.100-a,-,50,-,CET,436,Sandia,#bobhg-a.001-.003,-,<a href= '/diesel-spray-combustion/experimental-diagnostics/siebers-liquid-penetration-length/' target='_blank'>LL</a>,-,-,-,-,-,-,-,-,-,-,692,-,-,-,-,7.4,1.49,1.004,-,-,-,-,-,-,55.49,-,-,-,-,-,-,-,-,<a href= '/diesel-spray-combustion/sandia-cv/injector-characterization/' target='_blank'>rate of injection</a>,-,-,-,-,-,-,-,-,-,-,-,-,-,-,<a href='/cvdata/assets/datafiles/nozgeom/nozzleDwg.PNG' target='_blank'>Drawing</a>; <a href='/cvdata/assets/datafiles/nozgeom/sacVolumeDimensions.pdf' target='_blank'>sac Vol. Dim.</a>,-,-,-,-,-,32.2,-,-,-,-,-,-,-,-,-,-,-,-,-,-,-,-,-,-,-,-,-,-,-
27,0,700,7.3,0.100-a,-,90,-,CET,436,Sandia,#bobfg-a.001-.003,-,<a href= '/diesel-spray-combustion/experimental-diagnostics/siebers-liquid-penetration-length/' target='_blank'>LL</a>,-,-,-,-,-,-,-,-,-,-,692,-,-,-,-,7.4,1.49,1.004,-,-,-,-,-,-,95.49,-,-,-,-,-,-,-,-,<a href= '/diesel-spray-combustion/sandia-cv/injector-characterization/' target='_blank'>rate of injection</a>,-,-,-,-,-,-,-,-,-,-,-,-,-,-,<a href='/cvdata/assets/datafiles/nozgeom/nozzleDwg.PNG' target='_blank'>Drawing</a>; <a href='/cvdata/assets/datafiles/nozgeom/sacVolumeDimensions.pdf' target='_blank'>sac Vol. Dim.</a>,-,-,-,-,-,33.1,-,-,-,-,-,-,-,-,-,-,-,-,-,-,-,-,-,-,-,-,-,-,-
28,0,700,7.3,0.100-a,-,130,-,CET,436,Sandia,#bobdg-a.001-.003,-,<a href= '/diesel-spray-combustion/experimental-diagnostics/siebers-liquid-penetration-length/' target='_blank'>LL</a>,-,-,-,-,-,-,-,-,-,-,692,-,-,-,-,7.4,1.49,1.004,-,-,-,-,-,-,134.49,-,-,-,-,-,-,-,-,<a href= '/diesel-spray-combustion/sandia-cv/injector-characterization/' target='_blank'>rate of injection</a>,-,-,-,-,-,-,-,-,-,-,-,-,-,-,<a href='/cvdata/assets/datafiles/nozgeom/nozzleDwg.PNG' target='_blank'>Drawing</a>; <a href='/cvdata/assets/datafiles/nozgeom/sacVolumeDimensions.pdf' target='_blank'>sac Vol. Dim.</a>,-,-,-,-,-,33.5,-,-,-,-,-,-,-,-,-,-,-,-,-,-,-,-,-,-,-,-,-,-,-
29,0,700,7.3,0.100-a,-,170,-,CET,436,Sandia,#bobcg-a.001-.003,-,<a href= '/diesel-spray-combustion/experimental-diagnostics/siebers-liquid-penetration-length/' target='_blank'>LL</a>,-,-,-,-,-,-,-,-,-,-,692,-,-,-,-,7.4,1.49,1.004,-,-,-,-,-,-,168.49,-,-,-,-,-,-,-,-,<a href= '/diesel-spray-combustion/sandia-cv/injector-characterization/' target='_blank'>rate of injection</a>,-,-,-,-,-,-,-,-,-,-,-,-,-,-,<a href='/cvdata/assets/datafiles/nozgeom/nozzleDwg.PNG' target='_blank'>Drawing</a>; <a href='/cvdata/assets/datafiles/nozgeom/sacVolumeDimensions.pdf' target='_blank'>sac Vol. Dim.</a>,-,-,-,-,-,33,-,-,-,-,-,-,-,-,-,-,-,-,-,-,-,-,-,-,-,-,-,-,-
30,0,1000,14.8,0.100-a,-,50,-,CET,436,Sandia,#bichg-a.001-.003,-,<a href= '/diesel-spray-combustion/experimental-diagnostics/siebers-liquid-penetration-length/' target='_blank'>LL</a>,-,-,-,-,-,-,-,-,-,-,967,-,-,-,-,15.3,4.33,1.01,-,-,-,-,-,-,58.33,-,-,-,-,-,-,-,-,<a href= '/diesel-spray-combustion/sandia-cv/injector-characterization/' target='_blank'>rate of injection</a>,-,-,-,-,-,-,-,-,-,-,-,-,-,-,<a href='/cvdata/assets/datafiles/nozgeom/nozzleDwg.PNG' target='_blank'>Drawing</a>; <a href='/cvdata/assets/datafiles/nozgeom/sacVolumeDimensions.pdf' target='_blank'>sac Vol. Dim.</a>,-,-,-,-,-,14.1,-,-,-,-,-,-,-,-,-,-,-,-,-,-,-,-,-,-,-,-,-,-,-
31,0,1000,14.8,0.100-a,-,100,-,CET,436,Sandia,#bicfg-a.001-.003,-,<a href= '/diesel-spray-combustion/experimental-diagnostics/siebers-liquid-penetration-length/' target='_blank'>LL</a>,-,-,-,-,-,-,-,-,-,-,967,-,-,-,-,15.3,4.33,1.01,-,-,-,-,-,-,101.33,-,-,-,-,-,-,-,-,<a href= '/diesel-spray-combustion/sandia-cv/injector-characterization/' target='_blank'>rate of injection</a>,-,-,-,-,-,-,-,-,-,-,-,-,-,-,<a href='/cvdata/assets/datafiles/nozgeom/nozzleDwg.PNG' target='_blank'>Drawing</a>; <a href='/cvdata/assets/datafiles/nozgeom/sacVolumeDimensions.pdf' target='_blank'>sac Vol. Dim.</a>,-,-,-,-,-,13.5,-,-,-,-,-,-,-,-,-,-,-,-,-,-,-,-,-,-,-,-,-,-,-
32,0,1000,14.8,0.100-a,-,140,-,CET,436,Sandia,#bicdg-a.001-.003,-,<a href= '/diesel-spray-combustion/experimental-diagnostics/siebers-liquid-penetration-length/' target='_blank'>LL</a>,-,-,-,-,-,-,-,-,-,-,967,-,-,-,-,15.3,4.33,1.01,-,-,-,-,-,-,142.33,-,-,-,-,-,-,-,-,<a href= '/diesel-spray-combustion/sandia-cv/injector-characterization/' target='_blank'>rate of injection</a>,-,-,-,-,-,-,-,-,-,-,-,-,-,-,<a href='/cvdata/assets/datafiles/nozgeom/nozzleDwg.PNG' target='_blank'>Drawing</a>; <a href='/cvdata/assets/datafiles/nozgeom/sacVolumeDimensions.pdf' target='_blank'>sac Vol. Dim.</a>,-,-,-,-,-,13.4,-,-,-,-,-,-,-,-,-,-,-,-,-,-,-,-,-,-,-,-,-,-,-
33,0,1000,14.8,0.100-a,-,170,-,CET,436,Sandia,#biccg-a.001-.003,-,<a href= '/diesel-spray-combustion/experimental-diagnostics/siebers-liquid-penetration-length/' target='_blank'>LL</a>,-,-,-,-,-,-,-,-,-,-,967,-,-,-,-,15.3,4.33,1.01,-,-,-,-,-,-,170.33,-,-,-,-,-,-,-,-,<a href= '/diesel-spray-combustion/sandia-cv/injector-characterization/' target='_blank'>rate of injection</a>,-,-,-,-,-,-,-,-,-,-,-,-,-,-,<a href='/cvdata/assets/datafiles/nozgeom/nozzleDwg.PNG' target='_blank'>Drawing</a>; <a href='/cvdata/assets/datafiles/nozgeom/sacVolumeDimensions.pdf' target='_blank'>sac Vol. Dim.</a>,-,-,-,-,-,13.6,-,-,-,-,-,-,-,-,-,-,-,-,-,-,-,-,-,-,-,-,-,-,-
34,0,1300,30,0.100-a,-,60,-,CET,436,Sandia,#bcdhg-a.001-.003,-,<a href= '/diesel-spray-combustion/experimental-diagnostics/siebers-liquid-penetration-length/' target='_blank'>LL</a>,-,-,-,-,-,-,-,-,-,-,1227,-,-,-,-,31.8,11.57,1.023,-,-,-,-,-,-,67.57,-,-,-,-,-,-,-,-,<a href= '/diesel-spray-combustion/sandia-cv/injector-characterization/' target='_blank'>rate of injection</a>,-,-,-,-,-,-,-,-,-,-,-,-,-,-,<a href='/cvdata/assets/datafiles/nozgeom/nozzleDwg.PNG' target='_blank'>Drawing</a>; <a href='/cvdata/assets/datafiles/nozgeom/sacVolumeDimensions.pdf' target='_blank'>sac Vol. Dim.</a>,-,-,-,-,-,5.4,-,-,-,-,-,-,-,-,-,-,-,-,-,-,-,-,-,-,-,-,-,-,-
35,0,1300,30,0.100-a,-,90,-,CET,436,Sandia,#bcdfg-a.001-.004,-,<a href= '/diesel-spray-combustion/experimental-diagnostics/siebers-liquid-penetration-length/' target='_blank'>LL</a>,-,-,-,-,-,-,-,-,-,-,1227,-,-,-,-,31.8,11.57,1.023,-,-,-,-,-,-,100.57,-,-,-,-,-,-,-,-,<a href= '/diesel-spray-combustion/sandia-cv/injector-characterization/' target='_blank'>rate of injection</a>,-,-,-,-,-,-,-,-,-,-,-,-,-,-,<a href='/cvdata/assets/datafiles/nozgeom/nozzleDwg.PNG' target='_blank'>Drawing</a>; <a href='/cvdata/assets/datafiles/nozgeom/sacVolumeDimensions.pdf' target='_blank'>sac Vol. Dim.</a>,-,-,-,-,-,5.9,-,-,-,-,-,-,-,-,-,-,-,-,-,-,-,-,-,-,-,-,-,-,-
36,0,1300,30,0.100-a,-,130,-,CET,436,Sandia,#bcddg-a.001-.003,-,<a href= '/diesel-spray-combustion/experimental-diagnostics/siebers-liquid-penetration-length/' target='_blank'>LL</a>,-,-,-,-,-,-,-,-,-,-,1227,-,-,-,-,31.8,11.57,1.023,-,-,-,-,-,-,141.57,-,-,-,-,-,-,-,-,<a href= '/diesel-spray-combustion/sandia-cv/injector-characterization/' target='_blank'>rate of injection</a>,-,-,-,-,-,-,-,-,-,-,-,-,-,-,<a href='/cvdata/assets/datafiles/nozgeom/nozzleDwg.PNG' target='_blank'>Drawing</a>; <a href='/cvdata/assets/datafiles/nozgeom/sacVolumeDimensions.pdf' target='_blank'>sac Vol. Dim.</a>,-,-,-,-,-,5.9,-,-,-,-,-,-,-,-,-,-,-,-,-,-,-,-,-,-,-,-,-,-,-
37,0,1300,30,0.100-a,-,160,-,CET,436,Sandia,#bcdcg-a.001-.004,-,<a href= '/diesel-spray-combustion/experimental-diagnostics/siebers-liquid-penetration-length/' target='_blank'>LL</a>,-,-,-,-,-,-,-,-,-,-,1227,-,-,-,-,31.8,11.57,1.023,-,-,-,-,-,-,171.57,-,-,-,-,-,-,-,-,<a href= '/diesel-spray-combustion/sandia-cv/injector-characterization/' target='_blank'>rate of injection</a>,-,-,-,-,-,-,-,-,-,-,-,-,-,-,<a href='/cvdata/assets/datafiles/nozgeom/nozzleDwg.PNG' target='_blank'>Drawing</a>; <a href='/cvdata/assets/datafiles/nozgeom/sacVolumeDimensions.pdf' target='_blank'>sac Vol. Dim.</a>,-,-,-,-,-,5.7,-,-,-,-,-,-,-,-,-,-,-,-,-,-,-,-,-,-,-,-,-,-,-
38,0,700,7.3,0.246-a,-,40,-,CET,436,Sandia,#bobic-a.001-.003,-,<a href= '/diesel-spray-combustion/experimental-diagnostics/siebers-liquid-penetration-length/' target='_blank'>LL</a>,-,-,-,-,-,-,-,-,-,-,692,-,-,-,-,7.4,1.49,1.004,-,-,-,-,-,-,43.49,-,-,-,-,-,-,-,-,-,-,-,-,-,-,-,-,-,-,-,-,-,-,-,-,-,-,-,-,-,74.8,-,-,-,-,-,-,-,-,-,-,-,-,-,-,-,-,-,-,-,-,-,-,-
39,0,700,7.3,0.246-a,-,60,-,CET,436,Sandia,#bobhc-a.001-.003,-,<a href= '/diesel-spray-combustion/experimental-diagnostics/siebers-liquid-penetration-length/' target='_blank'>LL</a>,-,-,-,-,-,-,-,-,-,-,692,-,-,-,-,7.4,1.49,1.004,-,-,-,-,-,-,57.49,-,-,-,-,-,-,-,-,-,-,-,-,-,-,-,-,-,-,-,-,-,-,-,-,-,-,-,-,-,75.6,-,-,-,-,-,-,-,-,-,-,-,-,-,-,-,-,-,-,-,-,-,-,-
40,0,700,7.3,0.246-a,-,90,-,CET,436,Sandia,#bobfc-a.001-.003,-,<a href= '/diesel-spray-combustion/experimental-diagnostics/siebers-liquid-penetration-length/' target='_blank'>LL</a>,-,-,-,-,-,-,-,-,-,-,692,-,-,-,-,7.4,1.49,1.004,-,-,-,-,-,-,87.49,-,-,-,-,-,-,-,-,-,-,-,-,-,-,-,-,-,-,-,-,-,-,-,-,-,-,-,-,-,75,-,-,-,-,-,-,-,-,-,-,-,-,-,-,-,-,-,-,-,-,-,-,-
41,0,700,7.3,0.246-a,-,140,-,CET,436,Sandia,#bobdc-a.001-.005,-,<a href= '/diesel-spray-combustion/experimental-diagnostics/siebers-liquid-penetration-length/' target='_blank'>LL</a>,-,-,-,-,-,-,-,-,-,-,692,-,-,-,-,7.4,1.49,1.004,-,-,-,-,-,-,139.49,-,-,-,-,-,-,-,-,-,-,-,-,-,-,-,-,-,-,-,-,-,-,-,-,-,-,-,-,-,75.8,-,-,-,-,-,-,-,-,-,-,-,-,-,-,-,-,-,-,-,-,-,-,-
42,0,700,7.3,0.246-a,-,160,-,CET,436,Sandia,#bobcc-a.001-.002,-,<a href= '/diesel-spray-combustion/experimental-diagnostics/siebers-liquid-penetration-length/' target='_blank'>LL</a>,-,-,-,-,-,-,-,-,-,-,692,-,-,-,-,7.4,1.49,1.004,-,-,-,-,-,-,164.49,-,-,-,-,-,-,-,-,-,-,-,-,-,-,-,-,-,-,-,-,-,-,-,-,-,-,-,-,-,76.6,-,-,-,-,-,-,-,-,-,-,-,-,-,-,-,-,-,-,-,-,-,-,-
43,0,1000,14.8,0.246-a,-,50,-,CET,436,Sandia,#bicic-a.001-.005,-,<a href= '/diesel-spray-combustion/experimental-diagnostics/siebers-liquid-penetration-length/' target='_blank'>LL</a>,-,-,-,-,-,-,-,-,-,-,967,-,-,-,-,15.3,4.33,1.01,-,-,-,-,-,-,50.33,-,-,-,-,-,-,-,-,-,-,-,-,-,-,-,-,-,-,-,-,-,-,-,-,-,-,-,-,-,30.1,-,-,-,-,-,-,-,-,-,-,-,-,-,-,-,-,-,-,-,-,-,-,-
44,0,1000,14.8,0.246-a,-,60,-,CET,436,Sandia,#bichc-a.001-.005,-,<a href= '/diesel-spray-combustion/experimental-diagnostics/siebers-liquid-penetration-length/' target='_blank'>LL</a>,-,-,-,-,-,-,-,-,-,-,967,-,-,-,-,15.3,4.33,1.01,-,-,-,-,-,-,60.33,-,-,-,-,-,-,-,-,-,-,-,-,-,-,-,-,-,-,-,-,-,-,-,-,-,-,-,-,-,30.1,-,-,-,-,-,-,-,-,-,-,-,-,-,-,-,-,-,-,-,-,-,-,-
45,0,1000,14.8,0.246-a,-,90,-,CET,436,Sandia,#bicfc-a.001-.005,-,<a href= '/diesel-spray-combustion/experimental-diagnostics/siebers-liquid-penetration-length/' target='_blank'>LL</a>,-,-,-,-,-,-,-,-,-,-,967,-,-,-,-,15.3,4.33,1.01,-,-,-,-,-,-,90.33,-,-,-,-,-,-,-,-,-,-,-,-,-,-,-,-,-,-,-,-,-,-,-,-,-,-,-,-,-,30.6,-,-,-,-,-,-,-,-,-,-,-,-,-,-,-,-,-,-,-,-,-,-,-
46,0,1000,14.8,0.246-a,-,170,-,CET,436,Sandia,#biccc-a.001-.002,-,<a href= '/diesel-spray-combustion/experimental-diagnostics/siebers-liquid-penetration-length/' target='_blank'>LL</a>,-,-,-,-,-,-,-,-,-,-,967,-,-,-,-,15.3,4.33,1.01,-,-,-,-,-,-,172.33,-,-,-,-,-,-,-,-,-,-,-,-,-,-,-,-,-,-,-,-,-,-,-,-,-,-,-,-,-,30.4,-,-,-,-,-,-,-,-,-,-,-,-,-,-,-,-,-,-,-,-,-,-,-
47,0,1300,30,0.246-a,-,40,-,CET,436,Sandia,#bcdic-a.001-.004,-,<a href= '/diesel-spray-combustion/experimental-diagnostics/siebers-liquid-penetration-length/' target='_blank'>LL</a>,-,-,-,-,-,-,-,-,-,-,1227,-,-,-,-,31.8,11.57,1.023,-,-,-,-,-,-,52.57,-,-,-,-,-,-,-,-,-,-,-,-,-,-,-,-,-,-,-,-,-,-,-,-,-,-,-,-,-,12.3,-,-,-,-,-,-,-,-,-,-,-,-,-,-,-,-,-,-,-,-,-,-,-
48,0,1300,30,0.246-a,-,60,-,CET,436,Sandia,#bcdhc-a.001-.003,-,<a href= '/diesel-spray-combustion/experimental-diagnostics/siebers-liquid-penetration-length/' target='_blank'>LL</a>,-,-,-,-,-,-,-,-,-,-,1227,-,-,-,-,31.8,11.57,1.023,-,-,-,-,-,-,66.57,-,-,-,-,-,-,-,-,-,-,-,-,-,-,-,-,-,-,-,-,-,-,-,-,-,-,-,-,-,12.8,-,-,-,-,-,-,-,-,-,-,-,-,-,-,-,-,-,-,-,-,-,-,-
49,0,1300,30,0.246-a,-,90,-,CET,436,Sandia,#bcdfc-a.001-.003,-,<a href= '/diesel-spray-combustion/experimental-diagnostics/siebers-liquid-penetration-length/' target='_blank'>LL</a>,-,-,-,-,-,-,-,-,-,-,1227,-,-,-,-,31.8,11.57,1.023,-,-,-,-,-,-,97.57,-,-,-,-,-,-,-,-,-,-,-,-,-,-,-,-,-,-,-,-,-,-,-,-,-,-,-,-,-,13.4,-,-,-,-,-,-,-,-,-,-,-,-,-,-,-,-,-,-,-,-,-,-,-
50,0,1300,30,0.246-a,-,160,-,CET,436,Sandia,#bcdcc-a.001-.003,-,<a href= '/diesel-spray-combustion/experimental-diagnostics/siebers-liquid-penetration-length/' target='_blank'>LL</a>,-,-,-,-,-,-,-,-,-,-,1227,-,-,-,-,31.8,11.57,1.023,-,-,-,-,-,-,170.57,-,-,-,-,-,-,-,-,-,-,-,-,-,-,-,-,-,-,-,-,-,-,-,-,-,-,-,-,-,14.9,-,-,-,-,-,-,-,-,-,-,-,-,-,-,-,-,-,-,-,-,-,-,-
51,0,1000,14.8,0.498-a,-,50,-,CET,436,Sandia,#bicif-a.001-.003,-,<a href= '/diesel-spray-combustion/experimental-diagnostics/siebers-liquid-penetration-length/' target='_blank'>LL</a>,-,-,-,-,-,-,-,-,-,-,967,-,-,-,-,15.3,4.33,1.01,-,-,-,-,-,-,50.33,-,-,-,-,-,-,-,-,-,-,-,-,-,-,-,-,-,-,-,-,-,-,-,-,-,-,-,-,-,61.9,-,-,-,-,-,-,-,-,-,-,-,-,-,-,-,-,-,-,-,-,-,-,-
52,0,1000,14.8,0.498-a,-,60,-,CET,436,Sandia,#bichf-a.001-.003,-,<a href= '/diesel-spray-combustion/experimental-diagnostics/siebers-liquid-penetration-length/' target='_blank'>LL</a>,-,-,-,-,-,-,-,-,-,-,967,-,-,-,-,15.3,4.33,1.01,-,-,-,-,-,-,61.33,-,-,-,-,-,-,-,-,-,-,-,-,-,-,-,-,-,-,-,-,-,-,-,-,-,-,-,-,-,61.9,-,-,-,-,-,-,-,-,-,-,-,-,-,-,-,-,-,-,-,-,-,-,-
53,0,1000,14.8,0.498-a,-,80,-,CET,436,Sandia,#bicff-a.001-.003,-,<a href= '/diesel-spray-combustion/experimental-diagnostics/siebers-liquid-penetration-length/' target='_blank'>LL</a>,-,-,-,-,-,-,-,-,-,-,967,-,-,-,-,15.3,4.33,1.01,-,-,-,-,-,-,88.33,-,-,-,-,-,-,-,-,-,-,-,-,-,-,-,-,-,-,-,-,-,-,-,-,-,-,-,-,-,63.1,-,-,-,-,-,-,-,-,-,-,-,-,-,-,-,-,-,-,-,-,-,-,-
54,0,1000,14.8,0.498-a,-,130,-,CET,436,Sandia,#bicdf-a.001-.003,-,<a href= '/diesel-spray-combustion/experimental-diagnostics/siebers-liquid-penetration-length/' target='_blank'>LL</a>,-,-,-,-,-,-,-,-,-,-,967,-,-,-,-,15.3,4.33,1.01,-,-,-,-,-,-,136.33,-,-,-,-,-,-,-,-,-,-,-,-,-,-,-,-,-,-,-,-,-,-,-,-,-,-,-,-,-,63.3,-,-,-,-,-,-,-,-,-,-,-,-,-,-,-,-,-,-,-,-,-,-,-
55,0,1000,14.8,0.498-a,-,160,-,CET,436,Sandia,#biccf-a.001-.003,-,<a href= '/diesel-spray-combustion/experimental-diagnostics/siebers-liquid-penetration-length/' target='_blank'>LL</a>,-,-,-,-,-,-,-,-,-,-,967,-,-,-,-,15.3,4.33,1.01,-,-,-,-,-,-,162.33,-,-,-,-,-,-,-,-,-,-,-,-,-,-,-,-,-,-,-,-,-,-,-,-,-,-,-,-,-,63.2,-,-,-,-,-,-,-,-,-,-,-,-,-,-,-,-,-,-,-,-,-,-,-
56,0,1300,30,0.498-a,-,40,-,CET,436,Sandia,#bcdif-a.001-.003,-,<a href= '/diesel-spray-combustion/experimental-diagnostics/siebers-liquid-penetration-length/' target='_blank'>LL</a>,-,-,-,-,-,-,-,-,-,-,1227,-,-,-,-,31.8,11.57,1.023,-,-,-,-,-,-,52.57,-,-,-,-,-,-,-,-,-,-,-,-,-,-,-,-,-,-,-,-,-,-,-,-,-,-,-,-,-,27,-,-,-,-,-,-,-,-,-,-,-,-,-,-,-,-,-,-,-,-,-,-,-
57,0,1300,30,0.498-a,-,50,-,CET,436,Sandia,#bcdhf-a.001-.003,-,<a href= '/diesel-spray-combustion/experimental-diagnostics/siebers-liquid-penetration-length/' target='_blank'>LL</a>,-,-,-,-,-,-,-,-,-,-,1227,-,-,-,-,31.8,11.57,1.023,-,-,-,-,-,-,65.57,-,-,-,-,-,-,-,-,-,-,-,-,-,-,-,-,-,-,-,-,-,-,-,-,-,-,-,-,-,26.8,-,-,-,-,-,-,-,-,-,-,-,-,-,-,-,-,-,-,-,-,-,-,-
58,0,1300,30,0.498-a,-,90,-,CET,436,Sandia,#bcdff-a.001-.003,-,<a href= '/diesel-spray-combustion/experimental-diagnostics/siebers-liquid-penetration-length/' target='_blank'>LL</a>,-,-,-,-,-,-,-,-,-,-,1227,-,-,-,-,31.8,11.57,1.023,-,-,-,-,-,-,101.57,-,-,-,-,-,-,-,-,-,-,-,-,-,-,-,-,-,-,-,-,-,-,-,-,-,-,-,-,-,27.7,-,-,-,-,-,-,-,-,-,-,-,-,-,-,-,-,-,-,-,-,-,-,-
59,0,1300,30,0.498-a,-,140,-,CET,436,Sandia,#bcddf-a.001-.003,-,<a href= '/diesel-spray-combustion/experimental-diagnostics/siebers-liquid-penetration-length/' target='_blank'>LL</a>,-,-,-,-,-,-,-,-,-,-,1227,-,-,-,-,31.8,11.57,1.023,-,-,-,-,-,-,146.57,-,-,-,-,-,-,-,-,-,-,-,-,-,-,-,-,-,-,-,-,-,-,-,-,-,-,-,-,-,28.3,-,-,-,-,-,-,-,-,-,-,-,-,-,-,-,-,-,-,-,-,-,-,-
60,0,1300,30,0.498-a,-,150,-,CET,436,Sandia,#bcdcf-a.001-.003,-,<a href= '/diesel-spray-combustion/experimental-diagnostics/siebers-liquid-penetration-length/' target='_blank'>LL</a>,-,-,-,-,-,-,-,-,-,-,1227,-,-,-,-,31.8,11.57,1.023,-,-,-,-,-,-,160.57,-,-,-,-,-,-,-,-,-,-,-,-,-,-,-,-,-,-,-,-,-,-,-,-,-,-,-,-,-,28.3,-,-,-,-,-,-,-,-,-,-,-,-,-,-,-,-,-,-,-,-,-,-,-
61,0,700,7.3,0.251-a,-,140,-,CET,436,Sandia,#bobdj-a.001-.003,-,<a href= '/diesel-spray-combustion/experimental-diagnostics/siebers-liquid-penetration-length/' target='_blank'>LL</a>,-,-,-,-,-,-,-,-,-,-,692,-,-,-,-,7.4,1.49,1.004,-,-,-,-,-,-,139.49,-,-,-,-,-,-,-,-,-,-,-,-,-,-,-,-,-,-,-,-,-,-,-,-,-,-,-,-,-,74.9,-,-,-,-,-,-,-,-,-,-,-,-,-,-,-,-,-,-,-,-,-,-,-
62,0,1000,14.8,0.251-a,-,60,-,CET,436,Sandia,#bichj-a.001-.006,-,<a href= '/diesel-spray-combustion/experimental-diagnostics/siebers-liquid-penetration-length/' target='_blank'>LL</a>,-,-,-,-,-,-,-,-,-,-,967,-,-,-,-,15.3,4.33,1.01,-,-,-,-,-,-,63.33,-,-,-,-,-,-,-,-,-,-,-,-,-,-,-,-,-,-,-,-,-,-,-,-,-,-,-,-,-,30.7,-,-,-,-,-,-,-,-,-,-,-,-,-,-,-,-,-,-,-,-,-,-,-
63,0,1000,14.8,0.251-a,-,130,-,CET,436,Sandia,#bicdj-a.001-.005,-,<a href= '/diesel-spray-combustion/experimental-diagnostics/siebers-liquid-penetration-length/' target='_blank'>LL</a>,-,-,-,-,-,-,-,-,-,-,967,-,-,-,-,15.3,4.33,1.01,-,-,-,-,-,-,138.33,-,-,-,-,-,-,-,-,-,-,-,-,-,-,-,-,-,-,-,-,-,-,-,-,-,-,-,-,-,31.3,-,-,-,-,-,-,-,-,-,-,-,-,-,-,-,-,-,-,-,-,-,-,-
64,0,1300,30,0.251-a,-,140,-,CET,436,Sandia,#bcddj-a.001-.003,-,<a href= '/diesel-spray-combustion/experimental-diagnostics/siebers-liquid-penetration-length/' target='_blank'>LL</a>,-,-,-,-,-,-,-,-,-,-,1227,-,-,-,-,31.8,11.57,1.023,-,-,-,-,-,-,146.57,-,-,-,-,-,-,-,-,-,-,-,-,-,-,-,-,-,-,-,-,-,-,-,-,-,-,-,-,-,14.7,-,-,-,-,-,-,-,-,-,-,-,-,-,-,-,-,-,-,-,-,-,-,-
65,0,700,7.3,0.267-a,-,140,-,CET,436,Sandia,#bobdi-a.001-.003,-,<a href= '/diesel-spray-combustion/experimental-diagnostics/siebers-liquid-penetration-length/' target='_blank'>LL</a>,-,-,-,-,-,-,-,-,-,-,692,-,-,-,-,7.4,1.49,1.004,-,-,-,-,-,-,141.49,-,-,-,-,-,-,-,-,-,-,-,-,-,-,-,-,-,-,-,-,-,-,-,-,-,-,-,-,-,87.4,-,-,-,-,-,-,-,-,-,-,-,-,-,-,-,-,-,-,-,-,-,-,-
66,0,1000,14.8,0.267-a,-,60,-,CET,436,Sandia,#bichi-a.001-.005,-,<a href= '/diesel-spray-combustion/experimental-diagnostics/siebers-liquid-penetration-length/' target='_blank'>LL</a>,-,-,-,-,-,-,-,-,-,-,967,-,-,-,-,15.3,4.33,1.01,-,-,-,-,-,-,60.33,-,-,-,-,-,-,-,-,-,-,-,-,-,-,-,-,-,-,-,-,-,-,-,-,-,-,-,-,-,34.6,-,-,-,-,-,-,-,-,-,-,-,-,-,-,-,-,-,-,-,-,-,-,-
67,0,1000,14.8,0.267-a,-,130,-,CET,436,Sandia,#bicdi-a.001-.005,-,<a href= '/diesel-spray-combustion/experimental-diagnostics/siebers-liquid-penetration-length/' target='_blank'>LL</a>,-,-,-,-,-,-,-,-,-,-,967,-,-,-,-,15.3,4.33,1.01,-,-,-,-,-,-,137.33,-,-,-,-,-,-,-,-,-,-,-,-,-,-,-,-,-,-,-,-,-,-,-,-,-,-,-,-,-,35.7,-,-,-,-,-,-,-,-,-,-,-,-,-,-,-,-,-,-,-,-,-,-,-
68,0,1300,30,0.267-a,-,140,-,CET,436,Sandia,#bcddi-a.001-.003,-,<a href= '/diesel-spray-combustion/experimental-diagnostics/siebers-liquid-penetration-length/' target='_blank'>LL</a>,-,-,-,-,-,-,-,-,-,-,1227,-,-,-,-,31.8,11.57,1.023,-,-,-,-,-,-,146.57,-,-,-,-,-,-,-,-,-,-,-,-,-,-,-,-,-,-,-,-,-,-,-,-,-,-,-,-,-,15.8,-,-,-,-,-,-,-,-,-,-,-,-,-,-,-,-,-,-,-,-,-,-,-
69,0,700,3.6,0.246-a,-,130,-,D2,436,Sandia,#boadc-a.001-.005,-,<a href= '/diesel-spray-combustion/experimental-diagnostics/siebers-liquid-penetration-length/' target='_blank'>LL</a>,-,-,-,-,-,-,-,-,-,-,695,-,-,-,-,3.6,0.73,1.002,-,-,-,-,-,-,131.73,-,-,-,-,-,-,-,-,-,-,-,-,-,-,-,-,-,-,-,-,-,-,-,-,-,-,-,-,-,105,-,-,-,-,-,-,-,-,-,-,-,-,-,-,-,-,-,-,-,-,-,-,-
70,0,700,7.3,0.246-a,-,130,-,D2,436,Sandia,#bobdc-a.001-.008,-,<a href= '/diesel-spray-combustion/experimental-diagnostics/siebers-liquid-penetration-length/' target='_blank'>LL</a>,-,-,-,-,-,-,-,-,-,-,692,-,-,-,-,7.4,1.49,1.004,-,-,-,-,-,-,134.49,-,-,-,-,-,-,-,-,-,-,-,-,-,-,-,-,-,-,-,-,-,-,-,-,-,-,-,-,-,81.5,-,-,-,-,-,-,-,-,-,-,-,-,-,-,-,-,-,-,-,-,-,-,-
71,0,700,14.8,0.246-a,-,130,-,D2,436,Sandia,#bocdc-a.001-.005,-,<a href= '/diesel-spray-combustion/experimental-diagnostics/siebers-liquid-penetration-length/' target='_blank'>LL</a>,-,-,-,-,-,-,-,-,-,-,690,-,-,-,-,15,3.03,1.008,-,-,-,-,-,-,134.03,-,-,-,-,-,-,-,-,-,-,-,-,-,-,-,-,-,-,-,-,-,-,-,-,-,-,-,-,-,64.3,-,-,-,-,-,-,-,-,-,-,-,-,-,-,-,-,-,-,-,-,-,-,-
72,0,700,30,0.246-a,-,130,-,D2,436,Sandia,#boddc-a.001-.005,-,<a href= '/diesel-spray-combustion/experimental-diagnostics/siebers-liquid-penetration-length/' target='_blank'>LL</a>,-,-,-,-,-,-,-,-,-,-,690,-,-,-,-,30.4,6.2,1.018,-,-,-,-,-,-,140.2,-,-,-,-,-,-,-,-,-,-,-,-,-,-,-,-,-,-,-,-,-,-,-,-,-,-,-,-,-,51.3,-,-,-,-,-,-,-,-,-,-,-,-,-,-,-,-,-,-,-,-,-,-,-
73,0,700,58.5,0.246-a,-,130,-,D2,436,Sandia,#boedc-a.001-.003,-,<a href= '/diesel-spray-combustion/experimental-diagnostics/siebers-liquid-penetration-length/' target='_blank'>LL</a>,-,-,-,-,-,-,-,-,-,-,693,-,-,-,-,59.1,12.34,1.039,-,-,-,-,-,-,146.34,-,-,-,-,-,-,-,-,-,-,-,-,-,-,-,-,-,-,-,-,-,-,-,-,-,-,-,-,-,37.4,-,-,-,-,-,-,-,-,-,-,-,-,-,-,-,-,-,-,-,-,-,-,-
74,0,850,3.6,0.246-a,-,140,-,D2,436,Sandia,#bladc-a.001-.003,-,<a href= '/diesel-spray-combustion/experimental-diagnostics/siebers-liquid-penetration-length/' target='_blank'>LL</a>,-,-,-,-,-,-,-,-,-,-,839,-,-,-,-,3.6,0.89,1.002,-,-,-,-,-,-,140.89,-,-,-,-,-,-,-,-,-,-,-,-,-,-,-,-,-,-,-,-,-,-,-,-,-,-,-,-,-,83,-,-,-,-,-,-,-,-,-,-,-,-,-,-,-,-,-,-,-,-,-,-,-
75,0,850,7.3,0.246-a,-,130,-,D2,436,Sandia,#blbdc-a.001-.003,-,<a href= '/diesel-spray-combustion/experimental-diagnostics/siebers-liquid-penetration-length/' target='_blank'>LL</a>,-,-,-,-,-,-,-,-,-,-,834,-,-,-,-,7.4,1.81,1.005,-,-,-,-,-,-,133.81,-,-,-,-,-,-,-,-,-,-,-,-,-,-,-,-,-,-,-,-,-,-,-,-,-,-,-,-,-,62.1,-,-,-,-,-,-,-,-,-,-,-,-,-,-,-,-,-,-,-,-,-,-,-
76,0,850,14.8,0.246-a,-,140,-,D2,436,Sandia,#blcdc-a.001-.003,-,<a href= '/diesel-spray-combustion/experimental-diagnostics/siebers-liquid-penetration-length/' target='_blank'>LL</a>,-,-,-,-,-,-,-,-,-,-,830,-,-,-,-,15.2,3.68,1.01,-,-,-,-,-,-,138.68,-,-,-,-,-,-,-,-,-,-,-,-,-,-,-,-,-,-,-,-,-,-,-,-,-,-,-,-,-,44.4,-,-,-,-,-,-,-,-,-,-,-,-,-,-,-,-,-,-,-,-,-,-,-
77,0,850,30,0.246-a,-,130,-,D2,436,Sandia,#blddc-a.001-.003,-,<a href= '/diesel-spray-combustion/experimental-diagnostics/siebers-liquid-penetration-length/' target='_blank'>LL</a>,-,-,-,-,-,-,-,-,-,-,827,-,-,-,-,30.8,7.54,1.021,-,-,-,-,-,-,136.54,-,-,-,-,-,-,-,-,-,-,-,-,-,-,-,-,-,-,-,-,-,-,-,-,-,-,-,-,-,30.2,-,-,-,-,-,-,-,-,-,-,-,-,-,-,-,-,-,-,-,-,-,-,-
78,0,850,58.5,0.246-a,-,130,-,D2,436,Sandia,#bledc-a.001-.002,-,<a href= '/diesel-spray-combustion/experimental-diagnostics/siebers-liquid-penetration-length/' target='_blank'>LL</a>,-,-,-,-,-,-,-,-,-,-,824,-,-,-,-,60.3,15.05,1.044,-,-,-,-,-,-,148.05,-,-,-,-,-,-,-,-,-,-,-,-,-,-,-,-,-,-,-,-,-,-,-,-,-,-,-,-,-,20.5,-,-,-,-,-,-,-,-,-,-,-,-,-,-,-,-,-,-,-,-,-,-,-
79,0,1000,3.6,0.246-a,-,130,-,D2,436,Sandia,#biadc-a.001-.005,-,<a href= '/diesel-spray-combustion/experimental-diagnostics/siebers-liquid-penetration-length/' target='_blank'>LL</a>,-,-,-,-,-,-,-,-,-,-,983,-,-,-,-,3.7,1.05,1.002,-,-,-,-,-,-,132.05,-,-,-,-,-,-,-,-,-,-,-,-,-,-,-,-,-,-,-,-,-,-,-,-,-,-,-,-,-,71.5,-,-,-,-,-,-,-,-,-,-,-,-,-,-,-,-,-,-,-,-,-,-,-
80,0,1000,7.3,0.246-a,-,140,-,D2,436,Sandia,#bibdc-a.001-.005,-,<a href= '/diesel-spray-combustion/experimental-diagnostics/siebers-liquid-penetration-length/' target='_blank'>LL</a>,-,-,-,-,-,-,-,-,-,-,974,-,-,-,-,7.5,2.13,1.005,-,-,-,-,-,-,137.13,-,-,-,-,-,-,-,-,-,-,-,-,-,-,-,-,-,-,-,-,-,-,-,-,-,-,-,-,-,51.1,-,-,-,-,-,-,-,-,-,-,-,-,-,-,-,-,-,-,-,-,-,-,-
81,0,1000,14.8,0.246-a,-,140,-,D2,436,Sandia,#bicdc-a.001-.008,-,<a href= '/diesel-spray-combustion/experimental-diagnostics/siebers-liquid-penetration-length/' target='_blank'>LL</a>,-,-,-,-,-,-,-,-,-,-,967,-,-,-,-,15.3,4.33,1.01,-,-,-,-,-,-,139.33,-,-,-,-,-,-,-,-,-,-,-,-,-,-,-,-,-,-,-,-,-,-,-,-,-,-,-,-,-,33.1,-,-,-,-,-,-,-,-,-,-,-,-,-,-,-,-,-,-,-,-,-,-,-
82,0,1000,30,0.246-a,-,140,-,D2,436,Sandia,#biddc-a.001-.005,-,<a href= '/diesel-spray-combustion/experimental-diagnostics/siebers-liquid-penetration-length/' target='_blank'>LL</a>,-,-,-,-,-,-,-,-,-,-,962,-,-,-,-,31.2,8.89,1.022,-,-,-,-,-,-,143.89,-,-,-,-,-,-,-,-,-,-,-,-,-,-,-,-,-,-,-,-,-,-,-,-,-,-,-,-,-,22.6,-,-,-,-,-,-,-,-,-,-,-,-,-,-,-,-,-,-,-,-,-,-,-
83,0,1000,58.5,0.246-a,-,130,-,D2,436,Sandia,#biedc-a.001-.002,-,<a href= '/diesel-spray-combustion/experimental-diagnostics/siebers-liquid-penetration-length/' target='_blank'>LL</a>,-,-,-,-,-,-,-,-,-,-,954,-,-,-,-,61.3,17.75,1.047,-,-,-,-,-,-,151.75,-,-,-,-,-,-,-,-,-,-,-,-,-,-,-,-,-,-,-,-,-,-,-,-,-,-,-,-,-,14.3,-,-,-,-,-,-,-,-,-,-,-,-,-,-,-,-,-,-,-,-,-,-,-
84,0,1150,3.6,0.246-a,-,140,-,D2,436,Sandia,#bfadc-a.001-.003,-,<a href= '/diesel-spray-combustion/experimental-diagnostics/siebers-liquid-penetration-length/' target='_blank'>LL</a>,-,-,-,-,-,-,-,-,-,-,1126,-,-,-,-,3.7,1.2,1.002,-,-,-,-,-,-,136.2,-,-,-,-,-,-,-,-,-,-,-,-,-,-,-,-,-,-,-,-,-,-,-,-,-,-,-,-,-,64.3,-,-,-,-,-,-,-,-,-,-,-,-,-,-,-,-,-,-,-,-,-,-,-
85,0,1150,7.3,0.246-a,-,140,-,D2,436,Sandia,#bfbdc-a.001-.003,-,<a href= '/diesel-spray-combustion/experimental-diagnostics/siebers-liquid-penetration-length/' target='_blank'>LL</a>,-,-,-,-,-,-,-,-,-,-,1113,-,-,-,-,7.5,2.45,1.005,-,-,-,-,-,-,137.45,-,-,-,-,-,-,-,-,-,-,-,-,-,-,-,-,-,-,-,-,-,-,-,-,-,-,-,-,-,42.1,-,-,-,-,-,-,-,-,-,-,-,-,-,-,-,-,-,-,-,-,-,-,-
86,0,1150,14.8,0.246-a,-,130,-,D2,436,Sandia,#bfcdc-a.001-.003,-,<a href= '/diesel-spray-combustion/experimental-diagnostics/siebers-liquid-penetration-length/' target='_blank'>LL</a>,-,-,-,-,-,-,-,-,-,-,1103,-,-,-,-,15.4,4.99,1.011,-,-,-,-,-,-,134.99,-,-,-,-,-,-,-,-,-,-,-,-,-,-,-,-,-,-,-,-,-,-,-,-,-,-,-,-,-,27.8,-,-,-,-,-,-,-,-,-,-,-,-,-,-,-,-,-,-,-,-,-,-,-
87,0,1150,30,0.246-a,-,140,-,D2,436,Sandia,#bfddc-a.001-.003,-,<a href= '/diesel-spray-combustion/experimental-diagnostics/siebers-liquid-penetration-length/' target='_blank'>LL</a>,-,-,-,-,-,-,-,-,-,-,1095,-,-,-,-,31.5,10.23,1.023,-,-,-,-,-,-,145.23,-,-,-,-,-,-,-,-,-,-,-,-,-,-,-,-,-,-,-,-,-,-,-,-,-,-,-,-,-,17.8,-,-,-,-,-,-,-,-,-,-,-,-,-,-,-,-,-,-,-,-,-,-,-
88,0,1150,58.5,0.246-a,-,130,-,D2,436,Sandia,#bfedc-a.001-.002,-,<a href= '/diesel-spray-combustion/experimental-diagnostics/siebers-liquid-penetration-length/' target='_blank'>LL</a>,-,-,-,-,-,-,-,-,-,-,1082,-,-,-,-,62.2,20.45,1.048,-,-,-,-,-,-,152.45,-,-,-,-,-,-,-,-,-,-,-,-,-,-,-,-,-,-,-,-,-,-,-,-,-,-,-,-,-,11.1,-,-,-,-,-,-,-,-,-,-,-,-,-,-,-,-,-,-,-,-,-,-,-
89,0,1300,3.6,0.246-a,-,130,-,D2,436,Sandia,#bcadc-a.001-.005,-,<a href= '/diesel-spray-combustion/experimental-diagnostics/siebers-liquid-penetration-length/' target='_blank'>LL</a>,-,-,-,-,-,-,-,-,-,-,1267,-,-,-,-,3.7,1.36,1.003,-,-,-,-,-,-,135.36,-,-,-,-,-,-,-,-,-,-,-,-,-,-,-,-,-,-,-,-,-,-,-,-,-,-,-,-,-,56.2,-,-,-,-,-,-,-,-,-,-,-,-,-,-,-,-,-,-,-,-,-,-,-
90,0,1300,7.3,0.246-a,-,140,-,D2,436,Sandia,#bcbdc-a.001-.005,-,<a href= '/diesel-spray-combustion/experimental-diagnostics/siebers-liquid-penetration-length/' target='_blank'>LL</a>,-,-,-,-,-,-,-,-,-,-,1249,-,-,-,-,7.6,2.77,1.005,-,-,-,-,-,-,137.77,-,-,-,-,-,-,-,-,-,-,-,-,-,-,-,-,-,-,-,-,-,-,-,-,-,-,-,-,-,35.9,-,-,-,-,-,-,-,-,-,-,-,-,-,-,-,-,-,-,-,-,-,-,-
91,0,1300,14.8,0.246-a,-,130,-,D2,436,Sandia,#bccdc-a.001-.005,-,<a href= '/diesel-spray-combustion/experimental-diagnostics/siebers-liquid-penetration-length/' target='_blank'>LL</a>,-,-,-,-,-,-,-,-,-,-,1237,-,-,-,-,15.6,5.64,1.011,-,-,-,-,-,-,138.64,-,-,-,-,-,-,-,-,-,-,-,-,-,-,-,-,-,-,-,-,-,-,-,-,-,-,-,-,-,23.4,-,-,-,-,-,-,-,-,-,-,-,-,-,-,-,-,-,-,-,-,-,-,-
92,0,1300,30,0.246-a,-,140,-,D2,436,Sandia,#bcddc-a.001-.006,-,<a href= '/diesel-spray-combustion/experimental-diagnostics/siebers-liquid-penetration-length/' target='_blank'>LL</a>,-,-,-,-,-,-,-,-,-,-,1227,-,-,-,-,31.8,11.57,1.023,-,-,-,-,-,-,146.57,-,-,-,-,-,-,-,-,-,-,-,-,-,-,-,-,-,-,-,-,-,-,-,-,-,-,-,-,-,14.7,-,-,-,-,-,-,-,-,-,-,-,-,-,-,-,-,-,-,-,-,-,-,-
93,0,1300,58.5,0.246-a,-,130,-,D2,436,Sandia,#bcedc-a.001-.002,-,<a href= '/diesel-spray-combustion/experimental-diagnostics/siebers-liquid-penetration-length/' target='_blank'>LL</a>,-,-,-,-,-,-,-,-,-,-,1209,-,-,-,-,62.9,23.14,1.049,-,-,-,-,-,-,157.14,-,-,-,-,-,-,-,-,-,-,-,-,-,-,-,-,-,-,-,-,-,-,-,-,-,-,-,-,-,8.2,-,-,-,-,-,-,-,-,-,-,-,-,-,-,-,-,-,-,-,-,-,-,-
94,0,700,7.3,0.100-a,-,60,-,D2,436,Sandia,#bobhg-a.001-.003,-,<a href= '/diesel-spray-combustion/experimental-diagnostics/siebers-liquid-penetration-length/' target='_blank'>LL</a>,-,-,-,-,-,-,-,-,-,-,692,-,-,-,-,7.4,1.49,1.004,-,-,-,-,-,-,57.49,-,-,-,-,-,-,-,-,<a href= '/diesel-spray-combustion/sandia-cv/injector-characterization/' target='_blank'>rate of injection</a>,-,-,-,-,-,-,-,-,-,-,-,-,-,-,<a href='/cvdata/assets/datafiles/nozgeom/nozzleDwg.PNG' target='_blank'>Drawing</a>; <a href='/cvdata/assets/datafiles/nozgeom/sacVolumeDimensions.pdf' target='_blank'>sac Vol. Dim.</a>,-,-,-,-,-,37.4,-,-,-,-,-,-,-,-,-,-,-,-,-,-,-,-,-,-,-,-,-,-,-
95,0,700,7.3,0.100-a,-,90,-,D2,436,Sandia,#bobfg-a.001-.003,-,<a href= '/diesel-spray-combustion/experimental-diagnostics/siebers-liquid-penetration-length/' target='_blank'>LL</a>,-,-,-,-,-,-,-,-,-,-,692,-,-,-,-,7.4,1.49,1.004,-,-,-,-,-,-,88.49,-,-,-,-,-,-,-,-,<a href= '/diesel-spray-combustion/sandia-cv/injector-characterization/' target='_blank'>rate of injection</a>,-,-,-,-,-,-,-,-,-,-,-,-,-,-,<a href='/cvdata/assets/datafiles/nozgeom/nozzleDwg.PNG' target='_blank'>Drawing</a>; <a href='/cvdata/assets/datafiles/nozgeom/sacVolumeDimensions.pdf' target='_blank'>sac Vol. Dim.</a>,-,-,-,-,-,36.7,-,-,-,-,-,-,-,-,-,-,-,-,-,-,-,-,-,-,-,-,-,-,-
96,0,700,7.3,0.100-a,-,130,-,D2,436,Sandia,#bobdg-a.001-.003,-,<a href= '/diesel-spray-combustion/experimental-diagnostics/siebers-liquid-penetration-length/' target='_blank'>LL</a>,-,-,-,-,-,-,-,-,-,-,692,-,-,-,-,7.4,1.49,1.004,-,-,-,-,-,-,135.49,-,-,-,-,-,-,-,-,<a href= '/diesel-spray-combustion/sandia-cv/injector-characterization/' target='_blank'>rate of injection</a>,-,-,-,-,-,-,-,-,-,-,-,-,-,-,<a href='/cvdata/assets/datafiles/nozgeom/nozzleDwg.PNG' target='_blank'>Drawing</a>; <a href='/cvdata/assets/datafiles/nozgeom/sacVolumeDimensions.pdf' target='_blank'>sac Vol. Dim.</a>,-,-,-,-,-,36.5,-,-,-,-,-,-,-,-,-,-,-,-,-,-,-,-,-,-,-,-,-,-,-
97,0,700,7.3,0.100-a,-,170,-,D2,436,Sandia,#bobcg-a.001-.003,-,<a href= '/diesel-spray-combustion/experimental-diagnostics/siebers-liquid-penetration-length/' target='_blank'>LL</a>,-,-,-,-,-,-,-,-,-,-,692,-,-,-,-,7.4,1.49,1.004,-,-,-,-,-,-,168.49,-,-,-,-,-,-,-,-,<a href= '/diesel-spray-combustion/sandia-cv/injector-characterization/' target='_blank'>rate of injection</a>,-,-,-,-,-,-,-,-,-,-,-,-,-,-,<a href='/cvdata/assets/datafiles/nozgeom/nozzleDwg.PNG' target='_blank'>Drawing</a>; <a href='/cvdata/assets/datafiles/nozgeom/sacVolumeDimensions.pdf' target='_blank'>sac Vol. Dim.</a>,-,-,-,-,-,36.8,-,-,-,-,-,-,-,-,-,-,-,-,-,-,-,-,-,-,-,-,-,-,-
98,0,1000,14.8,0.100-a,-,60,-,D2,436,Sandia,#bichg-a.001-.003,-,<a href= '/diesel-spray-combustion/experimental-diagnostics/siebers-liquid-penetration-length/' target='_blank'>LL</a>,-,-,-,-,-,-,-,-,-,-,967,-,-,-,-,15.3,4.33,1.01,-,-,-,-,-,-,62.33,-,-,-,-,-,-,-,-,<a href= '/diesel-spray-combustion/sandia-cv/injector-characterization/' target='_blank'>rate of injection</a>,-,-,-,-,-,-,-,-,-,-,-,-,-,-,<a href='/cvdata/assets/datafiles/nozgeom/nozzleDwg.PNG' target='_blank'>Drawing</a>; <a href='/cvdata/assets/datafiles/nozgeom/sacVolumeDimensions.pdf' target='_blank'>sac Vol. Dim.</a>,-,-,-,-,-,15.7,-,-,-,-,-,-,-,-,-,-,-,-,-,-,-,-,-,-,-,-,-,-,-
99,0,1000,14.8,0.100-a,-,90,-,D2,436,Sandia,#bicfg-a.001-.003,-,<a href= '/diesel-spray-combustion/experimental-diagnostics/siebers-liquid-penetration-length/' target='_blank'>LL</a>,-,-,-,-,-,-,-,-,-,-,967,-,-,-,-,15.3,4.33,1.01,-,-,-,-,-,-,92.33,-,-,-,-,-,-,-,-,<a href= '/diesel-spray-combustion/sandia-cv/injector-characterization/' target='_blank'>rate of injection</a>,-,-,-,-,-,-,-,-,-,-,-,-,-,-,<a href='/cvdata/assets/datafiles/nozgeom/nozzleDwg.PNG' target='_blank'>Drawing</a>; <a href='/cvdata/assets/datafiles/nozgeom/sacVolumeDimensions.pdf' target='_blank'>sac Vol. Dim.</a>,-,-,-,-,-,15,-,-,-,-,-,-,-,-,-,-,-,-,-,-,-,-,-,-,-,-,-,-,-
100,0,1000,14.8,0.100-a,-,140,-,D2,436,Sandia,#bicdg-a.001-.003,-,<a href= '/diesel-spray-combustion/experimental-diagnostics/siebers-liquid-penetration-length/' target='_blank'>LL</a>,-,-,-,-,-,-,-,-,-,-,967,-,-,-,-,15.3,4.33,1.01,-,-,-,-,-,-,141.33,-,-,-,-,-,-,-,-,<a href= '/diesel-spray-combustion/sandia-cv/injector-characterization/' target='_blank'>rate of injection</a>,-,-,-,-,-,-,-,-,-,-,-,-,-,-,<a href='/cvdata/assets/datafiles/nozgeom/nozzleDwg.PNG' target='_blank'>Drawing</a>; <a href='/cvdata/assets/datafiles/nozgeom/sacVolumeDimensions.pdf' target='_blank'>sac Vol. Dim.</a>,-,-,-,-,-,14.8,-,-,-,-,-,-,-,-,-,-,-,-,-,-,-,-,-,-,-,-,-,-,-
101,0,1000,14.8,0.100-a,-,170,-,D2,436,Sandia,#biccg-a.001-.003,-,<a href= '/diesel-spray-combustion/experimental-diagnostics/siebers-liquid-penetration-length/' target='_blank'>LL</a>,-,-,-,-,-,-,-,-,-,-,967,-,-,-,-,15.3,4.33,1.01,-,-,-,-,-,-,172.33,-,-,-,-,-,-,-,-,<a href= '/diesel-spray-combustion/sandia-cv/injector-characterization/' target='_blank'>rate of injection</a>,-,-,-,-,-,-,-,-,-,-,-,-,-,-,<a href='/cvdata/assets/datafiles/nozgeom/nozzleDwg.PNG' target='_blank'>Drawing</a>; <a href='/cvdata/assets/datafiles/nozgeom/sacVolumeDimensions.pdf' target='_blank'>sac Vol. Dim.</a>,-,-,-,-,-,14.8,-,-,-,-,-,-,-,-,-,-,-,-,-,-,-,-,-,-,-,-,-,-,-
102,0,1300,30,0.100-a,-,50,-,D2,436,Sandia,#bcdhg-a.001-.003,-,<a href= '/diesel-spray-combustion/experimental-diagnostics/siebers-liquid-penetration-length/' target='_blank'>LL</a>,-,-,-,-,-,-,-,-,-,-,1227,-,-,-,-,31.8,11.57,1.023,-,-,-,-,-,-,64.57,-,-,-,-,-,-,-,-,<a href= '/diesel-spray-combustion/sandia-cv/injector-characterization/' target='_blank'>rate of injection</a>,-,-,-,-,-,-,-,-,-,-,-,-,-,-,<a href='/cvdata/assets/datafiles/nozgeom/nozzleDwg.PNG' target='_blank'>Drawing</a>; <a href='/cvdata/assets/datafiles/nozgeom/sacVolumeDimensions.pdf' target='_blank'>sac Vol. Dim.</a>,-,-,-,-,-,5.4,-,-,-,-,-,-,-,-,-,-,-,-,-,-,-,-,-,-,-,-,-,-,-
103,0,1300,30,0.100-a,-,90,-,D2,436,Sandia,#bcdfg-a.001-.003,-,<a href= '/diesel-spray-combustion/experimental-diagnostics/siebers-liquid-penetration-length/' target='_blank'>LL</a>,-,-,-,-,-,-,-,-,-,-,1227,-,-,-,-,31.8,11.57,1.023,-,-,-,-,-,-,96.57,-,-,-,-,-,-,-,-,<a href= '/diesel-spray-combustion/sandia-cv/injector-characterization/' target='_blank'>rate of injection</a>,-,-,-,-,-,-,-,-,-,-,-,-,-,-,<a href='/cvdata/assets/datafiles/nozgeom/nozzleDwg.PNG' target='_blank'>Drawing</a>; <a href='/cvdata/assets/datafiles/nozgeom/sacVolumeDimensions.pdf' target='_blank'>sac Vol. Dim.</a>,-,-,-,-,-,6.4,-,-,-,-,-,-,-,-,-,-,-,-,-,-,-,-,-,-,-,-,-,-,-
104,0,1300,30,0.100-a,-,130,-,D2,436,Sandia,#bcddg-a.001-.003,-,<a href= '/diesel-spray-combustion/experimental-diagnostics/siebers-liquid-penetration-length/' target='_blank'>LL</a>,-,-,-,-,-,-,-,-,-,-,1227,-,-,-,-,31.8,11.57,1.023,-,-,-,-,-,-,144.57,-,-,-,-,-,-,-,-,<a href= '/diesel-spray-combustion/sandia-cv/injector-characterization/' target='_blank'>rate of injection</a>,-,-,-,-,-,-,-,-,-,-,-,-,-,-,<a href='/cvdata/assets/datafiles/nozgeom/nozzleDwg.PNG' target='_blank'>Drawing</a>; <a href='/cvdata/assets/datafiles/nozgeom/sacVolumeDimensions.pdf' target='_blank'>sac Vol. Dim.</a>,-,-,-,-,-,6.4,-,-,-,-,-,-,-,-,-,-,-,-,-,-,-,-,-,-,-,-,-,-,-
105,0,1300,30,0.100-a,-,170,-,D2,436,Sandia,#bcdcg-a.001-.003,-,<a href= '/diesel-spray-combustion/experimental-diagnostics/siebers-liquid-penetration-length/' target='_blank'>LL</a>,-,-,-,-,-,-,-,-,-,-,1227,-,-,-,-,31.8,11.57,1.023,-,-,-,-,-,-,176.57,-,-,-,-,-,-,-,-,<a href= '/diesel-spray-combustion/sandia-cv/injector-characterization/' target='_blank'>rate of injection</a>,-,-,-,-,-,-,-,-,-,-,-,-,-,-,<a href='/cvdata/assets/datafiles/nozgeom/nozzleDwg.PNG' target='_blank'>Drawing</a>; <a href='/cvdata/assets/datafiles/nozgeom/sacVolumeDimensions.pdf' target='_blank'>sac Vol. Dim.</a>,-,-,-,-,-,6.9,-,-,-,-,-,-,-,-,-,-,-,-,-,-,-,-,-,-,-,-,-,-,-
106,0,700,7.3,0.246-a,-,60,-,D2,436,Sandia,#bobhc-a.001-.003,-,<a href= '/diesel-spray-combustion/experimental-diagnostics/siebers-liquid-penetration-length/' target='_blank'>LL</a>,-,-,-,-,-,-,-,-,-,-,692,-,-,-,-,7.4,1.49,1.004,-,-,-,-,-,-,62.49,-,-,-,-,-,-,-,-,-,-,-,-,-,-,-,-,-,-,-,-,-,-,-,-,-,-,-,-,-,86.2,-,-,-,-,-,-,-,-,-,-,-,-,-,-,-,-,-,-,-,-,-,-,-
107,0,700,7.3,0.246-a,-,80,-,D2,436,Sandia,#bobfc-a.001-.003,-,<a href= '/diesel-spray-combustion/experimental-diagnostics/siebers-liquid-penetration-length/' target='_blank'>LL</a>,-,-,-,-,-,-,-,-,-,-,692,-,-,-,-,7.4,1.49,1.004,-,-,-,-,-,-,85.49,-,-,-,-,-,-,-,-,-,-,-,-,-,-,-,-,-,-,-,-,-,-,-,-,-,-,-,-,-,85.8,-,-,-,-,-,-,-,-,-,-,-,-,-,-,-,-,-,-,-,-,-,-,-
108,0,700,7.3,0.246-a,-,170,-,D2,436,Sandia,#bobcc-a.001-.003,-,<a href= '/diesel-spray-combustion/experimental-diagnostics/siebers-liquid-penetration-length/' target='_blank'>LL</a>,-,-,-,-,-,-,-,-,-,-,692,-,-,-,-,7.4,1.49,1.004,-,-,-,-,-,-,167.49,-,-,-,-,-,-,-,-,-,-,-,-,-,-,-,-,-,-,-,-,-,-,-,-,-,-,-,-,-,82.9,-,-,-,-,-,-,-,-,-,-,-,-,-,-,-,-,-,-,-,-,-,-,-
109,0,1000,14.8,0.246-a,-,50,-,D2,436,Sandia,#bichc-a.001-.005,-,<a href= '/diesel-spray-combustion/experimental-diagnostics/siebers-liquid-penetration-length/' target='_blank'>LL</a>,-,-,-,-,-,-,-,-,-,-,967,-,-,-,-,15.3,4.33,1.01,-,-,-,-,-,-,56.33,-,-,-,-,-,-,-,-,-,-,-,-,-,-,-,-,-,-,-,-,-,-,-,-,-,-,-,-,-,33.9,-,-,-,-,-,-,-,-,-,-,-,-,-,-,-,-,-,-,-,-,-,-,-
110,0,1000,14.8,0.246-a,-,90,-,D2,436,Sandia,#bicfc-a.001-.005,-,<a href= '/diesel-spray-combustion/experimental-diagnostics/siebers-liquid-penetration-length/' target='_blank'>LL</a>,-,-,-,-,-,-,-,-,-,-,967,-,-,-,-,15.3,4.33,1.01,-,-,-,-,-,-,92.33,-,-,-,-,-,-,-,-,-,-,-,-,-,-,-,-,-,-,-,-,-,-,-,-,-,-,-,-,-,33.6,-,-,-,-,-,-,-,-,-,-,-,-,-,-,-,-,-,-,-,-,-,-,-
111,0,1000,14.8,0.246-a,-,160,-,D2,436,Sandia,#biccc-a.001-.005,-,<a href= '/diesel-spray-combustion/experimental-diagnostics/siebers-liquid-penetration-length/' target='_blank'>LL</a>,-,-,-,-,-,-,-,-,-,-,967,-,-,-,-,15.3,4.33,1.01,-,-,-,-,-,-,167.33,-,-,-,-,-,-,-,-,-,-,-,-,-,-,-,-,-,-,-,-,-,-,-,-,-,-,-,-,-,32.7,-,-,-,-,-,-,-,-,-,-,-,-,-,-,-,-,-,-,-,-,-,-,-
112,0,1300,30,0.246-a,-,60,-,D2,436,Sandia,#bcdhc-a.001-.003,-,<a href= '/diesel-spray-combustion/experimental-diagnostics/siebers-liquid-penetration-length/' target='_blank'>LL</a>,-,-,-,-,-,-,-,-,-,-,1227,-,-,-,-,31.8,11.57,1.023,-,-,-,-,-,-,67.57,-,-,-,-,-,-,-,-,-,-,-,-,-,-,-,-,-,-,-,-,-,-,-,-,-,-,-,-,-,13.9,-,-,-,-,-,-,-,-,-,-,-,-,-,-,-,-,-,-,-,-,-,-,-
113,0,1300,30,0.246-a,-,90,-,D2,436,Sandia,#bcdfc-a.001-.003,-,<a href= '/diesel-spray-combustion/experimental-diagnostics/siebers-liquid-penetration-length/' target='_blank'>LL</a>,-,-,-,-,-,-,-,-,-,-,1227,-,-,-,-,31.8,11.57,1.023,-,-,-,-,-,-,98.57,-,-,-,-,-,-,-,-,-,-,-,-,-,-,-,-,-,-,-,-,-,-,-,-,-,-,-,-,-,14.3,-,-,-,-,-,-,-,-,-,-,-,-,-,-,-,-,-,-,-,-,-,-,-
114,0,1300,30,0.246-a,-,130,-,D2,436,Sandia,#bcddc-a.001-.006,-,<a href= '/diesel-spray-combustion/experimental-diagnostics/siebers-liquid-penetration-length/' target='_blank'>LL</a>,-,-,-,-,-,-,-,-,-,-,1227,-,-,-,-,31.8,11.57,1.023,-,-,-,-,-,-,145.57,-,-,-,-,-,-,-,-,-,-,-,-,-,-,-,-,-,-,-,-,-,-,-,-,-,-,-,-,-,14.7,-,-,-,-,-,-,-,-,-,-,-,-,-,-,-,-,-,-,-,-,-,-,-
115,0,1300,30,0.246-a,-,170,-,D2,436,Sandia,#bcdcc-a.001-.003,-,<a href= '/diesel-spray-combustion/experimental-diagnostics/siebers-liquid-penetration-length/' target='_blank'>LL</a>,-,-,-,-,-,-,-,-,-,-,1227,-,-,-,-,31.8,11.57,1.023,-,-,-,-,-,-,178.57,-,-,-,-,-,-,-,-,-,-,-,-,-,-,-,-,-,-,-,-,-,-,-,-,-,-,-,-,-,14.7,-,-,-,-,-,-,-,-,-,-,-,-,-,-,-,-,-,-,-,-,-,-,-
116,0,1000,14.8,0.498-a,-,50,-,D2,436,Sandia,#bichf-a.001-.003,-,<a href= '/diesel-spray-combustion/experimental-diagnostics/siebers-liquid-penetration-length/' target='_blank'>LL</a>,-,-,-,-,-,-,-,-,-,-,967,-,-,-,-,15.3,4.33,1.01,-,-,-,-,-,-,57.33,-,-,-,-,-,-,-,-,-,-,-,-,-,-,-,-,-,-,-,-,-,-,-,-,-,-,-,-,-,69.3,-,-,-,-,-,-,-,-,-,-,-,-,-,-,-,-,-,-,-,-,-,-,-
117,0,1000,14.8,0.498-a,-,80,-,D2,436,Sandia,#bicff-a.001-.003,-,<a href= '/diesel-spray-combustion/experimental-diagnostics/siebers-liquid-penetration-length/' target='_blank'>LL</a>,-,-,-,-,-,-,-,-,-,-,967,-,-,-,-,15.3,4.33,1.01,-,-,-,-,-,-,88.33,-,-,-,-,-,-,-,-,-,-,-,-,-,-,-,-,-,-,-,-,-,-,-,-,-,-,-,-,-,69.1,-,-,-,-,-,-,-,-,-,-,-,-,-,-,-,-,-,-,-,-,-,-,-
118,0,1000,14.8,0.498-a,-,130,-,D2,436,Sandia,#bicdf-a.001-.003,-,<a href= '/diesel-spray-combustion/experimental-diagnostics/siebers-liquid-penetration-length/' target='_blank'>LL</a>,-,-,-,-,-,-,-,-,-,-,967,-,-,-,-,15.3,4.33,1.01,-,-,-,-,-,-,136.33,-,-,-,-,-,-,-,-,-,-,-,-,-,-,-,-,-,-,-,-,-,-,-,-,-,-,-,-,-,69.3,-,-,-,-,-,-,-,-,-,-,-,-,-,-,-,-,-,-,-,-,-,-,-
119,0,1000,14.8,0.498-a,-,160,-,D2,436,Sandia,#biccf-a.001-.003,-,<a href= '/diesel-spray-combustion/experimental-diagnostics/siebers-liquid-penetration-length/' target='_blank'>LL</a>,-,-,-,-,-,-,-,-,-,-,967,-,-,-,-,15.3,4.33,1.01,-,-,-,-,-,-,165.33,-,-,-,-,-,-,-,-,-,-,-,-,-,-,-,-,-,-,-,-,-,-,-,-,-,-,-,-,-,68.6,-,-,-,-,-,-,-,-,-,-,-,-,-,-,-,-,-,-,-,-,-,-,-
120,0,1300,30,0.498-a,-,50,-,D2,436,Sandia,#bcdhf-a.001-.003,-,<a href= '/diesel-spray-combustion/experimental-diagnostics/siebers-liquid-penetration-length/' target='_blank'>LL</a>,-,-,-,-,-,-,-,-,-,-,1227,-,-,-,-,31.8,11.57,1.023,-,-,-,-,-,-,62.57,-,-,-,-,-,-,-,-,-,-,-,-,-,-,-,-,-,-,-,-,-,-,-,-,-,-,-,-,-,30.5,-,-,-,-,-,-,-,-,-,-,-,-,-,-,-,-,-,-,-,-,-,-,-
121,0,1300,30,0.498-a,-,80,-,D2,436,Sandia,#bcdff-a.001-.003,-,<a href= '/diesel-spray-combustion/experimental-diagnostics/siebers-liquid-penetration-length/' target='_blank'>LL</a>,-,-,-,-,-,-,-,-,-,-,1227,-,-,-,-,31.8,11.57,1.023,-,-,-,-,-,-,92.57,-,-,-,-,-,-,-,-,-,-,-,-,-,-,-,-,-,-,-,-,-,-,-,-,-,-,-,-,-,29.4,-,-,-,-,-,-,-,-,-,-,-,-,-,-,-,-,-,-,-,-,-,-,-
122,0,1300,30,0.498-a,-,130,-,D2,436,Sandia,#bcddf-a.001-.002,-,<a href= '/diesel-spray-combustion/experimental-diagnostics/siebers-liquid-penetration-length/' target='_blank'>LL</a>,-,-,-,-,-,-,-,-,-,-,1227,-,-,-,-,31.8,11.57,1.023,-,-,-,-,-,-,143.57,-,-,-,-,-,-,-,-,-,-,-,-,-,-,-,-,-,-,-,-,-,-,-,-,-,-,-,-,-,30.4,-,-,-,-,-,-,-,-,-,-,-,-,-,-,-,-,-,-,-,-,-,-,-
123,0,1300,30,0.498-a,-,160,-,D2,436,Sandia,#bcdcf-a.001-.003,-,<a href= '/diesel-spray-combustion/experimental-diagnostics/siebers-liquid-penetration-length/' target='_blank'>LL</a>,-,-,-,-,-,-,-,-,-,-,1227,-,-,-,-,31.8,11.57,1.023,-,-,-,-,-,-,167.57,-,-,-,-,-,-,-,-,-,-,-,-,-,-,-,-,-,-,-,-,-,-,-,-,-,-,-,-,-,31,-,-,-,-,-,-,-,-,-,-,-,-,-,-,-,-,-,-,-,-,-,-,-
124,0,700,7.3,0.251-a,-,130,-,D2,436,Sandia,#bobdj-a.001-.003,-,<a href= '/diesel-spray-combustion/experimental-diagnostics/siebers-liquid-penetration-length/' target='_blank'>LL</a>,-,-,-,-,-,-,-,-,-,-,692,-,-,-,-,7.4,1.49,1.004,-,-,-,-,-,-,135.49,-,-,-,-,-,-,-,-,-,-,-,-,-,-,-,-,-,-,-,-,-,-,-,-,-,-,-,-,-,80.5,-,-,-,-,-,-,-,-,-,-,-,-,-,-,-,-,-,-,-,-,-,-,-
125,0,1000,14.8,0.251-a,-,60,-,D2,436,Sandia,#bichj-a.001-.005,-,<a href= '/diesel-spray-combustion/experimental-diagnostics/siebers-liquid-penetration-length/' target='_blank'>LL</a>,-,-,-,-,-,-,-,-,-,-,967,-,-,-,-,15.3,4.33,1.01,-,-,-,-,-,-,60.33,-,-,-,-,-,-,-,-,-,-,-,-,-,-,-,-,-,-,-,-,-,-,-,-,-,-,-,-,-,33.3,-,-,-,-,-,-,-,-,-,-,-,-,-,-,-,-,-,-,-,-,-,-,-
126,0,1000,14.8,0.251-a,-,130,-,D2,436,Sandia,#bicdj-a.001-.005,-,<a href= '/diesel-spray-combustion/experimental-diagnostics/siebers-liquid-penetration-length/' target='_blank'>LL</a>,-,-,-,-,-,-,-,-,-,-,967,-,-,-,-,15.3,4.33,1.01,-,-,-,-,-,-,137.33,-,-,-,-,-,-,-,-,-,-,-,-,-,-,-,-,-,-,-,-,-,-,-,-,-,-,-,-,-,33.8,-,-,-,-,-,-,-,-,-,-,-,-,-,-,-,-,-,-,-,-,-,-,-
127,0,1300,30,0.251-a,-,130,-,D2,436,Sandia,#bcddj-a.001-.003,-,<a href= '/diesel-spray-combustion/experimental-diagnostics/siebers-liquid-penetration-length/' target='_blank'>LL</a>,-,-,-,-,-,-,-,-,-,-,1227,-,-,-,-,31.8,11.57,1.023,-,-,-,-,-,-,143.57,-,-,-,-,-,-,-,-,-,-,-,-,-,-,-,-,-,-,-,-,-,-,-,-,-,-,-,-,-,15.8,-,-,-,-,-,-,-,-,-,-,-,-,-,-,-,-,-,-,-,-,-,-,-
128,0,700,7.3,0.277-a,-,130,-,D2,436,Sandia,#bobdi-a.001-.003,-,<a href= '/diesel-spray-combustion/experimental-diagnostics/siebers-liquid-penetration-length/' target='_blank'>LL</a>,-,-,-,-,-,-,-,-,-,-,692,-,-,-,-,7.4,1.49,1.004,-,-,-,-,-,-,133.49,-,-,-,-,-,-,-,-,-,-,-,-,-,-,-,-,-,-,-,-,-,-,-,-,-,-,-,-,-,90.2,-,-,-,-,-,-,-,-,-,-,-,-,-,-,-,-,-,-,-,-,-,-,-
129,0,1000,14.8,0.277-a,-,50,-,D2,436,Sandia,#bichi-a.001-.005,-,<a href= '/diesel-spray-combustion/experimental-diagnostics/siebers-liquid-penetration-length/' target='_blank'>LL</a>,-,-,-,-,-,-,-,-,-,-,967,-,-,-,-,15.3,4.33,1.01,-,-,-,-,-,-,57.33,-,-,-,-,-,-,-,-,-,-,-,-,-,-,-,-,-,-,-,-,-,-,-,-,-,-,-,-,-,34.5,-,-,-,-,-,-,-,-,-,-,-,-,-,-,-,-,-,-,-,-,-,-,-
130,0,1000,14.8,0.277-a,-,140,-,D2,436,Sandia,#bicdi-a.001-.005,-,<a href= '/diesel-spray-combustion/experimental-diagnostics/siebers-liquid-penetration-length/' target='_blank'>LL</a>,-,-,-,-,-,-,-,-,-,-,967,-,-,-,-,15.3,4.33,1.01,-,-,-,-,-,-,139.33,-,-,-,-,-,-,-,-,-,-,-,-,-,-,-,-,-,-,-,-,-,-,-,-,-,-,-,-,-,36.3,-,-,-,-,-,-,-,-,-,-,-,-,-,-,-,-,-,-,-,-,-,-,-
131,0,1300,30,0.277-a,-,140,-,D2,436,Sandia,#bcddi-a.001-.003,-,<a href= '/diesel-spray-combustion/experimental-diagnostics/siebers-liquid-penetration-length/' target='_blank'>LL</a>,-,-,-,-,-,-,-,-,-,-,1227,-,-,-,-,31.8,11.57,1.023,-,-,-,-,-,-,148.57,-,-,-,-,-,-,-,-,-,-,-,-,-,-,-,-,-,-,-,-,-,-,-,-,-,-,-,-,-,16,-,-,-,-,-,-,-,-,-,-,-,-,-,-,-,-,-,-,-,-,-,-,-
132,0,700,3.6,0.246-a,-,140,-,HMN,436,Sandia,#boadc-a.001-.005,-,<a href= '/diesel-spray-combustion/experimental-diagnostics/siebers-liquid-penetration-length/' target='_blank'>LL</a>,-,-,-,-,-,-,-,-,-,-,695,-,-,-,-,3.6,0.73,1.002,-,-,-,-,-,-,139.73,-,-,-,-,-,-,-,-,-,-,-,-,-,-,-,-,-,-,-,-,-,-,-,-,-,-,-,-,-,81,-,-,-,-,-,-,-,-,-,-,-,-,-,-,-,-,-,-,-,-,-,-,-
133,0,700,7.3,0.246-a,-,140,-,HMN,436,Sandia,#bobdc-a.001-.005,-,<a href= '/diesel-spray-combustion/experimental-diagnostics/siebers-liquid-penetration-length/' target='_blank'>LL</a>,-,-,-,-,-,-,-,-,-,-,692,-,-,-,-,7.4,1.49,1.004,-,-,-,-,-,-,140.49,-,-,-,-,-,-,-,-,-,-,-,-,-,-,-,-,-,-,-,-,-,-,-,-,-,-,-,-,-,62.4,-,-,-,-,-,-,-,-,-,-,-,-,-,-,-,-,-,-,-,-,-,-,-
134,0,700,14.8,0.246-a,-,140,-,HMN,436,Sandia,#bocdc-a.001-.006,-,<a href= '/diesel-spray-combustion/experimental-diagnostics/siebers-liquid-penetration-length/' target='_blank'>LL</a>,-,-,-,-,-,-,-,-,-,-,690,-,-,-,-,15,3.03,1.008,-,-,-,-,-,-,140.03,-,-,-,-,-,-,-,-,-,-,-,-,-,-,-,-,-,-,-,-,-,-,-,-,-,-,-,-,-,46.1,-,-,-,-,-,-,-,-,-,-,-,-,-,-,-,-,-,-,-,-,-,-,-
135,0,700,30,0.246-a,-,140,-,HMN,436,Sandia,#boddc-a.001-.005,-,<a href= '/diesel-spray-combustion/experimental-diagnostics/siebers-liquid-penetration-length/' target='_blank'>LL</a>,-,-,-,-,-,-,-,-,-,-,690,-,-,-,-,30.4,6.2,1.018,-,-,-,-,-,-,142.2,-,-,-,-,-,-,-,-,-,-,-,-,-,-,-,-,-,-,-,-,-,-,-,-,-,-,-,-,-,33.9,-,-,-,-,-,-,-,-,-,-,-,-,-,-,-,-,-,-,-,-,-,-,-
136,0,700,58.5,0.246-a,-,140,-,HMN,436,Sandia,#boedc-a.001-.001,-,<a href= '/diesel-spray-combustion/experimental-diagnostics/siebers-liquid-penetration-length/' target='_blank'>LL</a>,-,-,-,-,-,-,-,-,-,-,693,-,-,-,-,59.1,12.34,1.039,-,-,-,-,-,-,150.34,-,-,-,-,-,-,-,-,-,-,-,-,-,-,-,-,-,-,-,-,-,-,-,-,-,-,-,-,-,23.3,-,-,-,-,-,-,-,-,-,-,-,-,-,-,-,-,-,-,-,-,-,-,-
137,0,850,3.6,0.246-a,-,140,-,HMN,436,Sandia,#bladc-a.001-.005,-,<a href= '/diesel-spray-combustion/experimental-diagnostics/siebers-liquid-penetration-length/' target='_blank'>LL</a>,-,-,-,-,-,-,-,-,-,-,839,-,-,-,-,3.6,0.89,1.002,-,-,-,-,-,-,139.89,-,-,-,-,-,-,-,-,-,-,-,-,-,-,-,-,-,-,-,-,-,-,-,-,-,-,-,-,-,68.2,-,-,-,-,-,-,-,-,-,-,-,-,-,-,-,-,-,-,-,-,-,-,-
138,0,850,7.3,0.246-a,-,140,-,HMN,436,Sandia,#blbdc-a.001-.005,-,<a href= '/diesel-spray-combustion/experimental-diagnostics/siebers-liquid-penetration-length/' target='_blank'>LL</a>,-,-,-,-,-,-,-,-,-,-,834,-,-,-,-,7.4,1.81,1.005,-,-,-,-,-,-,139.81,-,-,-,-,-,-,-,-,-,-,-,-,-,-,-,-,-,-,-,-,-,-,-,-,-,-,-,-,-,48.9,-,-,-,-,-,-,-,-,-,-,-,-,-,-,-,-,-,-,-,-,-,-,-
139,0,850,14.8,0.246-a,-,140,-,HMN,436,Sandia,#blcdc-a.001-.005,-,<a href= '/diesel-spray-combustion/experimental-diagnostics/siebers-liquid-penetration-length/' target='_blank'>LL</a>,-,-,-,-,-,-,-,-,-,-,830,-,-,-,-,15.2,3.68,1.01,-,-,-,-,-,-,144.68,-,-,-,-,-,-,-,-,-,-,-,-,-,-,-,-,-,-,-,-,-,-,-,-,-,-,-,-,-,34.2,-,-,-,-,-,-,-,-,-,-,-,-,-,-,-,-,-,-,-,-,-,-,-
140,0,850,30,0.246-a,-,140,-,HMN,436,Sandia,#blddc-a.001-.005,-,<a href= '/diesel-spray-combustion/experimental-diagnostics/siebers-liquid-penetration-length/' target='_blank'>LL</a>,-,-,-,-,-,-,-,-,-,-,827,-,-,-,-,30.8,7.54,1.021,-,-,-,-,-,-,144.54,-,-,-,-,-,-,-,-,-,-,-,-,-,-,-,-,-,-,-,-,-,-,-,-,-,-,-,-,-,22.9,-,-,-,-,-,-,-,-,-,-,-,-,-,-,-,-,-,-,-,-,-,-,-
141,0,850,58.5,0.246-a,-,140,-,HMN,436,Sandia,#bledc-a.001-.002,-,<a href= '/diesel-spray-combustion/experimental-diagnostics/siebers-liquid-penetration-length/' target='_blank'>LL</a>,-,-,-,-,-,-,-,-,-,-,824,-,-,-,-,60.3,15.05,1.044,-,-,-,-,-,-,152.05,-,-,-,-,-,-,-,-,-,-,-,-,-,-,-,-,-,-,-,-,-,-,-,-,-,-,-,-,-,15.1,-,-,-,-,-,-,-,-,-,-,-,-,-,-,-,-,-,-,-,-,-,-,-
142,0,1000,3.6,0.246-a,-,140,-,HMN,436,Sandia,#biadc-a.001-.005,-,<a href= '/diesel-spray-combustion/experimental-diagnostics/siebers-liquid-penetration-length/' target='_blank'>LL</a>,-,-,-,-,-,-,-,-,-,-,983,-,-,-,-,3.7,1.05,1.002,-,-,-,-,-,-,140.05,-,-,-,-,-,-,-,-,-,-,-,-,-,-,-,-,-,-,-,-,-,-,-,-,-,-,-,-,-,59.2,-,-,-,-,-,-,-,-,-,-,-,-,-,-,-,-,-,-,-,-,-,-,-
143,0,1000,7.3,0.246-a,-,140,-,HMN,436,Sandia,#bibdc-a.001-.007,-,<a href= '/diesel-spray-combustion/experimental-diagnostics/siebers-liquid-penetration-length/' target='_blank'>LL</a>,-,-,-,-,-,-,-,-,-,-,974,-,-,-,-,7.5,2.13,1.005,-,-,-,-,-,-,141.13,-,-,-,-,-,-,-,-,-,-,-,-,-,-,-,-,-,-,-,-,-,-,-,-,-,-,-,-,-,40.6,-,-,-,-,-,-,-,-,-,-,-,-,-,-,-,-,-,-,-,-,-,-,-
144,0,1000,14.8,0.246-a,-,140,-,HMN,436,Sandia,#bicdc-a.001-.005,-,<a href= '/diesel-spray-combustion/experimental-diagnostics/siebers-liquid-penetration-length/' target='_blank'>LL</a>,-,-,-,-,-,-,-,-,-,-,967,-,-,-,-,15.3,4.33,1.01,-,-,-,-,-,-,142.33,-,-,-,-,-,-,-,-,-,-,-,-,-,-,-,-,-,-,-,-,-,-,-,-,-,-,-,-,-,27.4,-,-,-,-,-,-,-,-,-,-,-,-,-,-,-,-,-,-,-,-,-,-,-
145,0,1000,30,0.246-a,-,140,-,HMN,436,Sandia,#biddc-a.001-.005,-,<a href= '/diesel-spray-combustion/experimental-diagnostics/siebers-liquid-penetration-length/' target='_blank'>LL</a>,-,-,-,-,-,-,-,-,-,-,962,-,-,-,-,31.2,8.89,1.022,-,-,-,-,-,-,145.89,-,-,-,-,-,-,-,-,-,-,-,-,-,-,-,-,-,-,-,-,-,-,-,-,-,-,-,-,-,18.3,-,-,-,-,-,-,-,-,-,-,-,-,-,-,-,-,-,-,-,-,-,-,-
146,0,1000,58.5,0.246-a,-,140,-,HMN,436,Sandia,#biedc-a.001-.002,-,<a href= '/diesel-spray-combustion/experimental-diagnostics/siebers-liquid-penetration-length/' target='_blank'>LL</a>,-,-,-,-,-,-,-,-,-,-,954,-,-,-,-,61.3,17.75,1.047,-,-,-,-,-,-,152.75,-,-,-,-,-,-,-,-,-,-,-,-,-,-,-,-,-,-,-,-,-,-,-,-,-,-,-,-,-,11.1,-,-,-,-,-,-,-,-,-,-,-,-,-,-,-,-,-,-,-,-,-,-,-
147,0,1150,3.6,0.246-a,-,140,-,HMN,436,Sandia,#bfadc-a.001-.005,-,<a href= '/diesel-spray-combustion/experimental-diagnostics/siebers-liquid-penetration-length/' target='_blank'>LL</a>,-,-,-,-,-,-,-,-,-,-,1126,-,-,-,-,3.7,1.2,1.002,-,-,-,-,-,-,140.2,-,-,-,-,-,-,-,-,-,-,-,-,-,-,-,-,-,-,-,-,-,-,-,-,-,-,-,-,-,52.6,-,-,-,-,-,-,-,-,-,-,-,-,-,-,-,-,-,-,-,-,-,-,-
148,0,1150,7.3,0.246-a,-,140,-,HMN,436,Sandia,#bfbdc-a.001-.005,-,<a href= '/diesel-spray-combustion/experimental-diagnostics/siebers-liquid-penetration-length/' target='_blank'>LL</a>,-,-,-,-,-,-,-,-,-,-,1113,-,-,-,-,7.5,2.45,1.005,-,-,-,-,-,-,140.45,-,-,-,-,-,-,-,-,-,-,-,-,-,-,-,-,-,-,-,-,-,-,-,-,-,-,-,-,-,35.6,-,-,-,-,-,-,-,-,-,-,-,-,-,-,-,-,-,-,-,-,-,-,-
149,0,1150,14.8,0.246-a,-,140,-,HMN,436,Sandia,#bfcdc-a.001-.005,-,<a href= '/diesel-spray-combustion/experimental-diagnostics/siebers-liquid-penetration-length/' target='_blank'>LL</a>,-,-,-,-,-,-,-,-,-,-,1103,-,-,-,-,15.4,4.99,1.011,-,-,-,-,-,-,141.99,-,-,-,-,-,-,-,-,-,-,-,-,-,-,-,-,-,-,-,-,-,-,-,-,-,-,-,-,-,23.4,-,-,-,-,-,-,-,-,-,-,-,-,-,-,-,-,-,-,-,-,-,-,-
150,0,1150,30,0.246-a,-,140,-,HMN,436,Sandia,#bfddc-a.001-.005,-,<a href= '/diesel-spray-combustion/experimental-diagnostics/siebers-liquid-penetration-length/' target='_blank'>LL</a>,-,-,-,-,-,-,-,-,-,-,1095,-,-,-,-,31.5,10.23,1.023,-,-,-,-,-,-,145.23,-,-,-,-,-,-,-,-,-,-,-,-,-,-,-,-,-,-,-,-,-,-,-,-,-,-,-,-,-,14.9,-,-,-,-,-,-,-,-,-,-,-,-,-,-,-,-,-,-,-,-,-,-,-
151,0,1150,58.5,0.246-a,-,130,-,HMN,436,Sandia,#bfedc-a.001-.002,-,<a href= '/diesel-spray-combustion/experimental-diagnostics/siebers-liquid-penetration-length/' target='_blank'>LL</a>,-,-,-,-,-,-,-,-,-,-,1082,-,-,-,-,62.2,20.45,1.048,-,-,-,-,-,-,154.45,-,-,-,-,-,-,-,-,-,-,-,-,-,-,-,-,-,-,-,-,-,-,-,-,-,-,-,-,-,8.7,-,-,-,-,-,-,-,-,-,-,-,-,-,-,-,-,-,-,-,-,-,-,-
152,0,1300,3.6,0.246-a,-,140,-,HMN,436,Sandia,#bcadc-a.001-.005,-,<a href= '/diesel-spray-combustion/experimental-diagnostics/siebers-liquid-penetration-length/' target='_blank'>LL</a>,-,-,-,-,-,-,-,-,-,-,1267,-,-,-,-,3.7,1.36,1.003,-,-,-,-,-,-,141.36,-,-,-,-,-,-,-,-,-,-,-,-,-,-,-,-,-,-,-,-,-,-,-,-,-,-,-,-,-,47.8,-,-,-,-,-,-,-,-,-,-,-,-,-,-,-,-,-,-,-,-,-,-,-
153,0,1300,7.3,0.246-a,-,140,-,HMN,436,Sandia,#bcbdc-a.001-.005,-,<a href= '/diesel-spray-combustion/experimental-diagnostics/siebers-liquid-penetration-length/' target='_blank'>LL</a>,-,-,-,-,-,-,-,-,-,-,1249,-,-,-,-,7.6,2.77,1.005,-,-,-,-,-,-,140.77,-,-,-,-,-,-,-,-,-,-,-,-,-,-,-,-,-,-,-,-,-,-,-,-,-,-,-,-,-,31.5,-,-,-,-,-,-,-,-,-,-,-,-,-,-,-,-,-,-,-,-,-,-,-
154,0,1300,14.8,0.246-a,-,140,-,HMN,436,Sandia,#bccdc-a.001-.005,-,<a href= '/diesel-spray-combustion/experimental-diagnostics/siebers-liquid-penetration-length/' target='_blank'>LL</a>,-,-,-,-,-,-,-,-,-,-,1237,-,-,-,-,15.6,5.64,1.011,-,-,-,-,-,-,141.64,-,-,-,-,-,-,-,-,-,-,-,-,-,-,-,-,-,-,-,-,-,-,-,-,-,-,-,-,-,20.3,-,-,-,-,-,-,-,-,-,-,-,-,-,-,-,-,-,-,-,-,-,-,-
155,0,1300,30,0.246-a,-,140,-,HMN,436,Sandia,#bcddc-a.001-.005,-,<a href= '/diesel-spray-combustion/experimental-diagnostics/siebers-liquid-penetration-length/' target='_blank'>LL</a>,-,-,-,-,-,-,-,-,-,-,1227,-,-,-,-,31.8,11.57,1.023,-,-,-,-,-,-,149.57,-,-,-,-,-,-,-,-,-,-,-,-,-,-,-,-,-,-,-,-,-,-,-,-,-,-,-,-,-,12.6,-,-,-,-,-,-,-,-,-,-,-,-,-,-,-,-,-,-,-,-,-,-,-
156,0,1300,58.5,0.246-a,-,130,-,HMN,436,Sandia,#bcedc-a.001-.002,-,<a href= '/diesel-spray-combustion/experimental-diagnostics/siebers-liquid-penetration-length/' target='_blank'>LL</a>,-,-,-,-,-,-,-,-,-,-,1209,-,-,-,-,62.9,23.14,1.049,-,-,-,-,-,-,157.14,-,-,-,-,-,-,-,-,-,-,-,-,-,-,-,-,-,-,-,-,-,-,-,-,-,-,-,-,-,7.1,-,-,-,-,-,-,-,-,-,-,-,-,-,-,-,-,-,-,-,-,-,-,-
157,0,1000,7.3,0.246-a,-,60,-,HMN,436,Sandia,#bibhc-a.001-.005,-,<a href= '/diesel-spray-combustion/experimental-diagnostics/siebers-liquid-penetration-length/' target='_blank'>LL</a>,-,-,-,-,-,-,-,-,-,-,974,-,-,-,-,7.5,2.13,1.005,-,-,-,-,-,-,57.13,-,-,-,-,-,-,-,-,-,-,-,-,-,-,-,-,-,-,-,-,-,-,-,-,-,-,-,-,-,42.8,-,-,-,-,-,-,-,-,-,-,-,-,-,-,-,-,-,-,-,-,-,-,-
158,0,1000,7.3,0.246-a,-,70,-,HMN,436,Sandia,#bibgc-a.001-.005,-,<a href= '/diesel-spray-combustion/experimental-diagnostics/siebers-liquid-penetration-length/' target='_blank'>LL</a>,-,-,-,-,-,-,-,-,-,-,974,-,-,-,-,7.5,2.13,1.005,-,-,-,-,-,-,69.13,-,-,-,-,-,-,-,-,-,-,-,-,-,-,-,-,-,-,-,-,-,-,-,-,-,-,-,-,-,42.8,-,-,-,-,-,-,-,-,-,-,-,-,-,-,-,-,-,-,-,-,-,-,-
159,0,1000,7.3,0.246-a,-,90,-,HMN,436,Sandia,#bibfc-a.001-.007,-,<a href= '/diesel-spray-combustion/experimental-diagnostics/siebers-liquid-penetration-length/' target='_blank'>LL</a>,-,-,-,-,-,-,-,-,-,-,974,-,-,-,-,7.5,2.13,1.005,-,-,-,-,-,-,89.13,-,-,-,-,-,-,-,-,-,-,-,-,-,-,-,-,-,-,-,-,-,-,-,-,-,-,-,-,-,40.6,-,-,-,-,-,-,-,-,-,-,-,-,-,-,-,-,-,-,-,-,-,-,-
160,0,1000,7.3,0.246-a,-,110,-,HMN,436,Sandia,#bibec-a.001-.005,-,<a href= '/diesel-spray-combustion/experimental-diagnostics/siebers-liquid-penetration-length/' target='_blank'>LL</a>,-,-,-,-,-,-,-,-,-,-,974,-,-,-,-,7.5,2.13,1.005,-,-,-,-,-,-,112.13,-,-,-,-,-,-,-,-,-,-,-,-,-,-,-,-,-,-,-,-,-,-,-,-,-,-,-,-,-,41.5,-,-,-,-,-,-,-,-,-,-,-,-,-,-,-,-,-,-,-,-,-,-,-
161,0,1000,7.3,0.246-a,-,170,-,HMN,436,Sandia,#bibcc-a.001-.005,-,<a href= '/diesel-spray-combustion/experimental-diagnostics/siebers-liquid-penetration-length/' target='_blank'>LL</a>,-,-,-,-,-,-,-,-,-,-,974,-,-,-,-,7.5,2.13,1.005,-,-,-,-,-,-,172.13,-,-,-,-,-,-,-,-,-,-,-,-,-,-,-,-,-,-,-,-,-,-,-,-,-,-,-,-,-,40.1,-,-,-,-,-,-,-,-,-,-,-,-,-,-,-,-,-,-,-,-,-,-,-
162,0,1000,14.8,0.246-a,-,60,-,HMN,436,Sandia,#bichc-a.001-.005,-,<a href= '/diesel-spray-combustion/experimental-diagnostics/siebers-liquid-penetration-length/' target='_blank'>LL</a>,-,-,-,-,-,-,-,-,-,-,967,-,-,-,-,15.3,4.33,1.01,-,-,-,-,-,-,60.33,-,-,-,-,-,-,-,-,-,-,-,-,-,-,-,-,-,-,-,-,-,-,-,-,-,-,-,-,-,28.1,-,-,-,-,-,-,-,-,-,-,-,-,-,-,-,-,-,-,-,-,-,-,-
163,0,1000,14.8,0.246-a,-,70,-,HMN,436,Sandia,#bicgc-a.001-.005,-,<a href= '/diesel-spray-combustion/experimental-diagnostics/siebers-liquid-penetration-length/' target='_blank'>LL</a>,-,-,-,-,-,-,-,-,-,-,967,-,-,-,-,15.3,4.33,1.01,-,-,-,-,-,-,71.33,-,-,-,-,-,-,-,-,-,-,-,-,-,-,-,-,-,-,-,-,-,-,-,-,-,-,-,-,-,27.7,-,-,-,-,-,-,-,-,-,-,-,-,-,-,-,-,-,-,-,-,-,-,-
164,0,1000,14.8,0.246-a,-,90,-,HMN,436,Sandia,#bicfc-a.001-.005,-,<a href= '/diesel-spray-combustion/experimental-diagnostics/siebers-liquid-penetration-length/' target='_blank'>LL</a>,-,-,-,-,-,-,-,-,-,-,967,-,-,-,-,15.3,4.33,1.01,-,-,-,-,-,-,90.33,-,-,-,-,-,-,-,-,-,-,-,-,-,-,-,-,-,-,-,-,-,-,-,-,-,-,-,-,-,27.5,-,-,-,-,-,-,-,-,-,-,-,-,-,-,-,-,-,-,-,-,-,-,-
165,0,1000,14.8,0.246-a,-,110,-,HMN,436,Sandia,#bicec-a.001-.005,-,<a href= '/diesel-spray-combustion/experimental-diagnostics/siebers-liquid-penetration-length/' target='_blank'>LL</a>,-,-,-,-,-,-,-,-,-,-,967,-,-,-,-,15.3,4.33,1.01,-,-,-,-,-,-,112.33,-,-,-,-,-,-,-,-,-,-,-,-,-,-,-,-,-,-,-,-,-,-,-,-,-,-,-,-,-,28,-,-,-,-,-,-,-,-,-,-,-,-,-,-,-,-,-,-,-,-,-,-,-
166,0,1000,14.8,0.246-a,-,170,-,HMN,436,Sandia,#biccc-a.001-.005,-,<a href= '/diesel-spray-combustion/experimental-diagnostics/siebers-liquid-penetration-length/' target='_blank'>LL</a>,-,-,-,-,-,-,-,-,-,-,967,-,-,-,-,15.3,4.33,1.01,-,-,-,-,-,-,173.33,-,-,-,-,-,-,-,-,-,-,-,-,-,-,-,-,-,-,-,-,-,-,-,-,-,-,-,-,-,26.9,-,-,-,-,-,-,-,-,-,-,-,-,-,-,-,-,-,-,-,-,-,-,-
167,0,1000,30,0.246-a,-,60,-,HMN,436,Sandia,#bidhc-a.001-.005,-,<a href= '/diesel-spray-combustion/experimental-diagnostics/siebers-liquid-penetration-length/' target='_blank'>LL</a>,-,-,-,-,-,-,-,-,-,-,962,-,-,-,-,31.2,8.89,1.022,-,-,-,-,-,-,63.89,-,-,-,-,-,-,-,-,-,-,-,-,-,-,-,-,-,-,-,-,-,-,-,-,-,-,-,-,-,17.1,-,-,-,-,-,-,-,-,-,-,-,-,-,-,-,-,-,-,-,-,-,-,-
168,0,1000,30,0.246-a,-,70,-,HMN,436,Sandia,#bidgc-a.001-.005,-,<a href= '/diesel-spray-combustion/experimental-diagnostics/siebers-liquid-penetration-length/' target='_blank'>LL</a>,-,-,-,-,-,-,-,-,-,-,962,-,-,-,-,31.2,8.89,1.022,-,-,-,-,-,-,75.89,-,-,-,-,-,-,-,-,-,-,-,-,-,-,-,-,-,-,-,-,-,-,-,-,-,-,-,-,-,17.4,-,-,-,-,-,-,-,-,-,-,-,-,-,-,-,-,-,-,-,-,-,-,-
169,0,1000,30,0.246-a,-,90,-,HMN,436,Sandia,#bidfc-a.001-.003,-,<a href= '/diesel-spray-combustion/experimental-diagnostics/siebers-liquid-penetration-length/' target='_blank'>LL</a>,-,-,-,-,-,-,-,-,-,-,962,-,-,-,-,31.2,8.89,1.022,-,-,-,-,-,-,96.89,-,-,-,-,-,-,-,-,-,-,-,-,-,-,-,-,-,-,-,-,-,-,-,-,-,-,-,-,-,17.9,-,-,-,-,-,-,-,-,-,-,-,-,-,-,-,-,-,-,-,-,-,-,-
170,0,1000,30,0.246-a,-,110,-,HMN,436,Sandia,#bidec-a.001-.003,-,<a href= '/diesel-spray-combustion/experimental-diagnostics/siebers-liquid-penetration-length/' target='_blank'>LL</a>,-,-,-,-,-,-,-,-,-,-,962,-,-,-,-,31.2,8.89,1.022,-,-,-,-,-,-,118.89,-,-,-,-,-,-,-,-,-,-,-,-,-,-,-,-,-,-,-,-,-,-,-,-,-,-,-,-,-,18.1,-,-,-,-,-,-,-,-,-,-,-,-,-,-,-,-,-,-,-,-,-,-,-
171,0,1000,30,0.246-a,-,130,-,HMN,436,Sandia,#biddc-a.001-.005,-,<a href= '/diesel-spray-combustion/experimental-diagnostics/siebers-liquid-penetration-length/' target='_blank'>LL</a>,-,-,-,-,-,-,-,-,-,-,962,-,-,-,-,31.2,8.89,1.022,-,-,-,-,-,-,139.89,-,-,-,-,-,-,-,-,-,-,-,-,-,-,-,-,-,-,-,-,-,-,-,-,-,-,-,-,-,18.3,-,-,-,-,-,-,-,-,-,-,-,-,-,-,-,-,-,-,-,-,-,-,-
172,0,1000,30,0.246-a,-,170,-,HMN,436,Sandia,#bidcc-a.001-.003,-,<a href= '/diesel-spray-combustion/experimental-diagnostics/siebers-liquid-penetration-length/' target='_blank'>LL</a>,-,-,-,-,-,-,-,-,-,-,962,-,-,-,-,31.2,8.89,1.022,-,-,-,-,-,-,177.89,-,-,-,-,-,-,-,-,-,-,-,-,-,-,-,-,-,-,-,-,-,-,-,-,-,-,-,-,-,18.4,-,-,-,-,-,-,-,-,-,-,-,-,-,-,-,-,-,-,-,-,-,-,-
173,0,700,14.8,0.246-a,-,60,-,HMN,436,Sandia,#bochc-a.001-.005,-,<a href= '/diesel-spray-combustion/experimental-diagnostics/siebers-liquid-penetration-length/' target='_blank'>LL</a>,-,-,-,-,-,-,-,-,-,-,690,-,-,-,-,15,3.03,1.008,-,-,-,-,-,-,60.03,-,-,-,-,-,-,-,-,-,-,-,-,-,-,-,-,-,-,-,-,-,-,-,-,-,-,-,-,-,48.7,-,-,-,-,-,-,-,-,-,-,-,-,-,-,-,-,-,-,-,-,-,-,-
174,0,700,14.8,0.246-a,-,70,-,HMN,436,Sandia,#bocgc-a.001-.005,-,<a href= '/diesel-spray-combustion/experimental-diagnostics/siebers-liquid-penetration-length/' target='_blank'>LL</a>,-,-,-,-,-,-,-,-,-,-,690,-,-,-,-,15,3.03,1.008,-,-,-,-,-,-,70.03,-,-,-,-,-,-,-,-,-,-,-,-,-,-,-,-,-,-,-,-,-,-,-,-,-,-,-,-,-,48.1,-,-,-,-,-,-,-,-,-,-,-,-,-,-,-,-,-,-,-,-,-,-,-
175,0,700,14.8,0.246-a,-,90,-,HMN,436,Sandia,#bocfc-a.001-.003,-,<a href= '/diesel-spray-combustion/experimental-diagnostics/siebers-liquid-penetration-length/' target='_blank'>LL</a>,-,-,-,-,-,-,-,-,-,-,690,-,-,-,-,15,3.03,1.008,-,-,-,-,-,-,89.03,-,-,-,-,-,-,-,-,-,-,-,-,-,-,-,-,-,-,-,-,-,-,-,-,-,-,-,-,-,48.4,-,-,-,-,-,-,-,-,-,-,-,-,-,-,-,-,-,-,-,-,-,-,-
176,0,700,14.8,0.246-a,-,110,-,HMN,436,Sandia,#bocec-a.001-.003,-,<a href= '/diesel-spray-combustion/experimental-diagnostics/siebers-liquid-penetration-length/' target='_blank'>LL</a>,-,-,-,-,-,-,-,-,-,-,690,-,-,-,-,15,3.03,1.008,-,-,-,-,-,-,111.03,-,-,-,-,-,-,-,-,-,-,-,-,-,-,-,-,-,-,-,-,-,-,-,-,-,-,-,-,-,47.9,-,-,-,-,-,-,-,-,-,-,-,-,-,-,-,-,-,-,-,-,-,-,-
177,0,700,14.8,0.246-a,-,170,-,HMN,436,Sandia,#boccc-a.001-.005,-,<a href= '/diesel-spray-combustion/experimental-diagnostics/siebers-liquid-penetration-length/' target='_blank'>LL</a>,-,-,-,-,-,-,-,-,-,-,690,-,-,-,-,15,3.03,1.008,-,-,-,-,-,-,171.03,-,-,-,-,-,-,-,-,-,-,-,-,-,-,-,-,-,-,-,-,-,-,-,-,-,-,-,-,-,45.7,-,-,-,-,-,-,-,-,-,-,-,-,-,-,-,-,-,-,-,-,-,-,-
178,0,1300,14.8,0.246-a,-,60,-,HMN,436,Sandia,#bcchc-a.001-.005,-,<a href= '/diesel-spray-combustion/experimental-diagnostics/siebers-liquid-penetration-length/' target='_blank'>LL</a>,-,-,-,-,-,-,-,-,-,-,1237,-,-,-,-,15.6,5.64,1.011,-,-,-,-,-,-,62.64,-,-,-,-,-,-,-,-,-,-,-,-,-,-,-,-,-,-,-,-,-,-,-,-,-,-,-,-,-,19.9,-,-,-,-,-,-,-,-,-,-,-,-,-,-,-,-,-,-,-,-,-,-,-
179,0,1300,14.8,0.246-a,-,70,-,HMN,436,Sandia,#bccgc-a.001-.005,-,<a href= '/diesel-spray-combustion/experimental-diagnostics/siebers-liquid-penetration-length/' target='_blank'>LL</a>,-,-,-,-,-,-,-,-,-,-,1237,-,-,-,-,15.6,5.64,1.011,-,-,-,-,-,-,71.64,-,-,-,-,-,-,-,-,-,-,-,-,-,-,-,-,-,-,-,-,-,-,-,-,-,-,-,-,-,20.2,-,-,-,-,-,-,-,-,-,-,-,-,-,-,-,-,-,-,-,-,-,-,-
180,0,1300,14.8,0.246-a,-,90,-,HMN,436,Sandia,#bccfc-a.001-.003,-,<a href= '/diesel-spray-combustion/experimental-diagnostics/siebers-liquid-penetration-length/' target='_blank'>LL</a>,-,-,-,-,-,-,-,-,-,-,1237,-,-,-,-,15.6,5.64,1.011,-,-,-,-,-,-,91.64,-,-,-,-,-,-,-,-,-,-,-,-,-,-,-,-,-,-,-,-,-,-,-,-,-,-,-,-,-,20.3,-,-,-,-,-,-,-,-,-,-,-,-,-,-,-,-,-,-,-,-,-,-,-
181,0,1300,14.8,0.246-a,-,110,-,HMN,436,Sandia,#bccec-a.001-.003,-,<a href= '/diesel-spray-combustion/experimental-diagnostics/siebers-liquid-penetration-length/' target='_blank'>LL</a>,-,-,-,-,-,-,-,-,-,-,1237,-,-,-,-,15.6,5.64,1.011,-,-,-,-,-,-,115.64,-,-,-,-,-,-,-,-,-,-,-,-,-,-,-,-,-,-,-,-,-,-,-,-,-,-,-,-,-,20.3,-,-,-,-,-,-,-,-,-,-,-,-,-,-,-,-,-,-,-,-,-,-,-
182,0,1300,14.8,0.246-a,-,170,-,HMN,436,Sandia,#bcccc-a.001-.003,-,<a href= '/diesel-spray-combustion/experimental-diagnostics/siebers-liquid-penetration-length/' target='_blank'>LL</a>,-,-,-,-,-,-,-,-,-,-,1237,-,-,-,-,15.6,5.64,1.011,-,-,-,-,-,-,171.64,-,-,-,-,-,-,-,-,-,-,-,-,-,-,-,-,-,-,-,-,-,-,-,-,-,-,-,-,-,20.3,-,-,-,-,-,-,-,-,-,-,-,-,-,-,-,-,-,-,-,-,-,-,-
183,0,600,7.3,0.246-a,-,70,-,HMN,436,Sandia,#bqbgc-a.001-.002,-,<a href= '/diesel-spray-combustion/experimental-diagnostics/siebers-liquid-penetration-length/' target='_blank'>LL</a>,-,-,-,-,-,-,-,-,-,-,596,-,-,-,-,7.3,1.27,1.003,-,-,-,-,-,-,68.27,-,-,-,-,-,-,-,-,-,-,-,-,-,-,-,-,-,-,-,-,-,-,-,-,-,-,-,-,-,79.5,-,-,-,-,-,-,-,-,-,-,-,-,-,-,-,-,-,-,-,-,-,-,-
184,0,600,7.3,0.246-a,-,90,-,HMN,436,Sandia,#bqbfc-a.001-.003,-,<a href= '/diesel-spray-combustion/experimental-diagnostics/siebers-liquid-penetration-length/' target='_blank'>LL</a>,-,-,-,-,-,-,-,-,-,-,596,-,-,-,-,7.3,1.27,1.003,-,-,-,-,-,-,88.27,-,-,-,-,-,-,-,-,-,-,-,-,-,-,-,-,-,-,-,-,-,-,-,-,-,-,-,-,-,79.2,-,-,-,-,-,-,-,-,-,-,-,-,-,-,-,-,-,-,-,-,-,-,-
185,0,600,7.3,0.246-a,-,110,-,HMN,436,Sandia,#bqbec-a.001-.003,-,<a href= '/diesel-spray-combustion/experimental-diagnostics/siebers-liquid-penetration-length/' target='_blank'>LL</a>,-,-,-,-,-,-,-,-,-,-,596,-,-,-,-,7.3,1.27,1.003,-,-,-,-,-,-,111.27,-,-,-,-,-,-,-,-,-,-,-,-,-,-,-,-,-,-,-,-,-,-,-,-,-,-,-,-,-,81.8,-,-,-,-,-,-,-,-,-,-,-,-,-,-,-,-,-,-,-,-,-,-,-
186,0,600,7.3,0.246-a,-,140,-,HMN,436,Sandia,#bqbdc-a.001-.003,-,<a href= '/diesel-spray-combustion/experimental-diagnostics/siebers-liquid-penetration-length/' target='_blank'>LL</a>,-,-,-,-,-,-,-,-,-,-,596,-,-,-,-,7.3,1.27,1.003,-,-,-,-,-,-,136.27,-,-,-,-,-,-,-,-,-,-,-,-,-,-,-,-,-,-,-,-,-,-,-,-,-,-,-,-,-,79.5,-,-,-,-,-,-,-,-,-,-,-,-,-,-,-,-,-,-,-,-,-,-,-
187,0,600,7.3,0.246-a,-,170,-,HMN,436,Sandia,#bqbcc-a.001-.003,-,<a href= '/diesel-spray-combustion/experimental-diagnostics/siebers-liquid-penetration-length/' target='_blank'>LL</a>,-,-,-,-,-,-,-,-,-,-,596,-,-,-,-,7.3,1.27,1.003,-,-,-,-,-,-,169.27,-,-,-,-,-,-,-,-,-,-,-,-,-,-,-,-,-,-,-,-,-,-,-,-,-,-,-,-,-,78.9,-,-,-,-,-,-,-,-,-,-,-,-,-,-,-,-,-,-,-,-,-,-,-
188,0,600,14.8,0.246-a,-,90,-,HMN,436,Sandia,#bqcfc-a.001-.001,-,<a href= '/diesel-spray-combustion/experimental-diagnostics/siebers-liquid-penetration-length/' target='_blank'>LL</a>,-,-,-,-,-,-,-,-,-,-,596,-,-,-,-,14.9,2.59,1.007,-,-,-,-,-,-,91.59,-,-,-,-,-,-,-,-,-,-,-,-,-,-,-,-,-,-,-,-,-,-,-,-,-,-,-,-,-,65.1,-,-,-,-,-,-,-,-,-,-,-,-,-,-,-,-,-,-,-,-,-,-,-
189,0,600,14.8,0.246-a,-,110,-,HMN,436,Sandia,#bqcec-a.001-.001,-,<a href= '/diesel-spray-combustion/experimental-diagnostics/siebers-liquid-penetration-length/' target='_blank'>LL</a>,-,-,-,-,-,-,-,-,-,-,596,-,-,-,-,14.9,2.59,1.007,-,-,-,-,-,-,110.59,-,-,-,-,-,-,-,-,-,-,-,-,-,-,-,-,-,-,-,-,-,-,-,-,-,-,-,-,-,65.3,-,-,-,-,-,-,-,-,-,-,-,-,-,-,-,-,-,-,-,-,-,-,-
190,0,600,14.8,0.246-a,-,140,-,HMN,436,Sandia,#bqcdc-a.001-.001,-,<a href= '/diesel-spray-combustion/experimental-diagnostics/siebers-liquid-penetration-length/' target='_blank'>LL</a>,-,-,-,-,-,-,-,-,-,-,596,-,-,-,-,14.9,2.59,1.007,-,-,-,-,-,-,138.59,-,-,-,-,-,-,-,-,-,-,-,-,-,-,-,-,-,-,-,-,-,-,-,-,-,-,-,-,-,63.3,-,-,-,-,-,-,-,-,-,-,-,-,-,-,-,-,-,-,-,-,-,-,-
191,0,600,14.8,0.246-a,-,170,-,HMN,436,Sandia,#bqccc-a.001-.001,-,<a href= '/diesel-spray-combustion/experimental-diagnostics/siebers-liquid-penetration-length/' target='_blank'>LL</a>,-,-,-,-,-,-,-,-,-,-,596,-,-,-,-,14.9,2.59,1.007,-,-,-,-,-,-,169.59,-,-,-,-,-,-,-,-,-,-,-,-,-,-,-,-,-,-,-,-,-,-,-,-,-,-,-,-,-,62.9,-,-,-,-,-,-,-,-,-,-,-,-,-,-,-,-,-,-,-,-,-,-,-
192,0,1000,7.3,0.498-a,-,140,-,HMN,436,Sandia,#bibdf-a.001-.005,-,<a href= '/diesel-spray-combustion/experimental-diagnostics/siebers-liquid-penetration-length/' target='_blank'>LL</a>,-,-,-,-,-,-,-,-,-,-,974,-,-,-,-,7.5,2.13,1.005,-,-,-,-,-,-,141.13,-,-,-,-,-,-,-,-,-,-,-,-,-,-,-,-,-,-,-,-,-,-,-,-,-,-,-,-,-,80,-,-,-,-,-,-,-,-,-,-,-,-,-,-,-,-,-,-,-,-,-,-,-
193,0,1000,7.3,0.363-a,-,140,-,HMN,436,Sandia,#bibde-a.001-.003,-,<a href= '/diesel-spray-combustion/experimental-diagnostics/siebers-liquid-penetration-length/' target='_blank'>LL</a>,-,-,-,-,-,-,-,-,-,-,974,-,-,-,-,7.5,2.13,1.005,-,-,-,-,-,-,141.13,-,-,-,-,-,-,-,-,-,-,-,-,-,-,-,-,-,-,-,-,-,-,-,-,-,-,-,-,-,61.7,-,-,-,-,-,-,-,-,-,-,-,-,-,-,-,-,-,-,-,-,-,-,-
194,0,1000,7.3,0.180-a,-,140,-,HMN,436,Sandia,#bibdh-a.001-.005,-,<a href= '/diesel-spray-combustion/experimental-diagnostics/siebers-liquid-penetration-length/' target='_blank'>LL</a>,-,-,-,-,-,-,-,-,-,-,974,-,-,-,-,7.5,2.13,1.005,-,-,-,-,-,-,141.13,-,-,-,-,-,-,-,-,<a href= '/diesel-spray-combustion/sandia-cv/injector-characterization/' target='_blank'>rate of injection</a>,-,-,-,-,-,-,-,-,-,-,-,-,-,-,-,-,-,-,-,-,28.5,-,-,-,-,-,-,-,-,-,-,-,-,-,-,-,-,-,-,-,-,-,-,-
195,0,1000,7.3,0.100-a,-,140,-,HMN,436,Sandia,#bibdg-a.001-.005,-,<a href= '/diesel-spray-combustion/experimental-diagnostics/siebers-liquid-penetration-length/' target='_blank'>LL</a>,-,-,-,-,-,-,-,-,-,-,974,-,-,-,-,7.5,2.13,1.005,-,-,-,-,-,-,141.13,-,-,-,-,-,-,-,-,<a href= '/diesel-spray-combustion/sandia-cv/injector-characterization/' target='_blank'>rate of injection</a>,-,-,-,-,-,-,-,-,-,-,-,-,-,-,<a href='/cvdata/assets/datafiles/nozgeom/nozzleDwg.PNG' target='_blank'>Drawing</a>; <a href='/cvdata/assets/datafiles/nozgeom/sacVolumeDimensions.pdf' target='_blank'>sac Vol. Dim.</a>,-,-,-,-,-,18.6,-,-,-,-,-,-,-,-,-,-,-,-,-,-,-,-,-,-,-,-,-,-,-
196,0,1000,14.8,0.498-a,-,140,-,HMN,436,Sandia,#bicdf-a.001-.005,-,<a href= '/diesel-spray-combustion/experimental-diagnostics/siebers-liquid-penetration-length/' target='_blank'>LL</a>,-,-,-,-,-,-,-,-,-,-,967,-,-,-,-,15.3,4.33,1.01,-,-,-,-,-,-,142.33,-,-,-,-,-,-,-,-,-,-,-,-,-,-,-,-,-,-,-,-,-,-,-,-,-,-,-,-,-,55.9,-,-,-,-,-,-,-,-,-,-,-,-,-,-,-,-,-,-,-,-,-,-,-
197,0,1000,14.8,0.363-a,-,140,-,HMN,436,Sandia,#bicde-a.001-.003,-,<a href= '/diesel-spray-combustion/experimental-diagnostics/siebers-liquid-penetration-length/' target='_blank'>LL</a>,-,-,-,-,-,-,-,-,-,-,967,-,-,-,-,15.3,4.33,1.01,-,-,-,-,-,-,142.33,-,-,-,-,-,-,-,-,-,-,-,-,-,-,-,-,-,-,-,-,-,-,-,-,-,-,-,-,-,42.2,-,-,-,-,-,-,-,-,-,-,-,-,-,-,-,-,-,-,-,-,-,-,-
198,0,1000,14.8,0.180-a,-,140,-,HMN,436,Sandia,#bicdh-a.001-.005,-,<a href= '/diesel-spray-combustion/experimental-diagnostics/siebers-liquid-penetration-length/' target='_blank'>LL</a>,-,-,-,-,-,-,-,-,-,-,967,-,-,-,-,15.3,4.33,1.01,-,-,-,-,-,-,142.33,-,-,-,-,-,-,-,-,<a href= '/diesel-spray-combustion/sandia-cv/injector-characterization/' target='_blank'>rate of injection</a>,-,-,-,-,-,-,-,-,-,-,-,-,-,-,-,-,-,-,-,-,19.5,-,-,-,-,-,-,-,-,-,-,-,-,-,-,-,-,-,-,-,-,-,-,-
199,0,1000,14.8,0.100-a,-,140,-,HMN,436,Sandia,#bicdg-a.001-.005,-,<a href= '/diesel-spray-combustion/experimental-diagnostics/siebers-liquid-penetration-length/' target='_blank'>LL</a>,-,-,-,-,-,-,-,-,-,-,967,-,-,-,-,15.3,4.33,1.01,-,-,-,-,-,-,142.33,-,-,-,-,-,-,-,-,<a href= '/diesel-spray-combustion/sandia-cv/injector-characterization/' target='_blank'>rate of injection</a>,-,-,-,-,-,-,-,-,-,-,-,-,-,-,<a href='/cvdata/assets/datafiles/nozgeom/nozzleDwg.PNG' target='_blank'>Drawing</a>; <a href='/cvdata/assets/datafiles/nozgeom/sacVolumeDimensions.pdf' target='_blank'>sac Vol. Dim.</a>,-,-,-,-,-,11.7,-,-,-,-,-,-,-,-,-,-,-,-,-,-,-,-,-,-,-,-,-,-,-
200,0,1000,30,0.498-a,-,140,-,HMN,436,Sandia,#biddf-a.001-.005,-,<a href= '/diesel-spray-combustion/experimental-diagnostics/siebers-liquid-penetration-length/' target='_blank'>LL</a>,-,-,-,-,-,-,-,-,-,-,962,-,-,-,-,31.2,8.89,1.022,-,-,-,-,-,-,145.89,-,-,-,-,-,-,-,-,-,-,-,-,-,-,-,-,-,-,-,-,-,-,-,-,-,-,-,-,-,35.6,-,-,-,-,-,-,-,-,-,-,-,-,-,-,-,-,-,-,-,-,-,-,-
201,0,1000,30,0.363-a,-,140,-,HMN,436,Sandia,#bidde-a.001-.003,-,<a href= '/diesel-spray-combustion/experimental-diagnostics/siebers-liquid-penetration-length/' target='_blank'>LL</a>,-,-,-,-,-,-,-,-,-,-,962,-,-,-,-,31.2,8.89,1.022,-,-,-,-,-,-,145.89,-,-,-,-,-,-,-,-,-,-,-,-,-,-,-,-,-,-,-,-,-,-,-,-,-,-,-,-,-,27.8,-,-,-,-,-,-,-,-,-,-,-,-,-,-,-,-,-,-,-,-,-,-,-
202,0,1000,30,0.246-a,-,140,-,HMN,436,Sandia,#biddc-a.001-.005,-,<a href= '/diesel-spray-combustion/experimental-diagnostics/siebers-liquid-penetration-length/' target='_blank'>LL</a>,-,-,-,-,-,-,-,-,-,-,962,-,-,-,-,31.2,8.89,1.022,-,-,-,-,-,-,145.89,-,-,-,-,-,-,-,-,-,-,-,-,-,-,-,-,-,-,-,-,-,-,-,-,-,-,-,-,-,18.3,-,-,-,-,-,-,-,-,-,-,-,-,-,-,-,-,-,-,-,-,-,-,-
203,0,1000,30,0.180-a,-,140,-,HMN,436,Sandia,#biddh-a.001-.005,-,<a href= '/diesel-spray-combustion/experimental-diagnostics/siebers-liquid-penetration-length/' target='_blank'>LL</a>,-,-,-,-,-,-,-,-,-,-,962,-,-,-,-,31.2,8.89,1.022,-,-,-,-,-,-,145.89,-,-,-,-,-,-,-,-,<a href= '/diesel-spray-combustion/sandia-cv/injector-characterization/' target='_blank'>rate of injection</a>,-,-,-,-,-,-,-,-,-,-,-,-,-,-,-,-,-,-,-,-,12.4,-,-,-,-,-,-,-,-,-,-,-,-,-,-,-,-,-,-,-,-,-,-,-
204,0,1000,30,0.100-a,-,140,-,HMN,436,Sandia,#biddg-a.001-.005,-,<a href= '/diesel-spray-combustion/experimental-diagnostics/siebers-liquid-penetration-length/' target='_blank'>LL</a>,-,-,-,-,-,-,-,-,-,-,962,-,-,-,-,31.2,8.89,1.022,-,-,-,-,-,-,145.89,-,-,-,-,-,-,-,-,<a href= '/diesel-spray-combustion/sandia-cv/injector-characterization/' target='_blank'>rate of injection</a>,-,-,-,-,-,-,-,-,-,-,-,-,-,-,<a href='/cvdata/assets/datafiles/nozgeom/nozzleDwg.PNG' target='_blank'>Drawing</a>; <a href='/cvdata/assets/datafiles/nozgeom/sacVolumeDimensions.pdf' target='_blank'>sac Vol. Dim.</a>,-,-,-,-,-,7.2,-,-,-,-,-,-,-,-,-,-,-,-,-,-,-,-,-,-,-,-,-,-,-
205,0,700,14.8,0.498-a,-,140,-,HMN,436,Sandia,#bocdf-a.001-.005,-,<a href= '/diesel-spray-combustion/experimental-diagnostics/siebers-liquid-penetration-length/' target='_blank'>LL</a>,-,-,-,-,-,-,-,-,-,-,690,-,-,-,-,15,3.03,1.008,-,-,-,-,-,-,142.03,-,-,-,-,-,-,-,-,-,-,-,-,-,-,-,-,-,-,-,-,-,-,-,-,-,-,-,-,-,93.1,-,-,-,-,-,-,-,-,-,-,-,-,-,-,-,-,-,-,-,-,-,-,-
206,0,700,14.8,0.363-a,-,140,-,HMN,436,Sandia,#bocde-a.001-.003,-,<a href= '/diesel-spray-combustion/experimental-diagnostics/siebers-liquid-penetration-length/' target='_blank'>LL</a>,-,-,-,-,-,-,-,-,-,-,690,-,-,-,-,15,3.03,1.008,-,-,-,-,-,-,142.03,-,-,-,-,-,-,-,-,-,-,-,-,-,-,-,-,-,-,-,-,-,-,-,-,-,-,-,-,-,70.1,-,-,-,-,-,-,-,-,-,-,-,-,-,-,-,-,-,-,-,-,-,-,-
207,0,700,14.8,0.180-a,-,140,-,HMN,436,Sandia,#bocdh-a.001-.005,-,<a href= '/diesel-spray-combustion/experimental-diagnostics/siebers-liquid-penetration-length/' target='_blank'>LL</a>,-,-,-,-,-,-,-,-,-,-,690,-,-,-,-,15,3.03,1.008,-,-,-,-,-,-,142.03,-,-,-,-,-,-,-,-,<a href= '/diesel-spray-combustion/sandia-cv/injector-characterization/' target='_blank'>rate of injection</a>,-,-,-,-,-,-,-,-,-,-,-,-,-,-,-,-,-,-,-,-,31.7,-,-,-,-,-,-,-,-,-,-,-,-,-,-,-,-,-,-,-,-,-,-,-
208,0,700,14.8,0.100-a,-,140,-,HMN,436,Sandia,#bocdg-a.001-.005,-,<a href= '/diesel-spray-combustion/experimental-diagnostics/siebers-liquid-penetration-length/' target='_blank'>LL</a>,-,-,-,-,-,-,-,-,-,-,690,-,-,-,-,15,3.03,1.008,-,-,-,-,-,-,142.03,-,-,-,-,-,-,-,-,<a href= '/diesel-spray-combustion/sandia-cv/injector-characterization/' target='_blank'>rate of injection</a>,-,-,-,-,-,-,-,-,-,-,-,-,-,-,<a href='/cvdata/assets/datafiles/nozgeom/nozzleDwg.PNG' target='_blank'>Drawing</a>; <a href='/cvdata/assets/datafiles/nozgeom/sacVolumeDimensions.pdf' target='_blank'>sac Vol. Dim.</a>,-,-,-,-,-,19.4,-,-,-,-,-,-,-,-,-,-,-,-,-,-,-,-,-,-,-,-,-,-,-
209,0,1300,14.8,0.498-a,-,140,-,HMN,436,Sandia,#bccdf-a.001-.005,-,<a href= '/diesel-spray-combustion/experimental-diagnostics/siebers-liquid-penetration-length/' target='_blank'>LL</a>,-,-,-,-,-,-,-,-,-,-,1237,-,-,-,-,15.6,5.64,1.011,-,-,-,-,-,-,144.64,-,-,-,-,-,-,-,-,-,-,-,-,-,-,-,-,-,-,-,-,-,-,-,-,-,-,-,-,-,39.6,-,-,-,-,-,-,-,-,-,-,-,-,-,-,-,-,-,-,-,-,-,-,-
210,0,1300,14.8,0.363-a,-,140,-,HMN,436,Sandia,#bccde-a.001-.003,-,<a href= '/diesel-spray-combustion/experimental-diagnostics/siebers-liquid-penetration-length/' target='_blank'>LL</a>,-,-,-,-,-,-,-,-,-,-,1237,-,-,-,-,15.6,5.64,1.011,-,-,-,-,-,-,144.64,-,-,-,-,-,-,-,-,-,-,-,-,-,-,-,-,-,-,-,-,-,-,-,-,-,-,-,-,-,30.7,-,-,-,-,-,-,-,-,-,-,-,-,-,-,-,-,-,-,-,-,-,-,-
211,0,1300,14.8,0.180-a,-,140,-,HMN,436,Sandia,#bccdh-a.001-.005,-,<a href= '/diesel-spray-combustion/experimental-diagnostics/siebers-liquid-penetration-length/' target='_blank'>LL</a>,-,-,-,-,-,-,-,-,-,-,1237,-,-,-,-,15.6,5.64,1.011,-,-,-,-,-,-,144.64,-,-,-,-,-,-,-,-,<a href= '/diesel-spray-combustion/sandia-cv/injector-characterization/' target='_blank'>rate of injection</a>,-,-,-,-,-,-,-,-,-,-,-,-,-,-,-,-,-,-,-,-,14.3,-,-,-,-,-,-,-,-,-,-,-,-,-,-,-,-,-,-,-,-,-,-,-
212,0,1300,14.8,0.100-a,-,140,-,HMN,436,Sandia,#bccdg-a.001-.005,-,<a href= '/diesel-spray-combustion/experimental-diagnostics/siebers-liquid-penetration-length/' target='_blank'>LL</a>,-,-,-,-,-,-,-,-,-,-,1237,-,-,-,-,15.6,5.64,1.011,-,-,-,-,-,-,144.64,-,-,-,-,-,-,-,-,<a href= '/diesel-spray-combustion/sandia-cv/injector-characterization/' target='_blank'>rate of injection</a>,-,-,-,-,-,-,-,-,-,-,-,-,-,-,<a href='/cvdata/assets/datafiles/nozgeom/nozzleDwg.PNG' target='_blank'>Drawing</a>; <a href='/cvdata/assets/datafiles/nozgeom/sacVolumeDimensions.pdf' target='_blank'>sac Vol. Dim.</a>,-,-,-,-,-,8.4,-,-,-,-,-,-,-,-,-,-,-,-,-,-,-,-,-,-,-,-,-,-,-
213,0,1000,7.3,0.100-a,-,60,-,HMN,436,Sandia,#bibhg-a.001-.001,-,<a href= '/diesel-spray-combustion/experimental-diagnostics/siebers-liquid-penetration-length/' target='_blank'>LL</a>,-,-,-,-,-,-,-,-,-,-,974,-,-,-,-,7.5,2.13,1.005,-,-,-,-,-,-,59.13,-,-,-,-,-,-,-,-,<a href= '/diesel-spray-combustion/sandia-cv/injector-characterization/' target='_blank'>rate of injection</a>,-,-,-,-,-,-,-,-,-,-,-,-,-,-,<a href='/cvdata/assets/datafiles/nozgeom/nozzleDwg.PNG' target='_blank'>Drawing</a>; <a href='/cvdata/assets/datafiles/nozgeom/sacVolumeDimensions.pdf' target='_blank'>sac Vol. Dim.</a>,-,-,-,-,-,18,-,-,-,-,-,-,-,-,-,-,-,-,-,-,-,-,-,-,-,-,-,-,-
214,0,700,14.8,0.100-a,-,60,-,HMN,436,Sandia,#bochg-a.001-.001,-,<a href= '/diesel-spray-combustion/experimental-diagnostics/siebers-liquid-penetration-length/' target='_blank'>LL</a>,-,-,-,-,-,-,-,-,-,-,690,-,-,-,-,15,3.03,1.008,-,-,-,-,-,-,60.03,-,-,-,-,-,-,-,-,<a href= '/diesel-spray-combustion/sandia-cv/injector-characterization/' target='_blank'>rate of injection</a>,-,-,-,-,-,-,-,-,-,-,-,-,-,-,<a href='/cvdata/assets/datafiles/nozgeom/nozzleDwg.PNG' target='_blank'>Drawing</a>; <a href='/cvdata/assets/datafiles/nozgeom/sacVolumeDimensions.pdf' target='_blank'>sac Vol. Dim.</a>,-,-,-,-,-,19.9,-,-,-,-,-,-,-,-,-,-,-,-,-,-,-,-,-,-,-,-,-,-,-
215,21,950,7.3,0.180-a,-,140,>4,D2,436,Sandia,#AJBDHDHL,-,<a href= '/diesel-spray-combustion/experimental-diagnostics/lift-off-length/' target='_blank'>LO</a> ; <a href= '/diesel-spray-combustion/experimental-diagnostics/light-based-ignition-delay/' target='_blank'>ID</a>,-,21,-,O2 = 21.00;N2 = 69.33;CO2 = 6.11;H2O = 3.56;,-,29.47,953.7,2.6,&plusmn; 0.4,983.1,931.1,7.25,0.02,&plusmn; 0.00,7.97,7.42,1.96,1.004,-,-,-,-,-,<a href= '/diesel-spray-combustion/sandia-cv/combustion-vessel-geometry/' target='_blank'>Vesssel Geometry</a>,141.1;<a href= '/cvdata/assets/datafiles/fuelpress/AJBDHDH-fuelP.txt' target='_blank'>fuel pressure vs time</a>,0.4,&plusmn; 0.5,436,-,-,-,-,-,-,-,-,6.45,0.05,-,56.43,-,-,0.77,-,-,-,0.18,-,<a href='/diesel-spray-combustion/sandia-cv/combustion-vessel-geometry/1997-to-2009/1997-to-2007/' target='_blank'>Inj. Char.</a>,-,-,-,0.051,-,-,-,-,48.23,-,-,1.88,-,-,-,-,-,<a href='/cvdata/assets/datafiles/press/ajbdhDH-press.txt' target='_blank'>PvsT</a>,-,-,-,-,-,-,-,-,-,-,-
216,21,1000,7.3,0.180-a,-,140,>4,D2,436,Sandia,#AIBDHDHL,-,<a href= '/diesel-spray-combustion/experimental-diagnostics/lift-off-length/' target='_blank'>LO</a> ; <a href= '/diesel-spray-combustion/experimental-diagnostics/light-based-ignition-delay/' target='_blank'>ID</a>,-,21,-,O2 = 21.00;N2 = 69.33;CO2 = 6.11;H2O = 3.56;,-,29.47,1003.3,1.7,&plusmn; 0.2,1024.6,977.2,7.26,0.01,&plusmn; 0.00,7.76,7.46,2.06,1.005,-,-,-,-,-,<a href= '/diesel-spray-combustion/sandia-cv/combustion-vessel-geometry/' target='_blank'>Vesssel Geometry</a>,138.6;<a href= '/cvdata/assets/datafiles/fuelpress/AIBDHDH-fuelP.txt' target='_blank'>fuel pressure vs time</a>,3.2,&plusmn; 0.8,436,-,-,-,-,-,-,-,-,5.5,0.51,-,48.07,-,-,0.77,-,-,-,0.18,-,<a href='/diesel-spray-combustion/sandia-cv/combustion-vessel-geometry/1997-to-2009/1997-to-2007/' target='_blank'>Inj. Char.</a>,-,-,-,0.051,-,-,-,-,42.14,-,-,1.34,-,-,-,-,-,<a href='/cvdata/assets/datafiles/press/aibdhDH-press.txt' target='_blank'>PvsT</a>,-,-,-,-,-,-,-,-,-,-,-
217,21,1050,7.3,0.180-a,-,140,>4,D2,436,Sandia,#AHBDHDHL,-,<a href= '/diesel-spray-combustion/experimental-diagnostics/lift-off-length/' target='_blank'>LO</a> ; <a href= '/diesel-spray-combustion/experimental-diagnostics/light-based-ignition-delay/' target='_blank'>ID</a>,-,21,-,O2 = 21.00;N2 = 69.33;CO2 = 6.11;H2O = 3.56;,-,29.47,1052.3,1.5,&plusmn; 0.3,1073.3,1022.8,7.27,0.01,&plusmn; 0.00,7.74,7.48,2.17,1.005,-,-,-,-,-,<a href= '/diesel-spray-combustion/sandia-cv/combustion-vessel-geometry/' target='_blank'>Vesssel Geometry</a>,140.1;<a href= '/cvdata/assets/datafiles/fuelpress/AHBDHDH-fuelP.txt' target='_blank'>fuel pressure vs time</a>,4.4,&plusmn; 1.3,436,-,-,-,-,-,-,-,-,5.73,0.05,-,50.18,-,-,0.77,-,-,-,0.18,-,<a href='/diesel-spray-combustion/sandia-cv/combustion-vessel-geometry/1997-to-2009/1997-to-2007/' target='_blank'>Inj. Char.</a>,-,-,-,0.051,-,-,-,-,32.21,-,-,1.16,-,-,-,-,-,<a href='/cvdata/assets/datafiles/press/ahbdhDH-press.txt' target='_blank'>PvsT</a>,-,-,-,-,-,-,-,-,-,-,-
218,21,1100,7.3,0.180-a,-,140,4,D2,436,Sandia,#AGBDHDHL,-,<a href= '/diesel-spray-combustion/experimental-diagnostics/lift-off-length/' target='_blank'>LO</a> ; <a href= '/diesel-spray-combustion/experimental-diagnostics/light-based-ignition-delay/' target='_blank'>ID</a>,-,21,-,O2 = 21.00;N2 = 69.33;CO2 = 6.11;H2O = 3.56;,-,29.47,1099,2.8,&plusmn; 1.1,1119.5,1065.8,7.27,0.02,&plusmn; 0.01,7.72,7.49,2.26,1.005,-,-,-,-,-,<a href= '/diesel-spray-combustion/sandia-cv/combustion-vessel-geometry/' target='_blank'>Vesssel Geometry</a>,140.8;<a href= '/cvdata/assets/datafiles/fuelpress/AGBDHDH-fuelP.txt' target='_blank'>fuel pressure vs time</a>,0.3,&plusmn; 0.5,436,-,-,-,-,-,-,-,-,5.57,0.1,-,48.72,-,-,0.77,-,-,-,0.18,-,<a href='/diesel-spray-combustion/sandia-cv/combustion-vessel-geometry/1997-to-2009/1997-to-2007/' target='_blank'>Inj. Char.</a>,-,-,-,0.051,-,-,-,-,26.17,-,-,0.86,-,-,-,-,-,<a href='/cvdata/assets/datafiles/press/agbdhDH-press.txt' target='_blank'>PvsT</a>,-,-,-,-,-,-,-,-,-,-,-
219,21,1200,7.3,0.180-a,-,140,3.5,D2,436,Sandia,#AEBDHDHL,-,<a href= '/diesel-spray-combustion/experimental-diagnostics/lift-off-length/' target='_blank'>LO</a> ; <a href= '/diesel-spray-combustion/experimental-diagnostics/light-based-ignition-delay/' target='_blank'>ID</a>,-,21,-,O2 = 21.00;N2 = 69.33;CO2 = 6.11;H2O = 3.56;,-,29.47,1202,2,&plusmn; 0.3,1201.9,1160.3,7.27,0.01,&plusmn; 0.00,7.26,7.53,2.48,1.005,-,-,-,-,-,<a href= '/diesel-spray-combustion/sandia-cv/combustion-vessel-geometry/' target='_blank'>Vesssel Geometry</a>,140.5;<a href= '/cvdata/assets/datafiles/fuelpress/AEBDHDH-fuelP.txt' target='_blank'>fuel pressure vs time</a>,3,&plusmn; 0.9,436,-,-,-,-,-,-,-,-,4.31,0.06,-,37.75,-,-,0.77,-,-,-,0.18,-,<a href='/diesel-spray-combustion/sandia-cv/combustion-vessel-geometry/1997-to-2009/1997-to-2007/' target='_blank'>Inj. Char.</a>,-,-,-,0.051,-,-,-,-,19.77,-,-,0.49,-,-,-,-,-,<a href='/cvdata/assets/datafiles/press/aebdhDH-press.txt' target='_blank'>PvsT</a>,-,-,-,-,-,-,-,-,-,-,-
220,21,1300,7.3,0.180-a,-,140,>4,D2,436,Sandia,#ACBDHDH,-,<a href= '/diesel-spray-combustion/experimental-diagnostics/lift-off-length/' target='_blank'>LO</a> ; <a href= '/diesel-spray-combustion/experimental-diagnostics/light-based-ignition-delay/' target='_blank'>ID</a>,-,-,-,-,-,-,-,-,-,1315,1249,-,-,-,7.48,7.6,2.68,1.005,-,-,-,-,-,-,140.68,-,-,-,-,-,-,-,-,<a href= '/diesel-spray-combustion/sandia-cv/injector-characterization/' target='_blank'>rate of injection</a>,-,-,4.5,-,-,37.7,-,-,-,-,-,-,-,-,-,-,-,-,0.051,-,-,-,-,15.2,-,-,0.39,-,-,-,-,-, <a href='/cvdata/assets/datafiles/press/acbdhDH-press.txt' target='_blank'>PvsT</a>,-,-,-,-,-,-,-,-,-,-,-
221,21,800,14.8,0.180-a,-,140,3.5,D2,436,Sandia,#AMCDHDHL,-,<a href= '/diesel-spray-combustion/experimental-diagnostics/lift-off-length/' target='_blank'>LO</a> ; <a href= '/diesel-spray-combustion/experimental-diagnostics/light-based-ignition-delay/' target='_blank'>ID</a>,-,21,-,O2 = 21.00;N2 = 69.33;CO2 = 6.11;H2O = 3.56;,-,29.47,799.8,1,&plusmn; 0.1,799.7,783.1,14.81,0.02,&plusmn; 0.00,14.81,15.13,3.37,1.009,-,-,-,-,-,<a href= '/diesel-spray-combustion/sandia-cv/combustion-vessel-geometry/' target='_blank'>Vesssel Geometry</a>,139.1;<a href= '/cvdata/assets/datafiles/fuelpress/AMCDHDH-fuelP.txt' target='_blank'>fuel pressure vs time</a>,0.6,&plusmn; 0.5,436,-,-,-,-,-,-,-,-,4.36,0.07,-,38.28,-,-,0.77,-,-,-,0.18,-,<a href='/diesel-spray-combustion/sandia-cv/combustion-vessel-geometry/1997-to-2009/1997-to-2007/' target='_blank'>Inj. Char.</a>,-,-,-,0.051,-,-,-,-,65.2,-,-,1.49,-,-,-,-,-,<a href='/cvdata/assets/datafiles/press/amcdhDH-press.txt' target='_blank'>PvsT</a>,-,-,-,-,-,-,-,-,-,-,-
222,21,850,14.8,0.180-a,-,140,>4,D2,436,Sandia,#ALCDHDHL,-,<a href= '/diesel-spray-combustion/experimental-diagnostics/lift-off-length/' target='_blank'>LO</a> ; <a href= '/diesel-spray-combustion/experimental-diagnostics/light-based-ignition-delay/' target='_blank'>ID</a>,-,21,-,O2 = 21.00;N2 = 69.33;CO2 = 6.11;H2O = 3.56;,-,29.47,851.3,1.7,&plusmn; 0.1,863.1,830.7,14.81,0.03,&plusmn; 0.00,15.45,15.18,3.59,1.009,-,-,-,-,-,<a href= '/diesel-spray-combustion/sandia-cv/combustion-vessel-geometry/' target='_blank'>Vesssel Geometry</a>,142.0;<a href= '/cvdata/assets/datafiles/fuelpress/ALCDHDH-fuelP.txt' target='_blank'>fuel pressure vs time</a>,2,&plusmn; 0.5,436,-,-,-,-,-,-,-,-,5.76,0.13,-,50.62,-,-,0.77,-,-,-,0.18,-,<a href='/diesel-spray-combustion/sandia-cv/combustion-vessel-geometry/1997-to-2009/1997-to-2007/' target='_blank'>Inj. Char.</a>,-,-,-,0.051,-,-,-,-,41.02,-,-,1.19,-,-,-,-,-,<a href='/cvdata/assets/datafiles/press/alcdhDH-press.txt' target='_blank'>PvsT</a>,-,-,-,-,-,-,-,-,-,-,-
223,21,900,14.8,0.180-a,-,140,>4,D2,436,Sandia,#AKCDHDHL,-,<a href= '/diesel-spray-combustion/experimental-diagnostics/lift-off-length/' target='_blank'>LO</a> ; <a href= '/diesel-spray-combustion/experimental-diagnostics/light-based-ignition-delay/' target='_blank'>ID</a>,-,21,-,O2 = 21.00;N2 = 69.33;CO2 = 6.11;H2O = 3.56;,-,29.47,902.5,1.6,&plusmn; 0.5,914.2,878,14.8,0.03,&plusmn; 0.01,15.4,15.21,3.8,1.009,-,-,-,-,-,<a href= '/diesel-spray-combustion/sandia-cv/combustion-vessel-geometry/' target='_blank'>Vesssel Geometry</a>,139.6;<a href= '/cvdata/assets/datafiles/fuelpress/AKCDHDH-fuelP.txt' target='_blank'>fuel pressure vs time</a>,1.6,&plusmn; 0.9,436,-,-,-,-,-,-,-,-,5.72,0.23,-,50.33,-,-,0.77,-,-,-,0.18,-,<a href='/diesel-spray-combustion/sandia-cv/combustion-vessel-geometry/1997-to-2009/1997-to-2007/' target='_blank'>Inj. Char.</a>,-,-,-,0.051,-,-,-,-,31.24,-,-,0.86,-,-,-,-,-,<a href='/cvdata/assets/datafiles/press/akcdhDH-press.txt' target='_blank'>PvsT</a>,-,-,-,-,-,-,-,-,-,-,-
224,21,950,14.8,0.180-a,-,140,4,D2,436,Sandia,#AJCDHDHL,-,<a href= '/diesel-spray-combustion/experimental-diagnostics/lift-off-length/' target='_blank'>LO</a> ; <a href= '/diesel-spray-combustion/experimental-diagnostics/light-based-ignition-delay/' target='_blank'>ID</a>,-,21,-,O2 = 21.00;N2 = 69.33;CO2 = 6.11;H2O = 3.56;,-,29.47,951.9,1.5,&plusmn; 0.6,963.5,923.2,14.79,0.02,&plusmn; 0.01,15.37,15.25,4.01,1.009,-,-,-,-,-,<a href= '/diesel-spray-combustion/sandia-cv/combustion-vessel-geometry/' target='_blank'>Vesssel Geometry</a>,141.2;<a href= '/cvdata/assets/datafiles/fuelpress/AJCDHDH-fuelP.txt' target='_blank'>fuel pressure vs time</a>,0.4,&plusmn; 0.5,436,-,-,-,-,-,-,-,-,5.63,0.16,-,49.62,-,-,0.77,-,-,-,0.18,-,<a href='/diesel-spray-combustion/sandia-cv/combustion-vessel-geometry/1997-to-2009/1997-to-2007/' target='_blank'>Inj. Char.</a>,-,-,-,0.051,-,-,-,-,24.65,-,-,0.66,-,-,-,-,-,<a href='/cvdata/assets/datafiles/press/ajcdhDH-press.txt' target='_blank'>PvsT</a>,-,-,-,-,-,-,-,-,-,-,-
225,21,1000,14.8,0.180-a,-,140,3,D2,436,Sandia,#AICDHDH3,-,<a href= '/diesel-spray-combustion/experimental-diagnostics/lift-off-length/' target='_blank'>LO</a>; <a href= '/diesel-spray-combustion/experimental-diagnostics/light-based-ignition-delay/' target='_blank'>ID</a>; <a href= '/diesel-spray-combustion/experimental-diagnostics/soot/' target='_blank'>SO</a>,-,21,-,O2 = 21.00;N2 = 69.33;CO2 = 6.11;H2O = 3.56;,-,29.47,1002.3,1.3,&plusmn; 0.0,1008.6,969.1,14.8,0.02,&plusmn; 0.00,15.1,15.31,4.23,1.01,-,-,-,-,-,<a href= '/diesel-spray-combustion/sandia-cv/combustion-vessel-geometry/' target='_blank'>Vesssel Geometry</a>,143.8;<a href= '/cvdata/assets/datafiles/fuelpress/AICDHDH-fuelP.txt' target='_blank'>fuel pressure vs time</a>,1.8,&plusmn; 0.5,436,-,-,-,-,-,-,-,-,4.51,0.11,-,39.76,-,-,0.77,-,-,-,0.18,-,<a href='/diesel-spray-combustion/sandia-cv/combustion-vessel-geometry/1997-to-2009/1997-to-2007/' target='_blank'>Inj. Char.</a>,-,-,-,0.051,-,-,-,-,21.85,-,-,0.53,-,-,-,-,-,<a href='/cvdata/assets/datafiles/press/aicdhDH-press.txt' target='_blank'>PvsT</a>,-,-,-,-,-,-,-,-,<a href='/cvdata/assets/datafiles/soot/aicdhdh.jpg' target='_blank'>img</a> <a href='/cvdata/assets/datafiles/soot/aicdhdh-img.zip' target='_blank'>f<sub>v</sub></a> <a href='/cvdata/assets/datafiles/soot/aicdhdh.png' target='_blank'>png-img</a> <a href='/cvdata/assets/datafiles/soot/aicdhdh-png2fvNotes.txt' target='_blank'>png2fv</a>,-,-
226,21,1100,14.8,0.180-a,-,140,>4,D2,436,Sandia,#AGCDHDHL,-,<a href= '/diesel-spray-combustion/experimental-diagnostics/lift-off-length/' target='_blank'>LO</a> ; <a href= '/diesel-spray-combustion/experimental-diagnostics/light-based-ignition-delay/' target='_blank'>ID</a>,-,21,-,O2 = 21.00;N2 = 69.33;CO2 = 6.11;H2O = 3.56;,-,29.47,1100.1,1.8,&plusmn; 0.7,1111.6,1057.9,14.8,0.03,&plusmn; 0.01,15.31,15.4,4.64,1.01,-,-,-,-,-,<a href= '/diesel-spray-combustion/sandia-cv/combustion-vessel-geometry/' target='_blank'>Vesssel Geometry</a>,144.8;<a href= '/cvdata/assets/datafiles/fuelpress/AGCDHDH-fuelP.txt' target='_blank'>fuel pressure vs time</a>,0.5,&plusmn; 0.6,436,-,-,-,-,-,-,-,-,5.58,0.03,-,49.22,-,-,0.77,-,-,-,0.18,-,<a href='/diesel-spray-combustion/sandia-cv/combustion-vessel-geometry/1997-to-2009/1997-to-2007/' target='_blank'>Inj. Char.</a>,-,-,-,0.05,-,-,-,-,15.92,-,-,0.37,-,-,-,-,-,<a href='/cvdata/assets/datafiles/press/agcdhDH-press.txt' target='_blank'>PvsT</a>,-,-,-,-,-,-,-,-,-,-,-
227,21,1200,14.8,0.180-a,-,140,4,D2,436,Sandia,#AECDHDHL,-,<a href= '/diesel-spray-combustion/experimental-diagnostics/lift-off-length/' target='_blank'>LO</a> ; <a href= '/diesel-spray-combustion/experimental-diagnostics/light-based-ignition-delay/' target='_blank'>ID</a>,-,21,-,O2 = 21.00;N2 = 69.33;CO2 = 6.11;H2O = 3.56;,-,29.47,1201.9,2.6,&plusmn; 0.5,1209,1149.6,14.79,0.03,&plusmn; 0.01,15.08,15.46,5.06,1.01,-,-,-,-,-,<a href= '/diesel-spray-combustion/sandia-cv/combustion-vessel-geometry/' target='_blank'>Vesssel Geometry</a>,143.6;<a href= '/cvdata/assets/datafiles/fuelpress/AECDHDH-fuelP.txt' target='_blank'>fuel pressure vs time</a>,0.7,&plusmn; 0.5,436,-,-,-,-,-,-,-,-,4.83,0.06,-,42.7,-,-,0.77,-,-,-,0.18,-,<a href='/diesel-spray-combustion/sandia-cv/combustion-vessel-geometry/1997-to-2009/1997-to-2007/' target='_blank'>Inj. Char.</a>,-,-,-,0.05,-,-,-,-,12.54,-,-,0.33,-,-,-,-,-,<a href='/cvdata/assets/datafiles/press/aecdhDH-press.txt' target='_blank'>PvsT</a>,-,-,-,-,-,-,-,-,-,-,-
228,21,1300,14.8,0.180-a,-,140,3,D2,436,Sandia,#ACCDHDH3,-,<a href= '/diesel-spray-combustion/experimental-diagnostics/lift-off-length/' target='_blank'>LO</a> ; <a href= '/diesel-spray-combustion/experimental-diagnostics/light-based-ignition-delay/' target='_blank'>ID</a>,-,21,-,O2 = 21.00;N2 = 69.33;CO2 = 6.11;H2O = 3.56;,-,29.47,1301.1,1.5,&plusmn; 1.0,1307.9,1238.2,14.8,0.01,&plusmn; 0.01,15.06,15.55,5.49,1.01,-,-,-,-,-,<a href= '/diesel-spray-combustion/sandia-cv/combustion-vessel-geometry/' target='_blank'>Vesssel Geometry</a>,141.2;<a href= '/cvdata/assets/datafiles/fuelpress/ACCDHDH-fuelP.txt' target='_blank'>fuel pressure vs time</a>,0.4,&plusmn; 0.6,436,-,-,-,-,-,-,-,-,4.55,0.21,-,40.31,-,-,0.77,-,-,-,0.18,-,<a href='/diesel-spray-combustion/sandia-cv/combustion-vessel-geometry/1997-to-2009/1997-to-2007/' target='_blank'>Inj. Char.</a>,-,-,-,0.05,-,-,-,-,9.17,-,-,0.21,-,-,-,-,-,<a href='/cvdata/assets/datafiles/press/accdhDH-press.txt' target='_blank'>PvsT</a>,-,-,-,-,-,-,-,-,-,-,-
229,21,800,30,0.180-a,-,140,>4,D2,436,Sandia,#AMDDHDHL,-,<a href= '/diesel-spray-combustion/experimental-diagnostics/lift-off-length/' target='_blank'>LO</a> ; <a href= '/diesel-spray-combustion/experimental-diagnostics/light-based-ignition-delay/' target='_blank'>ID</a>,-,21,-,O2 = 21.00;N2 = 69.33;CO2 = 6.11;H2O = 3.56;,-,29.47,802.1,1.7,&plusmn; 0.8,809.1,783.2,29.99,0.06,&plusmn; 0.03,30.78,30.72,6.91,1.018,-,-,-,-,-,<a href= '/diesel-spray-combustion/sandia-cv/combustion-vessel-geometry/' target='_blank'>Vesssel Geometry</a>,146.2;<a href= '/cvdata/assets/datafiles/fuelpress/AMDDHDH-fuelP.txt' target='_blank'>fuel pressure vs time</a>,1.6,&plusmn; 1.2,436,-,-,-,-,-,-,-,-,5.82,0.1,-,51.78,-,-,0.77,-,-,-,0.18,-,<a href='/diesel-spray-combustion/sandia-cv/combustion-vessel-geometry/1997-to-2009/1997-to-2007/' target='_blank'>Inj. Char.</a>,-,-,-,0.05,-,-,-,-,29.84,-,-,0.94,-,-,-,-,-,<a href='/cvdata/assets/datafiles/press/amddhDH-press.txt' target='_blank'>PvsT</a>,-,-,-,-,-,-,-,-,-,-,-
230,21,850,30,0.180-a,-,140,4,D2,436,Sandia,#ALDDHDHL,-,<a href= '/diesel-spray-combustion/experimental-diagnostics/lift-off-length/' target='_blank'>LO</a> ; <a href= '/diesel-spray-combustion/experimental-diagnostics/light-based-ignition-delay/' target='_blank'>ID</a>,-,21,-,O2 = 21.00;N2 = 69.33;CO2 = 6.11;H2O = 3.56;,-,29.47,852.3,1.8,&plusmn; 1.2,859.2,829.2,29.94,0.07,&plusmn; 0.04,30.68,30.77,7.33,1.019,-,-,-,-,-,<a href= '/diesel-spray-combustion/sandia-cv/combustion-vessel-geometry/' target='_blank'>Vesssel Geometry</a>,147.7;<a href= '/cvdata/assets/datafiles/fuelpress/ALDDHDH-fuelP.txt' target='_blank'>fuel pressure vs time</a>,0.6,&plusmn; 0.8,436,-,-,-,-,-,-,-,-,5.64,0.04,-,50.27,-,-,0.77,-,-,-,0.18,-,<a href='/diesel-spray-combustion/sandia-cv/combustion-vessel-geometry/1997-to-2009/1997-to-2007/' target='_blank'>Inj. Char.</a>,-,-,-,0.05,-,-,-,-,21.28,-,-,0.56,-,-,-,-,-,<a href='/cvdata/assets/datafiles/press/alddhDH-press.txt' target='_blank'>PvsT</a>,-,-,-,-,-,-,-,-,-,-,-
231,21,900,30,0.180-a,-,140,>4,D2,436,Sandia,#AKDDHDHL,-,<a href= '/diesel-spray-combustion/experimental-diagnostics/lift-off-length/' target='_blank'>LO</a> ; <a href= '/diesel-spray-combustion/experimental-diagnostics/light-based-ignition-delay/' target='_blank'>ID</a>,-,21,-,O2 = 21.00;N2 = 69.33;CO2 = 6.11;H2O = 3.56;,-,29.47,901.3,1.4,&plusmn; 0.7,907,873.3,29.98,0.04,&plusmn; 0.02,30.57,30.94,7.77,1.02,-,-,-,-,-,<a href= '/diesel-spray-combustion/sandia-cv/combustion-vessel-geometry/' target='_blank'>Vesssel Geometry</a>,148.7;<a href= '/cvdata/assets/datafiles/fuelpress/AKDDHDH-fuelP.txt' target='_blank'>fuel pressure vs time</a>,2.2,&plusmn; 1.5,436,-,-,-,-,-,-,-,-,5.59,0.43,-,49.9,-,-,0.77,-,-,-,0.18,-,<a href='/diesel-spray-combustion/sandia-cv/combustion-vessel-geometry/1997-to-2009/1997-to-2007/' target='_blank'>Inj. Char.</a>,-,-,-,0.05,-,-,-,-,17.07,-,-,0.56,-,-,-,-,-,<a href='/cvdata/assets/datafiles/press/akddhDH-press.txt' target='_blank'>PvsT</a>,-,-,-,-,-,-,-,-,-,-,-
232,21,950,30,0.180-a,-,140,3,D2,436,Sandia,#AJDDHDH3,-,<a href= '/diesel-spray-combustion/experimental-diagnostics/lift-off-length/' target='_blank'>LO</a> ; <a href= '/diesel-spray-combustion/experimental-diagnostics/light-based-ignition-delay/' target='_blank'>ID</a>,-,21,-,O2 = 21.00;N2 = 69.33;CO2 = 6.11;H2O = 3.56;,-,29.47,950.8,2,&plusmn; 1.3,955.1,917.5,29.99,0.06,&plusmn; 0.04,30.42,31.08,8.21,1.02,-,-,-,-,-,<a href= '/diesel-spray-combustion/sandia-cv/combustion-vessel-geometry/' target='_blank'>Vesssel Geometry</a>,146.2;<a href= '/cvdata/assets/datafiles/fuelpress/AJDDHDH-fuelP.txt' target='_blank'>fuel pressure vs time</a>,1.9,&plusmn; 1.7,436,-,-,-,-,-,-,-,-,4.3,0.06,-,38.41,-,-,0.77,-,-,-,0.18,-,<a href='/diesel-spray-combustion/sandia-cv/combustion-vessel-geometry/1997-to-2009/1997-to-2007/' target='_blank'>Inj. Char.</a>,-,-,-,0.05,-,-,-,-,13.93,-,-,0.31,-,-,-,-,-,<a href='/cvdata/assets/datafiles/press/ajddhDH-press.txt' target='_blank'>PvsT</a>,-,-,-,-,-,-,-,-,-,-,-
233,21,1000,30,0.180-a,-,140,4,D2,436,Sandia,#AIDDHDHL,-,<a href= '/diesel-spray-combustion/experimental-diagnostics/lift-off-length/' target='_blank'>LO</a> ; <a href= '/diesel-spray-combustion/experimental-diagnostics/light-based-ignition-delay/' target='_blank'>ID</a>,-,21,-,O2 = 21.00;N2 = 69.33;CO2 = 6.11;H2O = 3.56;,-,29.47,998.8,0.8,&plusmn; 0.2,1005.4,960.5,30.04,0.02,&plusmn; 0.01,30.68,31.24,8.64,1.021,-,-,-,-,-,<a href= '/diesel-spray-combustion/sandia-cv/combustion-vessel-geometry/' target='_blank'>Vesssel Geometry</a>,149.6;<a href= '/cvdata/assets/datafiles/fuelpress/AIDDHDH-fuelP.txt' target='_blank'>fuel pressure vs time</a>,0.6,&plusmn; 0.5,436,-,-,-,-,-,-,-,-,5.7,0.4,-,51.04,-,-,0.77,-,-,-,0.18,-,<a href='/diesel-spray-combustion/sandia-cv/combustion-vessel-geometry/1997-to-2009/1997-to-2007/' target='_blank'>Inj. Char.</a>,-,-,-,0.05,-,-,-,-,12.2,-,-,0.34,-,-,-,-,-,<a href='/cvdata/assets/datafiles/press/aiddhDH-press.txt' target='_blank'>PvsT</a>,-,-,-,-,-,-,-,-,-,-,-
234,21,1100,30,0.180-a,-,140,3,D2,436,Sandia,#AGDDHDH3,-,<a href= '/diesel-spray-combustion/experimental-diagnostics/lift-off-length/' target='_blank'>LO</a> ; <a href= '/diesel-spray-combustion/experimental-diagnostics/light-based-ignition-delay/' target='_blank'>ID</a>,-,21,-,O2 = 21.00;N2 = 69.33;CO2 = 6.11;H2O = 3.56;,-,29.47,1096.7,1.2,&plusmn; 0.8,1100.8,1048,30.12,0.04,&plusmn; 0.02,30.49,31.52,9.52,1.022,-,-,-,-,-,<a href= '/diesel-spray-combustion/sandia-cv/combustion-vessel-geometry/' target='_blank'>Vesssel Geometry</a>,148.9;<a href= '/cvdata/assets/datafiles/fuelpress/AGDDHDH-fuelP.txt' target='_blank'>fuel pressure vs time</a>,2.9,&plusmn; 2.4,436,-,-,-,-,-,-,-,-,4.66,0.34,-,41.81,-,-,0.77,-,-,-,0.18,-,<a href='/diesel-spray-combustion/sandia-cv/combustion-vessel-geometry/1997-to-2009/1997-to-2007/' target='_blank'>Inj. Char.</a>,-,-,-,0.05,-,-,-,-,9.52,-,-,0.42,-,-,-,-,-,<a href='/cvdata/assets/datafiles/press/agddhDH-press.txt' target='_blank'>PvsT</a>,-,-,-,-,-,-,-,-,-,-,-
235,21,1200,30,0.180-a,-,140,>4,D2,436,Sandia,#AEDDHDHL,-,<a href= '/diesel-spray-combustion/experimental-diagnostics/lift-off-length/' target='_blank'>LO</a> ; <a href= '/diesel-spray-combustion/experimental-diagnostics/light-based-ignition-delay/' target='_blank'>ID</a>,-,21,-,O2 = 21.00;N2 = 69.33;CO2 = 6.11;H2O = 3.56;,-,29.47,1193.6,7.5,&plusmn; 3.7,1198.6,1133.8,30.05,0.1,&plusmn; 0.05,30.47,31.64,10.34,1.022,-,-,-,-,-,<a href= '/diesel-spray-combustion/sandia-cv/combustion-vessel-geometry/' target='_blank'>Vesssel Geometry</a>,150.0;<a href= '/cvdata/assets/datafiles/fuelpress/AEDDHDH-fuelP.txt' target='_blank'>fuel pressure vs time</a>,1.2,&plusmn; 1.0,436,-,-,-,-,-,-,-,-,5.41,0.04,-,48.67,-,-,0.77,-,-,-,0.18,-,<a href='/diesel-spray-combustion/sandia-cv/combustion-vessel-geometry/1997-to-2009/1997-to-2007/' target='_blank'>Inj. Char.</a>,-,-,-,0.049,-,-,-,-,7.01,-,-,0.27,-,-,-,-,-,<a href='/cvdata/assets/datafiles/press/aeddhDH-press.txt' target='_blank'>PvsT</a>,-,-,-,-,-,-,-,-,-,-,-
236,21,1300,30,0.180-a,-,140,3,D2,436,Sandia,#ACDDHDH3,-,<a href= '/diesel-spray-combustion/experimental-diagnostics/lift-off-length/' target='_blank'>LO</a> ; <a href= '/diesel-spray-combustion/experimental-diagnostics/light-based-ignition-delay/' target='_blank'>ID</a>,-,21,-,O2 = 21.00;N2 = 69.33;CO2 = 6.11;H2O = 3.56;,-,29.47,1301.4,3.4,&plusmn; 2.3,1305.1,1228.4,29.99,0.07,&plusmn; 0.05,30.28,31.77,11.26,1.023,-,-,-,-,-,<a href= '/diesel-spray-combustion/sandia-cv/combustion-vessel-geometry/' target='_blank'>Vesssel Geometry</a>,151.6;<a href= '/cvdata/assets/datafiles/fuelpress/ACDDHDH-fuelP.txt' target='_blank'>fuel pressure vs time</a>,1.9,&plusmn; 1.7,436,-,-,-,-,-,-,-,-,4.59,0.15,-,41.48,-,-,0.77,-,-,-,0.18,-,<a href='/diesel-spray-combustion/sandia-cv/combustion-vessel-geometry/1997-to-2009/1997-to-2007/' target='_blank'>Inj. Char.</a>,-,-,-,0.049,-,-,-,-,5.45,-,-,0.34,-,-,-,-,-,<a href='/cvdata/assets/datafiles/press/acddhDH-press.txt' target='_blank'>PvsT</a>,-,-,-,-,-,-,-,-,-,-,-
237,21,800,58.5,0.180-a,-,140,3.5,D2,436,Sandia,#AMEDHDHL,-,<a href= '/diesel-spray-combustion/experimental-diagnostics/lift-off-length/' target='_blank'>LO</a> ; <a href= '/diesel-spray-combustion/experimental-diagnostics/light-based-ignition-delay/' target='_blank'>ID</a>,-,21,-,O2 = 21.00;N2 = 69.33;CO2 = 6.11;H2O = 3.56;,-,29.47,801.1,0.2,&plusmn; 0.2,803.5,780.8,58.42,0.01,&plusmn; 0.01,58.96,59.94,13.72,1.04,-,-,-,-,-,<a href= '/diesel-spray-combustion/sandia-cv/combustion-vessel-geometry/' target='_blank'>Vesssel Geometry</a>,149.6;<a href= '/cvdata/assets/datafiles/fuelpress/AMEDHDH-fuelP.txt' target='_blank'>fuel pressure vs time</a>,0.6,&plusmn; 1.0,436,-,-,-,-,-,-,-,-,13.84,0,-,126.01,-,-,0.77,-,-,-,0.18,-,<a href='/diesel-spray-combustion/sandia-cv/combustion-vessel-geometry/1997-to-2009/1997-to-2007/' target='_blank'>Inj. Char.</a>,-,-,-,0.049,-,-,-,-,17.47,-,-,0.66,-,-,-,-,-,<a href='/cvdata/assets/datafiles/press/amedhDH-press.txt' target='_blank'>PvsT</a>,-,-,-,-,-,-,-,-,-,-,-
238,21,900,58.5,0.180-a,-,130,>4,D2,436,Sandia,#AKEDHDH,-,<a href= '/diesel-spray-combustion/experimental-diagnostics/lift-off-length/' target='_blank'>LO</a> ; <a href= '/diesel-spray-combustion/experimental-diagnostics/light-based-ignition-delay/' target='_blank'>ID</a>,-,-,-,-,-,-,-,-,-,905,868,-,-,-,58.8,60.7,15.47,1.042,-,-,-,-,-,-,148.47,-,-,-,-,-,-,-,-,<a href= '/diesel-spray-combustion/sandia-cv/injector-characterization/' target='_blank'>rate of injection</a>,-,-,11.9,-,-,107.4,-,-,-,-,-,-,-,-,-,-,-,-,0.052,-,-,-,-,10,-,-,0.22,-,-,-,-,-, <a href='/cvdata/assets/datafiles/press/akedhDH-press.txt' target='_blank'>PvsT</a>,-,-,-,-,-,-,-,-,-,-,-
239,21,1000,58.5,0.180-a,-,140,3.5,D2,436,Sandia,#AIEDHDHL,-,<a href= '/diesel-spray-combustion/experimental-diagnostics/lift-off-length/' target='_blank'>LO</a> ; <a href= '/diesel-spray-combustion/experimental-diagnostics/light-based-ignition-delay/' target='_blank'>ID</a>,-,21,-,O2 = 21.00;N2 = 69.33;CO2 = 6.11;H2O = 3.56;,-,29.47,998.8,3.1,&plusmn; 3.1,1001.2,953.7,58.4,0.02,&plusmn; 0.02,58.84,61.17,17.19,1.045,-,-,-,-,-,<a href= '/diesel-spray-combustion/sandia-cv/combustion-vessel-geometry/' target='_blank'>Vesssel Geometry</a>,155.9;<a href= '/cvdata/assets/datafiles/fuelpress/AIEDHDH-fuelP.txt' target='_blank'>fuel pressure vs time</a>,2.9,&plusmn; 3.3,436,-,-,-,-,-,-,-,-,9.87,2.22,-,90.89,-,-,0.77,-,-,-,0.18,-,<a href='/diesel-spray-combustion/sandia-cv/combustion-vessel-geometry/1997-to-2009/1997-to-2007/' target='_blank'>Inj. Char.</a>,-,-,-,0.048,-,-,-,-,7.53,-,-,0.23,-,-,-,-,-,<a href='/cvdata/assets/datafiles/press/aiedhDH-press.txt' target='_blank'>PvsT</a>,-,-,-,-,-,-,-,-,-,-,-
240,21,1100,58.5,0.180-a,-,140,>4,D2,436,Sandia,#AGEDHDH,-,ignition delay unreliable- removed; <a href= '/diesel-spray-combustion/experimental-diagnostics/lift-off-length/' target='_blank'>LO</a>,-,-,-,-,-,-,-,-,-,1106,1040,-,-,-,58.74,61.9,18.96,1.044,-,-,-,-,-,-,158.96,-,-,-,-,-,-,-,-,<a href= '/diesel-spray-combustion/sandia-cv/injector-characterization/' target='_blank'>rate of injection</a>,-,-,6.3,-,-,57.3,-,-,-,-,-,-,-,-,-,-,-,-,0.051,-,-,-,-,5.4,-,-,-,-,-,-,-,-, <a href='/cvdata/assets/datafiles/press/agedhDH-press.txt' target='_blank'>PvsT</a>,-,-,-,-,-,-,-,-,-,-,-
241,21,1200,58.5,0.180-a,-,140,3.5,D2,436,Sandia,#AEEDHDHL,-,<a href= '/diesel-spray-combustion/experimental-diagnostics/lift-off-length/' target='_blank'>LO</a> ; <a href= '/diesel-spray-combustion/experimental-diagnostics/light-based-ignition-delay/' target='_blank'>ID</a>,-,21,-,O2 = 21.00;N2 = 69.33;CO2 = 6.11;H2O = 3.56;,-,29.47,1205.1,0,&plusmn; 0.0,1207.4,1130.4,58.23,0,&plusmn; 0.00,58.59,62.08,20.74,1.048,-,-,-,-,-,<a href= '/diesel-spray-combustion/sandia-cv/combustion-vessel-geometry/' target='_blank'>Vesssel Geometry</a>,160.3;<a href= '/cvdata/assets/datafiles/fuelpress/AEEDHDH-fuelP.txt' target='_blank'>fuel pressure vs time</a>,0,&plusmn; 0.4,436,-,-,-,-,-,-,-,-,6.4,0,-,59.62,-,-,0.77,-,-,-,0.18,-,<a href='/diesel-spray-combustion/sandia-cv/combustion-vessel-geometry/1997-to-2009/1997-to-2007/' target='_blank'>Inj. Char.</a>,-,-,-,0.048,-,-,-,-,3.98,-,-,0.21,-,-,-,-,-,<a href='/cvdata/assets/datafiles/press/aeedhDH-press.txt' target='_blank'>PvsT</a>,-,-,-,-,-,-,-,-,-,-,-
242,21,1300,58.5,0.180-a,-,140,3.5,D2,436,Sandia,#ACEDHDHL,-,<a href= '/diesel-spray-combustion/experimental-diagnostics/lift-off-length/' target='_blank'>LO</a> ; <a href= '/diesel-spray-combustion/experimental-diagnostics/light-based-ignition-delay/' target='_blank'>ID</a>,-,21,-,O2 = 21.00;N2 = 69.33;CO2 = 6.11;H2O = 3.56;,-,29.47,1299.4,0,&plusmn; 0.0,1301.5,1209.3,58.5,0,&plusmn; 0.00,58.81,62.86,22.49,1.049,-,-,-,-,-,<a href= '/diesel-spray-combustion/sandia-cv/combustion-vessel-geometry/' target='_blank'>Vesssel Geometry</a>,164.4;<a href= '/cvdata/assets/datafiles/fuelpress/ACEDHDH-fuelP.txt' target='_blank'>fuel pressure vs time</a>,0,&plusmn; 0.4,436,-,-,-,-,-,-,-,-,6.95,0,-,65.11,-,-,0.77,-,-,-,0.18,-,<a href='/diesel-spray-combustion/sandia-cv/combustion-vessel-geometry/1997-to-2009/1997-to-2007/' target='_blank'>Inj. Char.</a>,-,-,-,0.048,-,-,-,-,3.29,-,-,0.34,-,-,-,-,-,<a href='/cvdata/assets/datafiles/press/acedhDH-press.txt' target='_blank'>PvsT</a>,-,-,-,-,-,-,-,-,-,-,-
243,21,950,7.3,0.246-a,-,140,>4,D2,436,Sandia,#AJBDCDHL,-,<a href= '/diesel-spray-combustion/experimental-diagnostics/lift-off-length/' target='_blank'>LO</a> ; <a href= '/diesel-spray-combustion/experimental-diagnostics/light-based-ignition-delay/' target='_blank'>ID</a>,-,21,-,O2 = 21.00;N2 = 69.33;CO2 = 6.11;H2O = 3.56;,-,29.47,942.9,4.3,&plusmn; 0.9,972.1,920.8,7.24,0.04,&plusmn; 0.01,7.96,7.41,1.93,1.004,-,-,-,-,-,<a href= '/diesel-spray-combustion/sandia-cv/combustion-vessel-geometry/' target='_blank'>Vesssel Geometry</a>,140.0;<a href= '/cvdata/assets/datafiles/fuelpress/AJBDCDH-fuelP.txt' target='_blank'>fuel pressure vs time</a>,1.9,&plusmn; 0.8,436,-,-,-,-,-,-,-,-,6,0.34,-,98.04,-,-,0.78,-,-,-,0.246,-,<a href='/diesel-spray-combustion/sandia-cv/combustion-vessel-geometry/1997-to-2009/1997-to-2007/' target='_blank'>Inj. Char.</a>,-,-,-,0.042,-,-,-,-,56.48,-,-,1.99,-,-,-,-,-,<a href='/cvdata/assets/datafiles/press/ajbdcDH-press.txt' target='_blank'>PvsT</a>,-,-,-,-,-,-,-,-,-,-,-
244,21,1000,7.3,0.246-a,-,140,>4,D2,436,Sandia,#AIBDCDHL,-,<a href= '/diesel-spray-combustion/experimental-diagnostics/lift-off-length/' target='_blank'>LO</a> ; <a href= '/diesel-spray-combustion/experimental-diagnostics/light-based-ignition-delay/' target='_blank'>ID</a>,-,21,-,O2 = 21.00;N2 = 69.33;CO2 = 6.11;H2O = 3.56;,-,29.47,1001.5,4.6,&plusmn; 0.2,1043.8,975.5,7.24,0.02,&plusmn; 0.00,8.26,7.44,2.06,1.005,-,-,-,-,-,<a href= '/diesel-spray-combustion/sandia-cv/combustion-vessel-geometry/' target='_blank'>Vesssel Geometry</a>,141.1;<a href= '/cvdata/assets/datafiles/fuelpress/AIBDCDH-fuelP.txt' target='_blank'>fuel pressure vs time</a>,1.7,&plusmn; 0.5,436,-,-,-,-,-,-,-,-,5.67,0.27,-,92.66,-,-,0.78,-,-,-,0.246,-,<a href='/diesel-spray-combustion/sandia-cv/combustion-vessel-geometry/1997-to-2009/1997-to-2007/' target='_blank'>Inj. Char.</a>,-,-,-,0.042,-,-,-,-,40.94,-,-,1.45,-,-,-,-,-,<a href='/cvdata/assets/datafiles/press/aibdcDH-press.txt' target='_blank'>PvsT</a>,-,-,-,-,-,-,-,-,-,-,-
245,21,1050,7.3,0.246-a,-,140,4,D2,436,Sandia,#AHBDCDHL,-,<a href= '/diesel-spray-combustion/experimental-diagnostics/lift-off-length/' target='_blank'>LO</a> ; <a href= '/diesel-spray-combustion/experimental-diagnostics/light-based-ignition-delay/' target='_blank'>ID</a>,-,21,-,O2 = 21.00;N2 = 69.33;CO2 = 6.11;H2O = 3.56;,-,29.47,1054.1,1,&plusmn; 0.2,1083.5,1024.2,7.24,0.01,&plusmn; 0.00,7.91,7.45,2.16,1.005,-,-,-,-,-,<a href= '/diesel-spray-combustion/sandia-cv/combustion-vessel-geometry/' target='_blank'>Vesssel Geometry</a>,142.1;<a href= '/cvdata/assets/datafiles/fuelpress/AHBDCDH-fuelP.txt' target='_blank'>fuel pressure vs time</a>,0.3,&plusmn; 0.5,436,-,-,-,-,-,-,-,-,5.07,0.05,-,82.82,-,-,0.78,-,-,-,0.246,-,<a href='/diesel-spray-combustion/sandia-cv/combustion-vessel-geometry/1997-to-2009/1997-to-2007/' target='_blank'>Inj. Char.</a>,-,-,-,0.042,-,-,-,-,33.62,-,-,1.17,-,-,-,-,-,<a href='/cvdata/assets/datafiles/press/ahbdcDH-press.txt' target='_blank'>PvsT</a>,-,-,-,-,-,-,-,-,-,-,-
246,21,1100,7.3,0.246-a,-,140,4,D2,436,Sandia,#AGBDCDHL,-,<a href= '/diesel-spray-combustion/experimental-diagnostics/lift-off-length/' target='_blank'>LO</a> ; <a href= '/diesel-spray-combustion/experimental-diagnostics/light-based-ignition-delay/' target='_blank'>ID</a>,-,21,-,O2 = 21.00;N2 = 69.33;CO2 = 6.11;H2O = 3.56;,-,29.47,1102.6,0.9,&plusmn; 0.2,1131.5,1069,7.25,0.01,&plusmn; 0.00,7.88,7.48,2.27,1.005,-,-,-,-,-,<a href= '/diesel-spray-combustion/sandia-cv/combustion-vessel-geometry/' target='_blank'>Vesssel Geometry</a>,141.7;<a href= '/cvdata/assets/datafiles/fuelpress/AGBDCDH-fuelP.txt' target='_blank'>fuel pressure vs time</a>,1.6,&plusmn; 0.7,436,-,-,-,-,-,-,-,-,5.15,0.04,-,84.26,-,-,0.78,-,-,-,0.246,-,<a href='/diesel-spray-combustion/sandia-cv/combustion-vessel-geometry/1997-to-2009/1997-to-2007/' target='_blank'>Inj. Char.</a>,-,-,-,0.042,-,-,-,-,28.49,-,-,0.95,-,-,-,-,-,<a href='/cvdata/assets/datafiles/press/agbdcDH-press.txt' target='_blank'>PvsT</a>,-,-,-,-,-,-,-,-,-,-,-
247,21,1200,7.3,0.246-a,-,140,3.5,D2,436,Sandia,#AEBDCDHL,-,<a href= '/diesel-spray-combustion/experimental-diagnostics/lift-off-length/' target='_blank'>LO</a> ; <a href= '/diesel-spray-combustion/experimental-diagnostics/light-based-ignition-delay/' target='_blank'>ID</a>,-,21,-,O2 = 21.00;N2 = 69.33;CO2 = 6.11;H2O = 3.56;,-,29.47,1202.3,3.5,&plusmn; 0.4,1225,1160.2,7.24,0.03,&plusmn; 0.00,7.7,7.5,2.47,1.005,-,-,-,-,-,<a href= '/diesel-spray-combustion/sandia-cv/combustion-vessel-geometry/' target='_blank'>Vesssel Geometry</a>,141.8;<a href= '/cvdata/assets/datafiles/fuelpress/AEBDCDH-fuelP.txt' target='_blank'>fuel pressure vs time</a>,1.8,&plusmn; 0.6,436,-,-,-,-,-,-,-,-,4.93,0.2,-,80.72,-,-,0.78,-,-,-,0.246,-,<a href='/diesel-spray-combustion/sandia-cv/combustion-vessel-geometry/1997-to-2009/1997-to-2007/' target='_blank'>Inj. Char.</a>,-,-,-,0.042,-,-,-,-,21.97,-,-,0.59,-,-,-,-,-,<a href='/cvdata/assets/datafiles/press/aebdcDH-press.txt' target='_blank'>PvsT</a>,-,-,-,-,-,-,-,-,-,-,-
248,21,1300,7.3,0.246-a,-,140,>4,D2,436,Sandia,#ACBDCDH,-,<a href= '/diesel-spray-combustion/experimental-diagnostics/lift-off-length/' target='_blank'>LO</a> ; <a href= '/diesel-spray-combustion/experimental-diagnostics/light-based-ignition-delay/' target='_blank'>ID</a>,-,-,-,-,-,-,-,-,-,1323,1249,-,-,-,7.67,7.6,2.68,1.005,-,-,-,-,-,-,139.68,-,-,-,-,-,-,-,-,<a href= '/diesel-spray-combustion/sandia-cv/injector-characterization/' target='_blank'>rate of injection</a>,-,-,5.2,-,-,83.7,-,-,-,-,-,-,-,-,-,-,-,-,0.043,-,-,-,-,16,-,-,0.35,-,-,-,-,-, <a href='/cvdata/assets/datafiles/press/acbdcDH-press.txt' target='_blank'>PvsT</a>,-,-,-,-,-,-,-,-,-,-,-
249,21,800,14.8,0.246-a,-,140,>4,D2,436,Sandia,#AMCDCDHL,-,<a href= '/diesel-spray-combustion/experimental-diagnostics/lift-off-length/' target='_blank'>LO</a> ; <a href= '/diesel-spray-combustion/experimental-diagnostics/light-based-ignition-delay/' target='_blank'>ID</a>,-,21,-,O2 = 21.00;N2 = 69.33;CO2 = 6.11;H2O = 3.56;,-,29.47,803.7,1.4,&plusmn; 0.6,828.7,786.7,14.74,0.02,&plusmn; 0.01,16.16,15.05,3.37,1.009,-,-,-,-,-,<a href= '/diesel-spray-combustion/sandia-cv/combustion-vessel-geometry/' target='_blank'>Vesssel Geometry</a>,142.9;<a href= '/cvdata/assets/datafiles/fuelpress/AMCDCDH-fuelP.txt' target='_blank'>fuel pressure vs time</a>,2.7,&plusmn; 1.5,436,-,-,-,-,-,-,-,-,5.75,0.04,-,94.44,-,-,0.78,-,-,-,0.246,-,<a href='/diesel-spray-combustion/sandia-cv/combustion-vessel-geometry/1997-to-2009/1997-to-2007/' target='_blank'>Inj. Char.</a>,-,-,-,0.042,-,-,-,-,56.35,-,-,1.78,-,-,-,-,-,<a href='/cvdata/assets/datafiles/press/amcdcDH-press.txt' target='_blank'>PvsT</a>,-,-,-,-,-,-,-,-,-,-,-
250,21,850,14.8,0.246-a,-,140,3.5,D2,436,Sandia,#ALCDCDHL,-,<a href= '/diesel-spray-combustion/experimental-diagnostics/lift-off-length/' target='_blank'>LO</a> ; <a href= '/diesel-spray-combustion/experimental-diagnostics/light-based-ignition-delay/' target='_blank'>ID</a>,-,21,-,O2 = 21.00;N2 = 69.33;CO2 = 6.11;H2O = 3.56;,-,29.47,851.7,3.1,&plusmn; 0.6,863.2,830.9,14.76,0.07,&plusmn; 0.01,15.37,15.13,3.58,1.009,-,-,-,-,-,<a href= '/diesel-spray-combustion/sandia-cv/combustion-vessel-geometry/' target='_blank'>Vesssel Geometry</a>,142.4;<a href= '/cvdata/assets/datafiles/fuelpress/ALCDCDH-fuelP.txt' target='_blank'>fuel pressure vs time</a>,1.8,&plusmn; 0.8,436,-,-,-,-,-,-,-,-,4.98,0.36,-,81.81,-,-,0.78,-,-,-,0.246,-,<a href='/diesel-spray-combustion/sandia-cv/combustion-vessel-geometry/1997-to-2009/1997-to-2007/' target='_blank'>Inj. Char.</a>,-,-,-,0.042,-,-,-,-,41.12,-,-,1.13,-,-,-,-,-,<a href='/cvdata/assets/datafiles/press/alcdcDH-press.txt' target='_blank'>PvsT</a>,-,-,-,-,-,-,-,-,-,-,-
251,21,900,14.8,0.246-a,-,140,3.5,D2,436,Sandia,#AKCDCDHL,-,<a href= '/diesel-spray-combustion/experimental-diagnostics/lift-off-length/' target='_blank'>LO</a> ; <a href= '/diesel-spray-combustion/experimental-diagnostics/light-based-ignition-delay/' target='_blank'>ID</a>,-,21,-,O2 = 21.00;N2 = 69.33;CO2 = 6.11;H2O = 3.56;,-,29.47,900.7,0.6,&plusmn; 0.1,914.2,876,14.82,0.01,&plusmn; 0.00,15.51,15.24,3.8,1.009,-,-,-,-,-,<a href= '/diesel-spray-combustion/sandia-cv/combustion-vessel-geometry/' target='_blank'>Vesssel Geometry</a>,143.9;<a href= '/cvdata/assets/datafiles/fuelpress/AKCDCDH-fuelP.txt' target='_blank'>fuel pressure vs time</a>,1.3,&plusmn; 0.7,436,-,-,-,-,-,-,-,-,5.22,0.28,-,85.74,-,-,0.78,-,-,-,0.246,-,<a href='/diesel-spray-combustion/sandia-cv/combustion-vessel-geometry/1997-to-2009/1997-to-2007/' target='_blank'>Inj. Char.</a>,-,-,-,0.042,-,-,-,-,32.15,-,-,0.85,-,-,-,-,-,<a href='/cvdata/assets/datafiles/press/akcdcDH-press.txt' target='_blank'>PvsT</a>,-,-,-,-,-,-,-,-,-,-,-
252,21,950,14.8,0.246-a,-,140,3.5,D2,436,Sandia,#AJCDCDHL,-,<a href= '/diesel-spray-combustion/experimental-diagnostics/lift-off-length/' target='_blank'>LO</a> ; <a href= '/diesel-spray-combustion/experimental-diagnostics/light-based-ignition-delay/' target='_blank'>ID</a>,-,21,-,O2 = 21.00;N2 = 69.33;CO2 = 6.11;H2O = 3.56;,-,29.47,952.9,4.3,&plusmn; 0.9,964.2,924,14.76,0.07,&plusmn; 0.01,15.32,15.22,4.01,1.009,-,-,-,-,-,<a href= '/diesel-spray-combustion/sandia-cv/combustion-vessel-geometry/' target='_blank'>Vesssel Geometry</a>,144.0;<a href= '/cvdata/assets/datafiles/fuelpress/AJCDCDH-fuelP.txt' target='_blank'>fuel pressure vs time</a>,0.8,&plusmn; 0.6,436,-,-,-,-,-,-,-,-,4.89,0.23,-,80.48,-,-,0.78,-,-,-,0.246,-,<a href='/diesel-spray-combustion/sandia-cv/combustion-vessel-geometry/1997-to-2009/1997-to-2007/' target='_blank'>Inj. Char.</a>,-,-,-,0.042,-,-,-,-,27.85,-,-,0.65,-,-,-,-,-,<a href='/cvdata/assets/datafiles/press/ajcdcDH-press.txt' target='_blank'>PvsT</a>,-,-,-,-,-,-,-,-,-,-,-
253,21,1000,14.8,0.246-a,-,140,2,D2,436,Sandia,#AICDCDH2,-,<a href= '/diesel-spray-combustion/experimental-diagnostics/lift-off-length/' target='_blank'>LO</a> ; <a href= '/diesel-spray-combustion/experimental-diagnostics/light-based-ignition-delay/' target='_blank'>ID</a>,-,21,-,O2 = 21.00;N2 = 69.33;CO2 = 6.11;H2O = 3.56;,-,29.47,997.6,3.5,&plusmn; 0.1,1014,964.7,14.86,0.03,&plusmn; 0.00,15.65,15.37,4.22,1.01,-,-,-,-,-,<a href= '/diesel-spray-combustion/sandia-cv/combustion-vessel-geometry/' target='_blank'>Vesssel Geometry</a>,143.8;<a href= '/cvdata/assets/datafiles/fuelpress/AICDCDH-fuelP.txt' target='_blank'>fuel pressure vs time</a>,1.1,&plusmn; 0.4,436,-,-,-,-,-,-,-,-,3.34,0.18,-,54.91,-,-,0.78,-,-,-,0.246,-,<a href='/diesel-spray-combustion/sandia-cv/combustion-vessel-geometry/1997-to-2009/1997-to-2007/' target='_blank'>Inj. Char.</a>,-,-,-,0.042,-,-,-,-,22.64,-,-,0.54,-,-,-,-,-,<a href='/cvdata/assets/datafiles/press/aicdcDH-press.txt' target='_blank'>PvsT</a>,-,-,-,-,-,-,-,-,-,-,-
254,21,1100,14.8,0.246-a,-,140,3.5,D2,436,Sandia,#AGCDCDHL,-,<a href= '/diesel-spray-combustion/experimental-diagnostics/lift-off-length/' target='_blank'>LO</a> ; <a href= '/diesel-spray-combustion/experimental-diagnostics/light-based-ignition-delay/' target='_blank'>ID</a>,-,21,-,O2 = 21.00;N2 = 69.33;CO2 = 6.11;H2O = 3.56;,-,29.47,1105.3,3.5,&plusmn; 0.7,1119.8,1062.9,14.76,0.04,&plusmn; 0.01,15.39,15.35,4.65,1.01,-,-,-,-,-,<a href= '/diesel-spray-combustion/sandia-cv/combustion-vessel-geometry/' target='_blank'>Vesssel Geometry</a>,143.4;<a href= '/cvdata/assets/datafiles/fuelpress/AGCDCDH-fuelP.txt' target='_blank'>fuel pressure vs time</a>,1.1,&plusmn; 0.6,436,-,-,-,-,-,-,-,-,5.06,0.23,-,83.35,-,-,0.78,-,-,-,0.246,-,<a href='/diesel-spray-combustion/sandia-cv/combustion-vessel-geometry/1997-to-2009/1997-to-2007/' target='_blank'>Inj. Char.</a>,-,-,-,0.042,-,-,-,-,18.63,-,-,0.37,-,-,-,-,-,<a href='/cvdata/assets/datafiles/press/agcdcDH-press.txt' target='_blank'>PvsT</a>,-,-,-,-,-,-,-,-,-,-,-
255,21,1200,14.8,0.246-a,-,140,3.5,D2,436,Sandia,#AECDCDHL,-,<a href= '/diesel-spray-combustion/experimental-diagnostics/lift-off-length/' target='_blank'>LO</a> ; <a href= '/diesel-spray-combustion/experimental-diagnostics/light-based-ignition-delay/' target='_blank'>ID</a>,-,21,-,O2 = 21.00;N2 = 69.33;CO2 = 6.11;H2O = 3.56;,-,29.47,1206.1,5.9,&plusmn; 1.5,1219.9,1153.3,14.74,0.05,&plusmn; 0.01,15.31,15.42,5.07,1.01,-,-,-,-,-,<a href= '/diesel-spray-combustion/sandia-cv/combustion-vessel-geometry/' target='_blank'>Vesssel Geometry</a>,143.9;<a href= '/cvdata/assets/datafiles/fuelpress/AECDCDH-fuelP.txt' target='_blank'>fuel pressure vs time</a>,3.4,&plusmn; 1.2,436,-,-,-,-,-,-,-,-,5.02,0.24,-,82.92,-,-,0.78,-,-,-,0.246,-,<a href='/diesel-spray-combustion/sandia-cv/combustion-vessel-geometry/1997-to-2009/1997-to-2007/' target='_blank'>Inj. Char.</a>,-,-,-,0.042,-,-,-,-,14.26,-,-,0.28,-,-,-,-,-,<a href='/cvdata/assets/datafiles/press/aecdcDH-press.txt' target='_blank'>PvsT</a>,-,-,-,-,-,-,-,-,-,-,-
256,21,1300,14.8,0.246-a,-,140,3.5,D2,436,Sandia,#ACCDCDHL,-,<a href= '/diesel-spray-combustion/experimental-diagnostics/lift-off-length/' target='_blank'>LO</a> ; <a href= '/diesel-spray-combustion/experimental-diagnostics/light-based-ignition-delay/' target='_blank'>ID</a>,-,21,-,O2 = 21.00;N2 = 69.33;CO2 = 6.11;H2O = 3.56;,-,29.47,1305.5,2.8,&plusmn; 1.1,1317.4,1241.8,14.75,0.03,&plusmn; 0.01,15.21,15.5,5.49,1.01,-,-,-,-,-,<a href= '/diesel-spray-combustion/sandia-cv/combustion-vessel-geometry/' target='_blank'>Vesssel Geometry</a>,141.4;<a href= '/cvdata/assets/datafiles/fuelpress/ACCDCDH-fuelP.txt' target='_blank'>fuel pressure vs time</a>,0.5,&plusmn; 0.6,436,-,-,-,-,-,-,-,-,5.23,0.08,-,86.41,-,-,0.78,-,-,-,0.246,-,<a href='/diesel-spray-combustion/sandia-cv/combustion-vessel-geometry/1997-to-2009/1997-to-2007/' target='_blank'>Inj. Char.</a>,-,-,-,0.042,-,-,-,-,10.15,-,-,0.22,-,-,-,-,-,<a href='/cvdata/assets/datafiles/press/accdcDH-press.txt' target='_blank'>PvsT</a>,-,-,-,-,-,-,-,-,-,-,-
257,21,800,30,0.246-a,-,140,3.5,D2,436,Sandia,#AMDDCDHL,-,<a href= '/diesel-spray-combustion/experimental-diagnostics/lift-off-length/' target='_blank'>LO</a> ; <a href= '/diesel-spray-combustion/experimental-diagnostics/light-based-ignition-delay/' target='_blank'>ID</a>,-,21,-,O2 = 21.00;N2 = 69.33;CO2 = 6.11;H2O = 3.56;,-,29.47,807.1,1.4,&plusmn; 0.4,812.8,787.7,29.98,0.07,&plusmn; 0.02,30.62,30.72,6.95,1.018,-,-,-,-,-,<a href= '/diesel-spray-combustion/sandia-cv/combustion-vessel-geometry/' target='_blank'>Vesssel Geometry</a>,147.3;<a href= '/cvdata/assets/datafiles/fuelpress/AMDDCDH-fuelP.txt' target='_blank'>fuel pressure vs time</a>,2.6,&plusmn; 1.0,436,-,-,-,-,-,-,-,-,5.22,0.3,-,86.69,-,-,0.78,-,-,-,0.246,-,<a href='/diesel-spray-combustion/sandia-cv/combustion-vessel-geometry/1997-to-2009/1997-to-2007/' target='_blank'>Inj. Char.</a>,-,-,-,0.042,-,-,-,-,29.81,-,-,0.95,-,-,-,-,-,<a href='/cvdata/assets/datafiles/press/amddcDH-press.txt' target='_blank'>PvsT</a>,-,-,-,-,-,-,-,-,-,-,-
258,21,850,30,0.246-a,-,140,3.5,D2,436,Sandia,#ALDDCDHL,-,<a href= '/diesel-spray-combustion/experimental-diagnostics/lift-off-length/' target='_blank'>LO</a> ; <a href= '/diesel-spray-combustion/experimental-diagnostics/light-based-ignition-delay/' target='_blank'>ID</a>,-,21,-,O2 = 21.00;N2 = 69.33;CO2 = 6.11;H2O = 3.56;,-,29.47,856,2.1,&plusmn; 0.5,861.8,831.9,29.98,0.09,&plusmn; 0.02,30.61,30.85,7.38,1.019,-,-,-,-,-,<a href= '/diesel-spray-combustion/sandia-cv/combustion-vessel-geometry/' target='_blank'>Vesssel Geometry</a>,148.5;<a href= '/cvdata/assets/datafiles/fuelpress/ALDDCDH-fuelP.txt' target='_blank'>fuel pressure vs time</a>,0.3,&plusmn; 0.5,436,-,-,-,-,-,-,-,-,5.38,0.62,-,89.46,-,-,0.78,-,-,-,0.246,-,<a href='/diesel-spray-combustion/sandia-cv/combustion-vessel-geometry/1997-to-2009/1997-to-2007/' target='_blank'>Inj. Char.</a>,-,-,-,0.041,-,-,-,-,22.32,-,-,0.53,-,-,-,-,-,<a href='/cvdata/assets/datafiles/press/alddcDH-press.txt' target='_blank'>PvsT</a>,-,-,-,-,-,-,-,-,-,-,-
259,21,900,30,0.246-a,-,140,3.5,D2,436,Sandia,#AKDDCDHL,-,<a href= '/diesel-spray-combustion/experimental-diagnostics/lift-off-length/' target='_blank'>LO</a> ; <a href= '/diesel-spray-combustion/experimental-diagnostics/light-based-ignition-delay/' target='_blank'>ID</a>,-,21,-,O2 = 21.00;N2 = 69.33;CO2 = 6.11;H2O = 3.56;,-,29.47,906.1,1.4,&plusmn; 0.6,913.5,877.2,30,0.05,&plusmn; 0.02,30.77,30.99,7.82,1.02,-,-,-,-,-,<a href= '/diesel-spray-combustion/sandia-cv/combustion-vessel-geometry/' target='_blank'>Vesssel Geometry</a>,149.2;<a href= '/cvdata/assets/datafiles/fuelpress/AKDDCDH-fuelP.txt' target='_blank'>fuel pressure vs time</a>,0.4,&plusmn; 0.6,436,-,-,-,-,-,-,-,-,5.25,0.21,-,87.42,-,-,0.78,-,-,-,0.246,-,<a href='/diesel-spray-combustion/sandia-cv/combustion-vessel-geometry/1997-to-2009/1997-to-2007/' target='_blank'>Inj. Char.</a>,-,-,-,0.041,-,-,-,-,18.66,-,-,0.38,-,-,-,-,-,<a href='/cvdata/assets/datafiles/press/akddcDH-press.txt' target='_blank'>PvsT</a>,-,-,-,-,-,-,-,-,-,-,-
260,21,950,30,0.246-a,-,140,3.5,D2,436,Sandia,#AJDDCDHL,-,<a href= '/diesel-spray-combustion/experimental-diagnostics/lift-off-length/' target='_blank'>LO</a> ; <a href= '/diesel-spray-combustion/experimental-diagnostics/light-based-ignition-delay/' target='_blank'>ID</a>,-,21,-,O2 = 21.00;N2 = 69.33;CO2 = 6.11;H2O = 3.56;,-,29.47,958.7,2.2,&plusmn; 0.9,965.8,924.6,29.95,0.08,&plusmn; 0.03,30.65,31.06,8.27,1.02,-,-,-,-,-,<a href= '/diesel-spray-combustion/sandia-cv/combustion-vessel-geometry/' target='_blank'>Vesssel Geometry</a>,147.7;<a href= '/cvdata/assets/datafiles/fuelpress/AJDDCDH-fuelP.txt' target='_blank'>fuel pressure vs time</a>,2.2,&plusmn; 1.3,436,-,-,-,-,-,-,-,-,5.31,0.4,-,88.67,-,-,0.78,-,-,-,0.246,-,<a href='/diesel-spray-combustion/sandia-cv/combustion-vessel-geometry/1997-to-2009/1997-to-2007/' target='_blank'>Inj. Char.</a>,-,-,-,0.041,-,-,-,-,16.23,-,-,0.29,-,-,-,-,-,<a href='/cvdata/assets/datafiles/press/ajddcDH-press.txt' target='_blank'>PvsT</a>,-,-,-,-,-,-,-,-,-,-,-
261,21,1000,30,0.246-a,-,140,3.5,D2,436,Sandia,#AIDDCDHL,-,<a href= '/diesel-spray-combustion/experimental-diagnostics/lift-off-length/' target='_blank'>LO</a> ; <a href= '/diesel-spray-combustion/experimental-diagnostics/light-based-ignition-delay/' target='_blank'>ID</a>,-,21,-,O2 = 21.00;N2 = 69.33;CO2 = 6.11;H2O = 3.56;,-,29.47,1009.1,1.7,&plusmn; 0.7,1016.2,969.9,29.97,0.06,&plusmn; 0.02,30.65,31.18,8.71,1.021,-,-,-,-,-,<a href= '/diesel-spray-combustion/sandia-cv/combustion-vessel-geometry/' target='_blank'>Vesssel Geometry</a>,148.1;<a href= '/cvdata/assets/datafiles/fuelpress/AIDDCDH-fuelP.txt' target='_blank'>fuel pressure vs time</a>,2.1,&plusmn; 1.3,436,-,-,-,-,-,-,-,-,5.19,0.18,-,86.71,-,-,0.78,-,-,-,0.246,-,<a href='/diesel-spray-combustion/sandia-cv/combustion-vessel-geometry/1997-to-2009/1997-to-2007/' target='_blank'>Inj. Char.</a>,-,-,-,0.041,-,-,-,-,13.78,-,-,0.32,-,-,-,-,-,<a href='/cvdata/assets/datafiles/press/aiddcDH-press.txt' target='_blank'>PvsT</a>,-,-,-,-,-,-,-,-,-,-,-
262,21,1100,30,0.246-a,-,140,3.5,D2,436,Sandia,#AGDDCDHL,-,<a href= '/diesel-spray-combustion/experimental-diagnostics/lift-off-length/' target='_blank'>LO</a> ; <a href= '/diesel-spray-combustion/experimental-diagnostics/light-based-ignition-delay/' target='_blank'>ID</a>,-,21,-,O2 = 21.00;N2 = 69.33;CO2 = 6.11;H2O = 3.56;,-,29.47,1107.9,4.8,&plusmn; 1.9,1114.6,1057.8,30.08,0.16,&plusmn; 0.06,30.67,31.5,9.6,1.022,-,-,-,-,-,<a href= '/diesel-spray-combustion/sandia-cv/combustion-vessel-geometry/' target='_blank'>Vesssel Geometry</a>,148.6;<a href= '/cvdata/assets/datafiles/fuelpress/AGDDCDH-fuelP.txt' target='_blank'>fuel pressure vs time</a>,0.6,&plusmn; 0.6,436,-,-,-,-,-,-,-,-,4.96,0.32,-,83.11,-,-,0.78,-,-,-,0.246,-,<a href='/diesel-spray-combustion/sandia-cv/combustion-vessel-geometry/1997-to-2009/1997-to-2007/' target='_blank'>Inj. Char.</a>,-,-,-,0.041,-,-,-,-,10.7,-,-,0.29,-,-,-,-,-,<a href='/cvdata/assets/datafiles/press/agddcDH-press.txt' target='_blank'>PvsT</a>,-,-,-,-,-,-,-,-,-,-,-
263,21,1200,30,0.246-a,-,140,3.5,D2,436,Sandia,#AEDDCDHL,-,<a href= '/diesel-spray-combustion/experimental-diagnostics/lift-off-length/' target='_blank'>LO</a> ; <a href= '/diesel-spray-combustion/experimental-diagnostics/light-based-ignition-delay/' target='_blank'>ID</a>,-,21,-,O2 = 21.00;N2 = 69.33;CO2 = 6.11;H2O = 3.56;,-,29.47,1203.5,6,&plusmn; 1.5,1210.2,1142.2,30.11,0.11,&plusmn; 0.03,30.66,31.72,10.45,1.022,-,-,-,-,-,<a href= '/diesel-spray-combustion/sandia-cv/combustion-vessel-geometry/' target='_blank'>Vesssel Geometry</a>,148.9;<a href= '/cvdata/assets/datafiles/fuelpress/AEDDCDH-fuelP.txt' target='_blank'>fuel pressure vs time</a>,1.6,&plusmn; 0.8,436,-,-,-,-,-,-,-,-,5.26,0.43,-,88.53,-,-,0.78,-,-,-,0.246,-,<a href='/diesel-spray-combustion/sandia-cv/combustion-vessel-geometry/1997-to-2009/1997-to-2007/' target='_blank'>Inj. Char.</a>,-,-,-,0.041,-,-,-,-,8.45,-,-,0.3,-,-,-,-,-,<a href='/cvdata/assets/datafiles/press/aeddcDH-press.txt' target='_blank'>PvsT</a>,-,-,-,-,-,-,-,-,-,-,-
264,21,1300,30,0.246-a,-,140,3.5,D2,436,Sandia,#ACDDCDHL,-,<a href= '/diesel-spray-combustion/experimental-diagnostics/lift-off-length/' target='_blank'>LO</a> ; <a href= '/diesel-spray-combustion/experimental-diagnostics/light-based-ignition-delay/' target='_blank'>ID</a>,-,21,-,O2 = 21.00;N2 = 69.33;CO2 = 6.11;H2O = 3.56;,-,29.47,1303.9,1.2,&plusmn; 0.8,1310.5,1230.9,29.93,0.03,&plusmn; 0.02,30.45,31.71,11.26,1.022,-,-,-,-,-,<a href= '/diesel-spray-combustion/sandia-cv/combustion-vessel-geometry/' target='_blank'>Vesssel Geometry</a>,149.4;<a href= '/cvdata/assets/datafiles/fuelpress/ACDDCDH-fuelP.txt' target='_blank'>fuel pressure vs time</a>,0.6,&plusmn; 0.8,436,-,-,-,-,-,-,-,-,5.47,0.04,-,92.18,-,-,0.78,-,-,-,0.246,-,<a href='/diesel-spray-combustion/sandia-cv/combustion-vessel-geometry/1997-to-2009/1997-to-2007/' target='_blank'>Inj. Char.</a>,-,-,-,0.041,-,-,-,-,5.71,-,-,0.19,-,-,-,-,-,<a href='/cvdata/assets/datafiles/press/acddcDH-press.txt' target='_blank'>PvsT</a>,-,-,-,-,-,-,-,-,-,-,-
265,21,800,14.8,0.363-a,-,130,2.5,D2,436,Sandia,#AMCDEDH3,-,<a href= '/diesel-spray-combustion/experimental-diagnostics/lift-off-length/' target='_blank'>LO</a> ; <a href= '/diesel-spray-combustion/experimental-diagnostics/light-based-ignition-delay/' target='_blank'>ID</a>,-,21,-,O2 = 21.00;N2 = 69.33;CO2 = 6.11;H2O = 3.56;,-,29.47,802.5,1.1,&plusmn; 0.4,835,785.6,14.78,0.02,&plusmn; 0.01,16.66,15.1,3.38,1.009,-,-,-,-,-,<a href= '/diesel-spray-combustion/sandia-cv/combustion-vessel-geometry/' target='_blank'>Vesssel Geometry</a>,140.3;<a href= '/cvdata/assets/datafiles/fuelpress/AMCDEDH-fuelP.txt' target='_blank'>fuel pressure vs time</a>,3,&plusmn; 1.6,436,-,-,-,-,-,-,-,-,3.7,0.13,-,132.38,-,-,0.81,-,-,-,0.363,-,<a href='/diesel-spray-combustion/sandia-cv/combustion-vessel-geometry/1997-to-2009/1997-to-2007/' target='_blank'>Inj. Char.</a>,-,-,-,0.033,-,-,-,-,57.94,-,-,1.93,-,-,-,-,-,<a href='/cvdata/assets/datafiles/press/amcdeDH-press.txt' target='_blank'>PvsT</a>,-,-,-,-,-,-,-,-,-,-,-
266,21,900,14.8,0.363-a,-,140,1.5,D2,436,Sandia,#AKCDEDH2,-,<a href= '/diesel-spray-combustion/experimental-diagnostics/lift-off-length/' target='_blank'>LO</a> ; <a href= '/diesel-spray-combustion/experimental-diagnostics/light-based-ignition-delay/' target='_blank'>ID</a>,-,21,-,O2 = 21.00;N2 = 69.33;CO2 = 6.11;H2O = 3.56;,-,29.47,901.1,1.4,&plusmn; 0.5,916.5,876.3,14.8,0.02,&plusmn; 0.01,15.6,15.22,3.8,1.009,-,-,-,-,-,<a href= '/diesel-spray-combustion/sandia-cv/combustion-vessel-geometry/' target='_blank'>Vesssel Geometry</a>,141.8;<a href= '/cvdata/assets/datafiles/fuelpress/AKCDEDH-fuelP.txt' target='_blank'>fuel pressure vs time</a>,0.4,&plusmn; 0.5,436,-,-,-,-,-,-,-,-,3.13,0.12,-,111.96,-,-,0.81,-,-,-,0.363,-,<a href='/diesel-spray-combustion/sandia-cv/combustion-vessel-geometry/1997-to-2009/1997-to-2007/' target='_blank'>Inj. Char.</a>,-,-,-,0.033,-,-,-,-,36.04,-,-,0.94,-,-,-,-,-,<a href='/cvdata/assets/datafiles/press/akcdeDH-press.txt' target='_blank'>PvsT</a>,-,-,-,-,-,-,-,-,-,-,-
267,21,1000,14.8,0.363-a,-,140,1,D2,436,Sandia,#AICDEDH1,-,<a href= '/diesel-spray-combustion/experimental-diagnostics/lift-off-length/' target='_blank'>LO</a> ; <a href= '/diesel-spray-combustion/experimental-diagnostics/light-based-ignition-delay/' target='_blank'>ID</a>,-,21,-,O2 = 21.00;N2 = 69.33;CO2 = 6.11;H2O = 3.56;,-,29.47,1000.3,1.5,&plusmn; 1.0,1023.2,967.2,14.8,0.02,&plusmn; 0.02,15.9,15.31,4.22,1.01,-,-,-,-,-,<a href= '/diesel-spray-combustion/sandia-cv/combustion-vessel-geometry/' target='_blank'>Vesssel Geometry</a>,143.6;<a href= '/cvdata/assets/datafiles/fuelpress/AICDEDH-fuelP.txt' target='_blank'>fuel pressure vs time</a>,1.9,&plusmn; 1.7,436,-,-,-,-,-,-,-,-,2.33,0.04,-,83.51,-,-,0.81,-,-,-,0.363,-,<a href='/diesel-spray-combustion/sandia-cv/combustion-vessel-geometry/1997-to-2009/1997-to-2007/' target='_blank'>Inj. Char.</a>,-,-,-,0.033,-,-,-,-,27.28,-,-,0.63,-,-,-,-,-,<a href='/cvdata/assets/datafiles/press/aicdeDH-press.txt' target='_blank'>PvsT</a>,-,-,-,-,-,-,-,-,-,-,-
268,21,1100,14.8,0.363-a,-,140,1,D2,436,Sandia,#AGCDEDH1,-,<a href= '/diesel-spray-combustion/experimental-diagnostics/lift-off-length/' target='_blank'>LO</a> ; <a href= '/diesel-spray-combustion/experimental-diagnostics/light-based-ignition-delay/' target='_blank'>ID</a>,-,21,-,O2 = 21.00;N2 = 69.33;CO2 = 6.11;H2O = 3.56;,-,29.47,1100.5,2,&plusmn; 0.8,1109.9,1057.9,14.82,0.03,&plusmn; 0.01,15.23,15.41,4.65,1.01,-,-,-,-,-,<a href= '/diesel-spray-combustion/sandia-cv/combustion-vessel-geometry/' target='_blank'>Vesssel Geometry</a>,145.9;<a href= '/cvdata/assets/datafiles/fuelpress/AGCDEDH-fuelP.txt' target='_blank'>fuel pressure vs time</a>,0.7,&plusmn; 0.7,436,-,-,-,-,-,-,-,-,3,1.73,-,107.65,-,-,0.81,-,-,-,0.363,-,<a href='/diesel-spray-combustion/sandia-cv/combustion-vessel-geometry/1997-to-2009/1997-to-2007/' target='_blank'>Inj. Char.</a>,-,-,-,0.033,-,-,-,-,21.57,-,-,0.33,-,-,-,-,-,<a href='/cvdata/assets/datafiles/press/agcdeDH-press.txt' target='_blank'>PvsT</a>,-,-,-,-,-,-,-,-,-,-,-
269,21,1200,14.8,0.363-a,-,140,1,D2,436,Sandia,#AECDEDH1,-,<a href= '/diesel-spray-combustion/experimental-diagnostics/lift-off-length/' target='_blank'>LO</a> ; <a href= '/diesel-spray-combustion/experimental-diagnostics/light-based-ignition-delay/' target='_blank'>ID</a>,-,21,-,O2 = 21.00;N2 = 69.33;CO2 = 6.11;H2O = 3.56;,-,29.47,1198.3,1.1,&plusmn; 0.5,1208,1145.7,14.83,0.01,&plusmn; 0.00,15.23,15.51,5.07,1.01,-,-,-,-,-,<a href= '/diesel-spray-combustion/sandia-cv/combustion-vessel-geometry/' target='_blank'>Vesssel Geometry</a>,141.9;<a href= '/cvdata/assets/datafiles/fuelpress/AECDEDH-fuelP.txt' target='_blank'>fuel pressure vs time</a>,0.1,&plusmn; 0.5,436,-,-,-,-,-,-,-,-,3.38,2.36,-,121.66,-,-,0.81,-,-,-,0.363,-,<a href='/diesel-spray-combustion/sandia-cv/combustion-vessel-geometry/1997-to-2009/1997-to-2007/' target='_blank'>Inj. Char.</a>,-,-,-,0.033,-,-,-,-,16.85,-,-,0.29,-,-,-,-,-,<a href='/cvdata/assets/datafiles/press/aecdeDH-press.txt' target='_blank'>PvsT</a>,-,-,-,-,-,-,-,-,-,-,-
270,21,1300,14.8,0.363-a,-,140,1,D2,436,Sandia,#ACCDEDH1,-,<a href= '/diesel-spray-combustion/experimental-diagnostics/lift-off-length/' target='_blank'>LO</a> ; <a href= '/diesel-spray-combustion/experimental-diagnostics/light-based-ignition-delay/' target='_blank'>ID</a>,-,21,-,O2 = 21.00;N2 = 69.33;CO2 = 6.11;H2O = 3.56;,-,29.47,1301.2,2.8,&plusmn; 1.1,1310.9,1237.5,14.81,0.03,&plusmn; 0.01,15.19,15.57,5.49,1.01,-,-,-,-,-,<a href= '/diesel-spray-combustion/sandia-cv/combustion-vessel-geometry/' target='_blank'>Vesssel Geometry</a>,145.1;<a href= '/cvdata/assets/datafiles/fuelpress/ACCDEDH-fuelP.txt' target='_blank'>fuel pressure vs time</a>,2,&plusmn; 1.2,436,-,-,-,-,-,-,-,-,4.03,2.47,-,145.12,-,-,0.81,-,-,-,0.363,-,<a href='/diesel-spray-combustion/sandia-cv/combustion-vessel-geometry/1997-to-2009/1997-to-2007/' target='_blank'>Inj. Char.</a>,-,-,-,0.033,-,-,-,-,13.34,-,-,0.25,-,-,-,-,-,<a href='/cvdata/assets/datafiles/press/accdeDH-press.txt' target='_blank'>PvsT</a>,-,-,-,-,-,-,-,-,-,-,-
271,21,1000,7.3,0.363-a,-,140,2.5,D2,436,Sandia,#AIBDEDH3,-,<a href= '/diesel-spray-combustion/experimental-diagnostics/lift-off-length/' target='_blank'>LO</a> ; <a href= '/diesel-spray-combustion/experimental-diagnostics/light-based-ignition-delay/' target='_blank'>ID</a>,-,21,-,O2 = 21.00;N2 = 69.33;CO2 = 6.11;H2O = 3.56;,-,29.47,1002.1,2.5,&plusmn; 1.0,1052.7,975.9,7.27,0.02,&plusmn; 0.01,8.5,7.47,2.07,1.005,-,-,-,-,-,<a href= '/diesel-spray-combustion/sandia-cv/combustion-vessel-geometry/' target='_blank'>Vesssel Geometry</a>,140.7;<a href= '/cvdata/assets/datafiles/fuelpress/AIBDEDH-fuelP.txt' target='_blank'>fuel pressure vs time</a>,1.4,&plusmn; 1.0,436,-,-,-,-,-,-,-,-,3.85,0.15,-,137.06,-,-,0.81,-,-,-,0.363,-,<a href='/diesel-spray-combustion/sandia-cv/combustion-vessel-geometry/1997-to-2009/1997-to-2007/' target='_blank'>Inj. Char.</a>,-,-,-,0.033,-,-,-,-,43.53,-,-,1.59,-,-,-,-,-,<a href='/cvdata/assets/datafiles/press/aibdeDH-press.txt' target='_blank'>PvsT</a>,-,-,-,-,-,-,-,-,-,-,-
272,21,1000,30,0.363-a,-,140,1.5,D2,436,Sandia,#AIDDEDH2,-,<a href= '/diesel-spray-combustion/experimental-diagnostics/lift-off-length/' target='_blank'>LO</a> ; <a href= '/diesel-spray-combustion/experimental-diagnostics/light-based-ignition-delay/' target='_blank'>ID</a>,-,21,-,O2 = 21.00;N2 = 69.33;CO2 = 6.11;H2O = 3.56;,-,29.47,1000.8,1,&plusmn; 0.6,1006.6,962.6,29.98,0.02,&plusmn; 0.02,30.54,31.18,8.64,1.021,-,-,-,-,-,<a href= '/diesel-spray-combustion/sandia-cv/combustion-vessel-geometry/' target='_blank'>Vesssel Geometry</a>,147.0;<a href= '/cvdata/assets/datafiles/fuelpress/AIDDEDH-fuelP.txt' target='_blank'>fuel pressure vs time</a>,1.1,&plusmn; 1.1,436,-,-,-,-,-,-,-,-,2.47,0.05,-,89.76,-,-,0.81,-,-,-,0.363,-,<a href='/diesel-spray-combustion/sandia-cv/combustion-vessel-geometry/1997-to-2009/1997-to-2007/' target='_blank'>Inj. Char.</a>,-,-,-,0.033,-,-,-,-,15.79,-,-,0.3,-,-,-,-,-,<a href='/cvdata/assets/datafiles/press/aiddeDH-press.txt' target='_blank'>PvsT</a>,-,-,-,-,-,-,-,-,-,-,-
273,21,1000,14.8,0.363-a,-,50,2.5,D2,436,Sandia,#AICIEDH3,-,<a href= '/diesel-spray-combustion/experimental-diagnostics/lift-off-length/' target='_blank'>LO</a> ; <a href= '/diesel-spray-combustion/experimental-diagnostics/light-based-ignition-delay/' target='_blank'>ID</a>,-,21,-,O2 = 21.00;N2 = 69.33;CO2 = 6.11;H2O = 3.56;,-,29.47,1000.6,1.3,&plusmn; 0.5,1003.6,967.6,14.81,0.02,&plusmn; 0.01,14.95,15.31,4.22,1.01,-,-,-,-,-,<a href= '/diesel-spray-combustion/sandia-cv/combustion-vessel-geometry/' target='_blank'>Vesssel Geometry</a>,51.9;<a href= '/cvdata/assets/datafiles/fuelpress/AICIEDH-fuelP.txt' target='_blank'>fuel pressure vs time</a>,0.5,&plusmn; 0.6,436,-,-,-,-,-,-,-,-,2.91,0.05,-,63.33,-,-,0.81,-,-,-,0.363,-,<a href='/diesel-spray-combustion/sandia-cv/combustion-vessel-geometry/1997-to-2009/1997-to-2007/' target='_blank'>Inj. Char.</a>,-,-,-,0.055,-,-,-,-,20.67,-,-,0.81,-,-,-,-,-,<a href='/cvdata/assets/datafiles/press/aicieDH-press.txt' target='_blank'>PvsT</a>,-,-,-,-,-,-,-,-,-,-,-
274,21,1000,14.8,0.363-a,-,180,1.2,D2,436,Sandia,#AICNEDH1,-,<a href= '/diesel-spray-combustion/experimental-diagnostics/lift-off-length/' target='_blank'>LO</a> ; <a href= '/diesel-spray-combustion/experimental-diagnostics/light-based-ignition-delay/' target='_blank'>ID</a>,-,21,-,O2 = 21.00;N2 = 69.33;CO2 = 6.11;H2O = 3.56;,-,29.47,1002.6,1.9,&plusmn; 1.0,1014.6,969.6,14.79,0.02,&plusmn; 0.01,15.36,15.29,4.22,1.01,-,-,-,-,-,<a href= '/diesel-spray-combustion/sandia-cv/combustion-vessel-geometry/' target='_blank'>Vesssel Geometry</a>,191.3;<a href= '/cvdata/assets/datafiles/fuelpress/AICNEDH-fuelP.txt' target='_blank'>fuel pressure vs time</a>,0.2,&plusmn; 0.5,436,-,-,-,-,-,-,-,-,3.56,2.2,-,147.86,-,-,0.81,-,-,-,0.363,-,<a href='/diesel-spray-combustion/sandia-cv/combustion-vessel-geometry/1997-to-2009/1997-to-2007/' target='_blank'>Inj. Char.</a>,-,-,-,0.029,-,-,-,-,27.66,-,-,0.54,-,-,-,-,-,<a href='/cvdata/assets/datafiles/press/aicneDH-press.txt' target='_blank'>PvsT</a>,-,-,-,-,-,-,-,-,-,-,-
275,21,950,7.3,0.100-a,-,140,>4,D2,436,Sandia,#AJBDGDH,-,<a href= '/diesel-spray-combustion/experimental-diagnostics/lift-off-length/' target='_blank'>LO</a> ; <a href= '/diesel-spray-combustion/experimental-diagnostics/light-based-ignition-delay/' target='_blank'>ID</a>,-,-,-,-,-,-,-,-,-,959,928,-,-,-,7.46,7.4,1.96,1.004,-,-,-,-,-,-,137.96,-,-,-,-,-,-,-,-,<a href= '/diesel-spray-combustion/sandia-cv/injector-characterization/' target='_blank'>rate of injection</a>,-,-,6.5,-,-,17.8,-,-,-,-,-,-,-,-,<a href='/cvdata/assets/datafiles/nozgeom/nozzleDwg.PNG' target='_blank'>Drawing</a>; <a href='/cvdata/assets/datafiles/nozgeom/sacVolumeDimensions.pdf' target='_blank'>sac Vol. Dim.</a>,-,-,-,0.074,-,-,-,-,54.4,-,-,2.18,-,-,-,-,-, <a href='/cvdata/assets/datafiles/press/ajbdgDH-press.txt' target='_blank'>PvsT</a>,-,-,-,-,-,-,-,-,-,-,-
276,21,1000,7.3,0.100-a,-,140,>4,D2,436,Sandia,#AIBDGDHL,-,<a href= '/diesel-spray-combustion/experimental-diagnostics/lift-off-length/' target='_blank'>LO</a> ; <a href= '/diesel-spray-combustion/experimental-diagnostics/light-based-ignition-delay/' target='_blank'>ID</a>,-,21,-,O2 = 21.00;N2 = 69.33;CO2 = 6.11;H2O = 3.56;,-,29.47,1002.7,4.1,&plusmn; 0.7,1013.8,976.3,7.22,0.04,&plusmn; 0.01,7.47,7.41,2.05,1.005,-,-,-,-,-,<a href= '/diesel-spray-combustion/sandia-cv/combustion-vessel-geometry/' target='_blank'>Vesssel Geometry</a>,141.0;<a href= '/cvdata/assets/datafiles/fuelpress/AIBDGDH-fuelP.txt' target='_blank'>fuel pressure vs time</a>,2.4,&plusmn; 0.8,436,-,-,-,-,-,-,-,-,6.51,0.19,-,18.26,-,-,0.8,-,-,-,0.1,-,<a href='/diesel-spray-combustion/sandia-cv/combustion-vessel-geometry/1997-to-2009/1997-to-2007/' target='_blank'>Inj. Char.</a>,-,-,-,0.072,-,-,-,-,35.45,-,-,1.62,-,-,-,-,-,<a href='/cvdata/assets/datafiles/press/aibdgDH-press.txt' target='_blank'>PvsT</a>,-,-,-,-,-,-,-,-,-,-,-
277,21,1050,7.3,0.100-a,-,140,>4,D2,436,Sandia,#AHBDGDHL,-,<a href= '/diesel-spray-combustion/experimental-diagnostics/lift-off-length/' target='_blank'>LO</a> ; <a href= '/diesel-spray-combustion/experimental-diagnostics/light-based-ignition-delay/' target='_blank'>ID</a>,-,21,-,O2 = 21.00;N2 = 69.33;CO2 = 6.11;H2O = 3.56;,-,29.47,1051.2,1.3,&plusmn; 0.5,1060.2,1021.8,7.26,0.01,&plusmn; 0.00,7.46,7.47,2.16,1.005,-,-,-,-,-,<a href= '/diesel-spray-combustion/sandia-cv/combustion-vessel-geometry/' target='_blank'>Vesssel Geometry</a>,140.8;<a href= '/cvdata/assets/datafiles/fuelpress/AHBDGDH-fuelP.txt' target='_blank'>fuel pressure vs time</a>,2.8,&plusmn; 1.5,436,-,-,-,-,-,-,-,-,6.21,0.06,-,17.41,-,-,0.8,-,-,-,0.1,-,<a href='/diesel-spray-combustion/sandia-cv/combustion-vessel-geometry/1997-to-2009/1997-to-2007/' target='_blank'>Inj. Char.</a>,-,-,-,0.072,-,-,-,-,26.87,-,-,1.27,-,-,-,-,-,<a href='/cvdata/assets/datafiles/press/ahbdgDH-press.txt' target='_blank'>PvsT</a>,-,-,-,-,-,-,-,-,-,-,-
278,21,1100,7.3,0.100-a,-,140,3.5,D2,436,Sandia,#AGBDGDHL,-,<a href= '/diesel-spray-combustion/experimental-diagnostics/lift-off-length/' target='_blank'>LO</a> ; <a href= '/diesel-spray-combustion/experimental-diagnostics/light-based-ignition-delay/' target='_blank'>ID</a>,-,21,-,O2 = 21.00;N2 = 69.33;CO2 = 6.11;H2O = 3.56;,-,29.47,1099.8,0.9,&plusmn; 0.4,1105.8,1066.4,7.27,0.01,&plusmn; 0.00,7.4,7.49,2.26,1.005,-,-,-,-,-,<a href= '/diesel-spray-combustion/sandia-cv/combustion-vessel-geometry/' target='_blank'>Vesssel Geometry</a>,139.6;<a href= '/cvdata/assets/datafiles/fuelpress/AGBDGDH-fuelP.txt' target='_blank'>fuel pressure vs time</a>,1.9,&plusmn; 1.1,436,-,-,-,-,-,-,-,-,4.78,0.03,-,13.43,-,-,0.8,-,-,-,0.1,-,<a href='/diesel-spray-combustion/sandia-cv/combustion-vessel-geometry/1997-to-2009/1997-to-2007/' target='_blank'>Inj. Char.</a>,-,-,-,0.072,-,-,-,-,22.85,-,-,0.88,-,-,-,-,-,<a href='/cvdata/assets/datafiles/press/agbdgDH-press.txt' target='_blank'>PvsT</a>,-,-,-,-,-,-,-,-,-,-,-
279,21,1200,7.3,0.100-a,-,140,3.5,D2,436,Sandia,#AEBDGDHL,-,<a href= '/diesel-spray-combustion/experimental-diagnostics/lift-off-length/' target='_blank'>LO</a> ; <a href= '/diesel-spray-combustion/experimental-diagnostics/light-based-ignition-delay/' target='_blank'>ID</a>,-,21,-,O2 = 21.00;N2 = 69.33;CO2 = 6.11;H2O = 3.56;,-,29.47,1200.1,1,&plusmn; 0.4,1206,1158.4,7.26,0,&plusmn; 0.00,7.38,7.52,2.47,1.005,-,-,-,-,-,<a href= '/diesel-spray-combustion/sandia-cv/combustion-vessel-geometry/' target='_blank'>Vesssel Geometry</a>,139.9;<a href= '/cvdata/assets/datafiles/fuelpress/AEBDGDH-fuelP.txt' target='_blank'>fuel pressure vs time</a>,2.6,&plusmn; 1.4,436,-,-,-,-,-,-,-,-,4.78,0.02,-,13.42,-,-,0.8,-,-,-,0.1,-,<a href='/diesel-spray-combustion/sandia-cv/combustion-vessel-geometry/1997-to-2009/1997-to-2007/' target='_blank'>Inj. Char.</a>,-,-,-,0.072,-,-,-,-,16.78,-,-,0.5,-,-,-,-,-,<a href='/cvdata/assets/datafiles/press/aebdgDH-press.txt' target='_blank'>PvsT</a>,-,-,-,-,-,-,-,-,-,-,-
280,21,1300,7.3,0.100-a,-,140,3.5,D2,436,Sandia,#ACBDGDHL,-,<a href= '/diesel-spray-combustion/experimental-diagnostics/lift-off-length/' target='_blank'>LO</a> ; <a href= '/diesel-spray-combustion/experimental-diagnostics/light-based-ignition-delay/' target='_blank'>ID</a>,-,21,-,O2 = 21.00;N2 = 69.33;CO2 = 6.11;H2O = 3.56;,-,29.47,1298.6,1.9,&plusmn; 0.7,1304,1247.9,7.27,0.01,&plusmn; 0.00,7.37,7.56,2.68,1.005,-,-,-,-,-,<a href= '/diesel-spray-combustion/sandia-cv/combustion-vessel-geometry/' target='_blank'>Vesssel Geometry</a>,141.7;<a href= '/cvdata/assets/datafiles/fuelpress/ACBDGDH-fuelP.txt' target='_blank'>fuel pressure vs time</a>,0.7,&plusmn; 0.7,436,-,-,-,-,-,-,-,-,1.36,1.38,-,3.81,-,-,0.8,-,-,-,0.1,-,<a href='/diesel-spray-combustion/sandia-cv/combustion-vessel-geometry/1997-to-2009/1997-to-2007/' target='_blank'>Inj. Char.</a>,-,-,-,0.072,-,-,-,-,11.83,-,-,0.47,-,-,-,-,-,<a href='/cvdata/assets/datafiles/press/acbdgDH-press.txt' target='_blank'>PvsT</a>,-,-,-,-,-,-,-,-,-,-,-
281,21,800,14.8,0.100-a,-,140,>4,D2,436,Sandia,#AMCDGDHL,-,<a href= '/diesel-spray-combustion/experimental-diagnostics/lift-off-length/' target='_blank'>LO</a> ; <a href= '/diesel-spray-combustion/experimental-diagnostics/light-based-ignition-delay/' target='_blank'>ID</a>,-,21,-,O2 = 21.00;N2 = 69.33;CO2 = 6.11;H2O = 3.56;,-,29.47,805.1,3.2,&plusmn; 0.6,809.2,788,14.72,0.06,&plusmn; 0.01,14.95,15.04,3.37,1.009,-,-,-,-,-,<a href= '/diesel-spray-combustion/sandia-cv/combustion-vessel-geometry/' target='_blank'>Vesssel Geometry</a>,142.8;<a href= '/cvdata/assets/datafiles/fuelpress/AMCDGDH-fuelP.txt' target='_blank'>fuel pressure vs time</a>,2,&plusmn; 0.8,436,-,-,-,-,-,-,-,-,6.37,0.04,-,17.94,-,-,0.8,-,-,-,0.1,-,<a href='/diesel-spray-combustion/sandia-cv/combustion-vessel-geometry/1997-to-2009/1997-to-2007/' target='_blank'>Inj. Char.</a>,-,-,-,0.072,-,-,-,-,59.61,-,-,1.61,-,-,-,-,-,<a href='/cvdata/assets/datafiles/press/amcdgDH-press.txt' target='_blank'>PvsT</a>,-,-,-,-,-,-,-,-,-,-,-
282,21,850,14.8,0.100-a,-,140,>4,D2,436,Sandia,#ALCDGDH,-,<a href= '/diesel-spray-combustion/experimental-diagnostics/lift-off-length/' target='_blank'>LO</a> ; <a href= '/diesel-spray-combustion/experimental-diagnostics/light-based-ignition-delay/' target='_blank'>ID</a>,-,-,-,-,-,-,-,-,-,856,830,-,-,-,14.93,15.2,3.58,1.009,-,-,-,-,-,-,143.58,-,-,-,-,-,-,-,-,<a href= '/diesel-spray-combustion/sandia-cv/injector-characterization/' target='_blank'>rate of injection</a>,-,-,4.9,-,-,13.5,-,-,-,-,-,-,-,-,<a href='/cvdata/assets/datafiles/nozgeom/nozzleDwg.PNG' target='_blank'>Drawing</a>; <a href='/cvdata/assets/datafiles/nozgeom/sacVolumeDimensions.pdf' target='_blank'>sac Vol. Dim.</a>,-,-,-,0.073,-,-,-,-,40.6,-,-,1.19,-,-,-,-,-, <a href='/cvdata/assets/datafiles/press/alcdgDH-press.txt' target='_blank'>PvsT</a>,-,-,-,-,-,-,-,-,-,-,-
283,21,900,14.8,0.100-a,-,140,>4,D2,436,Sandia,#AKCDGDH,-,<a href= '/diesel-spray-combustion/experimental-diagnostics/lift-off-length/' target='_blank'>LO</a> ; <a href= '/diesel-spray-combustion/experimental-diagnostics/light-based-ignition-delay/' target='_blank'>ID</a>,-,-,-,-,-,-,-,-,-,913,876,-,-,-,14.84,15.2,3.79,1.009,-,-,-,-,-,-,142.79,-,-,-,-,-,-,-,-,<a href= '/diesel-spray-combustion/sandia-cv/injector-characterization/' target='_blank'>rate of injection</a>,-,-,5.1,-,-,14.1,-,-,-,-,-,-,-,-,<a href='/cvdata/assets/datafiles/nozgeom/nozzleDwg.PNG' target='_blank'>Drawing</a>; <a href='/cvdata/assets/datafiles/nozgeom/sacVolumeDimensions.pdf' target='_blank'>sac Vol. Dim.</a>,-,-,-,0.073,-,-,-,-,29.9,-,-,0.86,-,-,-,-,-, <a href='/cvdata/assets/datafiles/press/akcdgDH-press.txt' target='_blank'>PvsT</a>,-,-,-,-,-,-,-,-,-,-,-
284,21,950,14.8,0.100-a,-,140,>4,D2,436,Sandia,#AJCDGDH,-,<a href= '/diesel-spray-combustion/experimental-diagnostics/lift-off-length/' target='_blank'>LO</a> ; <a href= '/diesel-spray-combustion/experimental-diagnostics/light-based-ignition-delay/' target='_blank'>ID</a>,-,-,-,-,-,-,-,-,-,958,922,-,-,-,14.93,15.3,4,1.009,-,-,-,-,-,-,143,-,-,-,-,-,-,-,-,<a href= '/diesel-spray-combustion/sandia-cv/injector-characterization/' target='_blank'>rate of injection</a>,-,-,4.9,-,-,13.5,-,-,-,-,-,-,-,-,<a href='/cvdata/assets/datafiles/nozgeom/nozzleDwg.PNG' target='_blank'>Drawing</a>; <a href='/cvdata/assets/datafiles/nozgeom/sacVolumeDimensions.pdf' target='_blank'>sac Vol. Dim.</a>,-,-,-,0.073,-,-,-,-,22.4,-,-,0.66,-,-,-,-,-, <a href='/cvdata/assets/datafiles/press/ajcdgDH-press.txt' target='_blank'>PvsT</a>,-,-,-,-,-,-,-,-,-,-,-
285,21,1000,14.8,0.100-a,-,140,>4,D2,436,Sandia,#AICDGDH,-,<a href= '/diesel-spray-combustion/experimental-diagnostics/lift-off-length/' target='_blank'>LO</a>; <a href= '/diesel-spray-combustion/experimental-diagnostics/light-based-ignition-delay/' target='_blank'>ID</a>; <a href= '/diesel-spray-combustion/experimental-diagnostics/soot/' target='_blank'>SO</a>,-,-,-,-,-,-,-,-,-,1010,967,-,-,-,14.88,15.3,4.21,1.009,-,-,-,-,-,-,143.21,-,-,-,-,-,-,-,-,<a href= '/diesel-spray-combustion/sandia-cv/injector-characterization/' target='_blank'>rate of injection</a>,-,-,5.4,-,-,14.7,-,-,-,-,-,-,-,-,<a href='/cvdata/assets/datafiles/nozgeom/nozzleDwg.PNG' target='_blank'>Drawing</a>; <a href='/cvdata/assets/datafiles/nozgeom/sacVolumeDimensions.pdf' target='_blank'>sac Vol. Dim.</a>,-,-,-,0.073,-,-,-,-,18.4,-,-,0.53,-,-,-,-,-, <a href='/cvdata/assets/datafiles/press/aicdgDH-press.txt' target='_blank'>PvsT</a>,-,-,-,-,-,-,-,-,<a href='/cvdata/assets/datafiles/soot/aicdgdh.jpg' target='_blank'>img</a> <a href='/cvdata/assets/datafiles/soot/aicdgdh-img.zip' target='_blank'>f<sub>v</sub></a> <a href='/cvdata/assets/datafiles/soot/aicdgdh.png' target='_blank'>png-img</a> <a href='/cvdata/assets/datafiles/soot/aicdgdh-png2fvNotes.txt' target='_blank'>png2fv</a>,-,-
286,21,1100,14.8,0.100-a,-,140,>4,D2,436,Sandia,#AGCDGDHL,-,<a href= '/diesel-spray-combustion/experimental-diagnostics/lift-off-length/' target='_blank'>LO</a> ; <a href= '/diesel-spray-combustion/experimental-diagnostics/light-based-ignition-delay/' target='_blank'>ID</a>,-,21,-,O2 = 21.00;N2 = 69.33;CO2 = 6.11;H2O = 3.56;,-,29.47,1102.6,2.9,&plusmn; 1.2,1108,1060.1,14.79,0.04,&plusmn; 0.01,15.02,15.38,4.64,1.01,-,-,-,-,-,<a href= '/diesel-spray-combustion/sandia-cv/combustion-vessel-geometry/' target='_blank'>Vesssel Geometry</a>,143.1;<a href= '/cvdata/assets/datafiles/fuelpress/AGCDGDH-fuelP.txt' target='_blank'>fuel pressure vs time</a>,1.4,&plusmn; 1.0,436,-,-,-,-,-,-,-,-,7.38,0.06,-,20.88,-,-,0.8,-,-,-,0.1,-,<a href='/diesel-spray-combustion/sandia-cv/combustion-vessel-geometry/1997-to-2009/1997-to-2007/' target='_blank'>Inj. Char.</a>,-,-,-,0.072,-,-,-,-,12.53,-,-,0.39,-,-,-,-,-,<a href='/cvdata/assets/datafiles/press/agcdgDH-press.txt' target='_blank'>PvsT</a>,-,-,-,-,-,-,-,-,-,-,-
287,21,1200,14.8,0.100-a,-,140,3,D2,436,Sandia,#AECDGDH3,-,<a href= '/diesel-spray-combustion/experimental-diagnostics/lift-off-length/' target='_blank'>LO</a> ; <a href= '/diesel-spray-combustion/experimental-diagnostics/light-based-ignition-delay/' target='_blank'>ID</a>,-,21,-,O2 = 21.00;N2 = 69.33;CO2 = 6.11;H2O = 3.56;,-,29.47,1216.1,2.1,&plusmn; 0.9,1219.3,1162,14.66,0.03,&plusmn; 0.01,14.78,15.34,5.08,1.01,-,-,-,-,-,<a href= '/diesel-spray-combustion/sandia-cv/combustion-vessel-geometry/' target='_blank'>Vesssel Geometry</a>,145.4;<a href= '/cvdata/assets/datafiles/fuelpress/AECDGDH-fuelP.txt' target='_blank'>fuel pressure vs time</a>,4.4,&plusmn; 2.2,436,-,-,-,-,-,-,-,-,4.28,0.04,-,12.13,-,-,0.8,-,-,-,0.1,-,<a href='/diesel-spray-combustion/sandia-cv/combustion-vessel-geometry/1997-to-2009/1997-to-2007/' target='_blank'>Inj. Char.</a>,-,-,-,0.072,-,-,-,-,9.27,-,-,0.32,-,-,-,-,-,<a href='/cvdata/assets/datafiles/press/aecdgDH-press.txt' target='_blank'>PvsT</a>,-,-,-,-,-,-,-,-,-,-,-
288,21,1300,14.8,0.100-a,-,140,3.5,D2,436,Sandia,#ACCDGDHL,-,<a href= '/diesel-spray-combustion/experimental-diagnostics/lift-off-length/' target='_blank'>LO</a> ; <a href= '/diesel-spray-combustion/experimental-diagnostics/light-based-ignition-delay/' target='_blank'>ID</a>,-,21,-,O2 = 21.00;N2 = 69.33;CO2 = 6.11;H2O = 3.56;,-,29.47,1299.8,1.6,&plusmn; 1.0,1302.6,1236.1,14.81,0.02,&plusmn; 0.01,14.92,15.58,5.49,1.01,-,-,-,-,-,<a href= '/diesel-spray-combustion/sandia-cv/combustion-vessel-geometry/' target='_blank'>Vesssel Geometry</a>,146.6;<a href= '/cvdata/assets/datafiles/fuelpress/ACCDGDH-fuelP.txt' target='_blank'>fuel pressure vs time</a>,2,&plusmn; 1.7,436,-,-,-,-,-,-,-,-,4.62,0.52,-,13.11,-,-,0.8,-,-,-,0.1,-,<a href='/diesel-spray-combustion/sandia-cv/combustion-vessel-geometry/1997-to-2009/1997-to-2007/' target='_blank'>Inj. Char.</a>,-,-,-,0.072,-,-,-,-,7.21,-,-,0.35,-,-,-,-,-,<a href='/cvdata/assets/datafiles/press/accdgDH-press.txt' target='_blank'>PvsT</a>,-,-,-,-,-,-,-,-,-,-,-
289,21,800,30,0.100-a,-,140,3.5,D2,436,Sandia,#AMDDGDHL,-,<a href= '/diesel-spray-combustion/experimental-diagnostics/lift-off-length/' target='_blank'>LO</a> ; <a href= '/diesel-spray-combustion/experimental-diagnostics/light-based-ignition-delay/' target='_blank'>ID</a>,-,21,-,O2 = 21.00;N2 = 69.33;CO2 = 6.11;H2O = 3.56;,-,29.47,802.4,2,&plusmn; 1.3,804.3,783.5,29.94,0.07,&plusmn; 0.05,30.15,30.66,6.9,1.018,-,-,-,-,-,<a href= '/diesel-spray-combustion/sandia-cv/combustion-vessel-geometry/' target='_blank'>Vesssel Geometry</a>,147.5;<a href= '/cvdata/assets/datafiles/fuelpress/AMDDGDH-fuelP.txt' target='_blank'>fuel pressure vs time</a>,0.4,&plusmn; 0.7,436,-,-,-,-,-,-,-,-,4.83,0.04,-,13.77,-,-,0.8,-,-,-,0.1,-,<a href='/diesel-spray-combustion/sandia-cv/combustion-vessel-geometry/1997-to-2009/1997-to-2007/' target='_blank'>Inj. Char.</a>,-,-,-,0.071,-,-,-,-,28.08,-,-,0.97,-,-,-,-,-,<a href='/cvdata/assets/datafiles/press/amddgDH-press.txt' target='_blank'>PvsT</a>,-,-,-,-,-,-,-,-,-,-,-
290,21,850,30,0.100-a,-,140,3.5,D2,436,Sandia,#ALDDGDHL,-,<a href= '/diesel-spray-combustion/experimental-diagnostics/lift-off-length/' target='_blank'>LO</a> ; <a href= '/diesel-spray-combustion/experimental-diagnostics/light-based-ignition-delay/' target='_blank'>ID</a>,-,21,-,O2 = 21.00;N2 = 69.33;CO2 = 6.11;H2O = 3.56;,-,29.47,854.5,0.7,&plusmn; 0.5,856.4,830.9,29.87,0.02,&plusmn; 0.01,30.07,30.72,7.34,1.019,-,-,-,-,-,<a href= '/diesel-spray-combustion/sandia-cv/combustion-vessel-geometry/' target='_blank'>Vesssel Geometry</a>,148.2;<a href= '/cvdata/assets/datafiles/fuelpress/ALDDGDH-fuelP.txt' target='_blank'>fuel pressure vs time</a>,0.2,&plusmn; 0.5,436,-,-,-,-,-,-,-,-,4.78,0.04,-,13.65,-,-,0.8,-,-,-,0.1,-,<a href='/diesel-spray-combustion/sandia-cv/combustion-vessel-geometry/1997-to-2009/1997-to-2007/' target='_blank'>Inj. Char.</a>,-,-,-,0.071,-,-,-,-,18.31,-,-,0.56,-,-,-,-,-,<a href='/cvdata/assets/datafiles/press/alddgDH-press.txt' target='_blank'>PvsT</a>,-,-,-,-,-,-,-,-,-,-,-
291,21,900,30,0.100-a,-,140,>4,D2,436,Sandia,#AKDDGDH,-,<a href= '/diesel-spray-combustion/experimental-diagnostics/lift-off-length/' target='_blank'>LO</a> ; <a href= '/diesel-spray-combustion/experimental-diagnostics/light-based-ignition-delay/' target='_blank'>ID</a>,-,-,-,-,-,-,-,-,-,907,872,-,-,-,30.06,31,7.76,1.019,-,-,-,-,-,-,147.76,-,-,-,-,-,-,-,-,<a href= '/diesel-spray-combustion/sandia-cv/injector-characterization/' target='_blank'>rate of injection</a>,-,-,5,-,-,14,-,-,-,-,-,-,-,-,<a href='/cvdata/assets/datafiles/nozgeom/nozzleDwg.PNG' target='_blank'>Drawing</a>; <a href='/cvdata/assets/datafiles/nozgeom/sacVolumeDimensions.pdf' target='_blank'>sac Vol. Dim.</a>,-,-,-,0.072,-,-,-,-,14.3,-,-,0.34,-,-,-,-,-, <a href='/cvdata/assets/datafiles/press/akddgDH-press.txt' target='_blank'>PvsT</a>,-,-,-,-,-,-,-,-,-,-,-
292,21,950,30,0.100-a,-,140,3.5,D2,436,Sandia,#AJDDGDHL,-,<a href= '/diesel-spray-combustion/experimental-diagnostics/lift-off-length/' target='_blank'>LO</a> ; <a href= '/diesel-spray-combustion/experimental-diagnostics/light-based-ignition-delay/' target='_blank'>ID</a>,-,21,-,O2 = 21.00;N2 = 69.33;CO2 = 6.11;H2O = 3.56;,-,29.47,954.3,1.9,&plusmn; 1.3,956.2,921.2,29.89,0.06,&plusmn; 0.04,30.07,30.96,8.21,1.02,-,-,-,-,-,<a href= '/diesel-spray-combustion/sandia-cv/combustion-vessel-geometry/' target='_blank'>Vesssel Geometry</a>,149.1;<a href= '/cvdata/assets/datafiles/fuelpress/AJDDGDH-fuelP.txt' target='_blank'>fuel pressure vs time</a>,1.6,&plusmn; 1.5,436,-,-,-,-,-,-,-,-,4.87,0,-,13.94,-,-,0.8,-,-,-,0.1,-,<a href='/diesel-spray-combustion/sandia-cv/combustion-vessel-geometry/1997-to-2009/1997-to-2007/' target='_blank'>Inj. Char.</a>,-,-,-,0.071,-,-,-,-,11.82,-,-,0.4,-,-,-,-,-,<a href='/cvdata/assets/datafiles/press/ajddgDH-press.txt' target='_blank'>PvsT</a>,-,-,-,-,-,-,-,-,-,-,-
293,21,1000,30,0.100-a,-,140,>4,D2,436,Sandia,#AIDDGDH,-,<a href= '/diesel-spray-combustion/experimental-diagnostics/lift-off-length/' target='_blank'>LO</a> ; <a href= '/diesel-spray-combustion/experimental-diagnostics/light-based-ignition-delay/' target='_blank'>ID</a>,-,-,-,-,-,-,-,-,-,1006,962,-,-,-,30.15,31.2,8.63,1.02,-,-,-,-,-,-,147.63,-,-,-,-,-,-,-,-,<a href= '/diesel-spray-combustion/sandia-cv/injector-characterization/' target='_blank'>rate of injection</a>,-,-,5.1,-,-,14.3,-,-,-,-,-,-,-,-,<a href='/cvdata/assets/datafiles/nozgeom/nozzleDwg.PNG' target='_blank'>Drawing</a>; <a href='/cvdata/assets/datafiles/nozgeom/sacVolumeDimensions.pdf' target='_blank'>sac Vol. Dim.</a>,-,-,-,0.073,-,-,-,-,9.5,-,-,0.23,-,-,-,-,-, <a href='/cvdata/assets/datafiles/press/aiddgDH-press.txt' target='_blank'>PvsT</a>,-,-,-,-,-,-,-,-,-,-,-
294,21,1100,30,0.100-a,-,140,3.5,D2,436,Sandia,#AGDDGDHL,-,<a href= '/diesel-spray-combustion/experimental-diagnostics/lift-off-length/' target='_blank'>LO</a> ; <a href= '/diesel-spray-combustion/experimental-diagnostics/light-based-ignition-delay/' target='_blank'>ID</a>,-,21,-,O2 = 21.00;N2 = 69.33;CO2 = 6.11;H2O = 3.56;,-,29.47,1101.4,1.6,&plusmn; 1.1,1103,1052,30.01,0.03,&plusmn; 0.02,30.15,31.41,9.52,1.021,-,-,-,-,-,<a href= '/diesel-spray-combustion/sandia-cv/combustion-vessel-geometry/' target='_blank'>Vesssel Geometry</a>,148.4;<a href= '/cvdata/assets/datafiles/fuelpress/AGDDGDH-fuelP.txt' target='_blank'>fuel pressure vs time</a>,0.5,&plusmn; 0.7,436,-,-,-,-,-,-,-,-,4.94,0.06,-,14.21,-,-,0.8,-,-,-,0.1,-,<a href='/diesel-spray-combustion/sandia-cv/combustion-vessel-geometry/1997-to-2009/1997-to-2007/' target='_blank'>Inj. Char.</a>,-,-,-,0.071,-,-,-,-,7.67,-,-,0.21,-,-,-,-,-,<a href='/cvdata/assets/datafiles/press/agddgDH-press.txt' target='_blank'>PvsT</a>,-,-,-,-,-,-,-,-,-,-,-
295,21,1200,30,0.100-a,-,140,3.5,D2,436,Sandia,#AEDDGDHL,-,<a href= '/diesel-spray-combustion/experimental-diagnostics/lift-off-length/' target='_blank'>LO</a> ; <a href= '/diesel-spray-combustion/experimental-diagnostics/light-based-ignition-delay/' target='_blank'>ID</a>,-,21,-,O2 = 21.00;N2 = 69.33;CO2 = 6.11;H2O = 3.56;,-,29.47,1197.3,1.5,&plusmn; 1.0,1198.8,1136.6,30.09,0.03,&plusmn; 0.02,30.22,31.7,10.39,1.022,-,-,-,-,-,<a href= '/diesel-spray-combustion/sandia-cv/combustion-vessel-geometry/' target='_blank'>Vesssel Geometry</a>,149.1;<a href= '/cvdata/assets/datafiles/fuelpress/AEDDGDH-fuelP.txt' target='_blank'>fuel pressure vs time</a>,2.2,&plusmn; 1.8,436,-,-,-,-,-,-,-,-,4.98,0.07,-,14.37,-,-,0.8,-,-,-,0.1,-,<a href='/diesel-spray-combustion/sandia-cv/combustion-vessel-geometry/1997-to-2009/1997-to-2007/' target='_blank'>Inj. Char.</a>,-,-,-,0.07,-,-,-,-,5.71,-,-,0.39,-,-,-,-,-,<a href='/cvdata/assets/datafiles/press/aeddgDH-press.txt' target='_blank'>PvsT</a>,-,-,-,-,-,-,-,-,-,-,-
296,21,1300,30,0.100-a,-,140,3.5,D2,436,Sandia,#ACDDGDHL,-,<a href= '/diesel-spray-combustion/experimental-diagnostics/lift-off-length/' target='_blank'>LO</a> ; <a href= '/diesel-spray-combustion/experimental-diagnostics/light-based-ignition-delay/' target='_blank'>ID</a>,-,21,-,O2 = 21.00;N2 = 69.33;CO2 = 6.11;H2O = 3.56;,-,29.47,1302.2,2.3,&plusmn; 1.5,1303.4,1228.7,29.97,0.06,&plusmn; 0.04,30.07,31.77,11.26,1.023,-,-,-,-,-,<a href= '/diesel-spray-combustion/sandia-cv/combustion-vessel-geometry/' target='_blank'>Vesssel Geometry</a>,148.2;<a href= '/cvdata/assets/datafiles/fuelpress/ACDDGDH-fuelP.txt' target='_blank'>fuel pressure vs time</a>,0.3,&plusmn; 0.6,436,-,-,-,-,-,-,-,-,5.67,0.13,-,16.4,-,-,0.8,-,-,-,0.1,-,<a href='/diesel-spray-combustion/sandia-cv/combustion-vessel-geometry/1997-to-2009/1997-to-2007/' target='_blank'>Inj. Char.</a>,-,-,-,0.07,-,-,-,-,4.5,-,-,0.52,-,-,-,-,-,<a href='/cvdata/assets/datafiles/press/acddgDH-press.txt' target='_blank'>PvsT</a>,-,-,-,-,-,-,-,-,-,-,-
297,15,800,14.8,0.100-a,-,140,>4,D2,436,Sandia,#JMCDGDH,-,no ignition delay data in avg_file; <a href= '/diesel-spray-combustion/experimental-diagnostics/lift-off-length/' target='_blank'>LO</a> ; <a href= '/diesel-spray-combustion/experimental-diagnostics/light-based-ignition-delay/' target='_blank'>ID</a>,-,-,-,-,-,-,-,-,-,805,783,-,-,-,15.04,15.1,3.4,1.009,-,-,-,-,-,-,138.4,-,-,-,-,-,-,-,-,<a href= '/diesel-spray-combustion/sandia-cv/injector-characterization/' target='_blank'>rate of injection</a>,-,-,7,-,-,19.3,-,-,-,-,-,-,-,-,<a href='/cvdata/assets/datafiles/nozgeom/nozzleDwg.PNG' target='_blank'>Drawing</a>; <a href='/cvdata/assets/datafiles/nozgeom/sacVolumeDimensions.pdf' target='_blank'>sac Vol. Dim.</a>,-,-,-,0.074,-,-,-,-,80.3,-,-,0,-,-,-,-,-, <a href='/cvdata/assets/datafiles/press/jmcdgDH-press.txt' target='_blank'>PvsT</a>,-,-,-,-,-,-,-,-,-,-,-
298,15,900,14.8,0.100-a,-,130,>4,D2,436,Sandia,#JKCDGDHL,-,<a href= '/diesel-spray-combustion/experimental-diagnostics/lift-off-length/' target='_blank'>LO</a> ; <a href= '/diesel-spray-combustion/experimental-diagnostics/light-based-ignition-delay/' target='_blank'>ID</a>,-,15,-,O2 = 15.00;N2 = 75.15;CO2 = 6.22;H2O = 3.62;,-,29.24,901.2,1,&plusmn; 0.4,906.7,876.6,14.81,0.02,&plusmn; 0.01,15.09,15.22,3.83,1.009,-,-,-,-,-,<a href= '/diesel-spray-combustion/sandia-cv/combustion-vessel-geometry/' target='_blank'>Vesssel Geometry</a>,139.3;<a href= '/cvdata/assets/datafiles/fuelpress/JKCDGDH-fuelP.txt' target='_blank'>fuel pressure vs time</a>,0.5,&plusmn; 0.6,436,-,-,-,-,-,-,-,-,6.35,0.05,-,17.92,-,-,0.8,-,-,-,0.1,-,<a href='/diesel-spray-combustion/sandia-cv/combustion-vessel-geometry/1997-to-2009/1997-to-2007/' target='_blank'>Inj. Char.</a>,-,-,-,0.072,-,-,-,-,38.17,-,-,1.12,-,-,-,-,-,<a href='/cvdata/assets/datafiles/press/jkcdgDH-press.txt' target='_blank'>PvsT</a>,-,-,-,-,-,-,-,-,-,-,-
299,15,1000,14.8,0.100-a,-,130,>4,D2,436,Sandia,#JICDGDHL,-,<a href= '/diesel-spray-combustion/experimental-diagnostics/lift-off-length/' target='_blank'>LO</a> ; <a href= '/diesel-spray-combustion/experimental-diagnostics/light-based-ignition-delay/' target='_blank'>ID</a>,-,15,-,O2 = 15.00;N2 = 75.15;CO2 = 6.22;H2O = 3.62;,-,29.24,998.2,2,&plusmn; 0.8,1003.5,965,14.81,0.03,&plusmn; 0.01,15.06,15.32,4.24,1.01,-,-,-,-,-,<a href= '/diesel-spray-combustion/sandia-cv/combustion-vessel-geometry/' target='_blank'>Vesssel Geometry</a>,147.3;<a href= '/cvdata/assets/datafiles/fuelpress/JICDGDH-fuelP.txt' target='_blank'>fuel pressure vs time</a>,6.4,&plusmn; 3.0,436,-,-,-,-,-,-,-,-,7.59,0.04,-,21.46,-,-,0.8,-,-,-,0.1,-,<a href='/diesel-spray-combustion/sandia-cv/combustion-vessel-geometry/1997-to-2009/1997-to-2007/' target='_blank'>Inj. Char.</a>,-,-,-,0.072,-,-,-,-,25.57,-,-,0.69,-,-,-,-,-,<a href='/cvdata/assets/datafiles/press/jicdgDH-press.txt' target='_blank'>PvsT</a>,-,-,-,-,-,-,-,-,-,-,-
300,15,1100,14.8,0.100-a,-,140,>4,D2,436,Sandia,#JGCDGDHL,-,<a href= '/diesel-spray-combustion/experimental-diagnostics/lift-off-length/' target='_blank'>LO</a> ; <a href= '/diesel-spray-combustion/experimental-diagnostics/light-based-ignition-delay/' target='_blank'>ID</a>,-,15,-,O2 = 15.00;N2 = 75.15;CO2 = 6.22;H2O = 3.62;,-,29.24,1099.1,1.6,&plusmn; 0.6,1104.1,1056.9,14.8,0.02,&plusmn; 0.01,15.02,15.39,4.67,1.01,-,-,-,-,-,<a href= '/diesel-spray-combustion/sandia-cv/combustion-vessel-geometry/' target='_blank'>Vesssel Geometry</a>,144.8;<a href= '/cvdata/assets/datafiles/fuelpress/JGCDGDH-fuelP.txt' target='_blank'>fuel pressure vs time</a>,1.1,&plusmn; 0.8,436,-,-,-,-,-,-,-,-,7.57,0.03,-,21.42,-,-,0.8,-,-,-,0.1,-,<a href='/diesel-spray-combustion/sandia-cv/combustion-vessel-geometry/1997-to-2009/1997-to-2007/' target='_blank'>Inj. Char.</a>,-,-,-,0.072,-,-,-,-,17.14,-,-,0.53,-,-,-,-,-,<a href='/cvdata/assets/datafiles/press/jgcdgDH-press.txt' target='_blank'>PvsT</a>,-,-,-,-,-,-,-,-,-,-,-
301,15,1200,14.8,0.100-a,-,140,>4,D2,436,Sandia,#JECDGDHL,-,<a href= '/diesel-spray-combustion/experimental-diagnostics/lift-off-length/' target='_blank'>LO</a> ; <a href= '/diesel-spray-combustion/experimental-diagnostics/light-based-ignition-delay/' target='_blank'>ID</a>,-,15,-,O2 = 15.00;N2 = 75.15;CO2 = 6.22;H2O = 3.62;,-,29.24,1201.2,1.7,&plusmn; 0.7,1204.2,1148.9,14.8,0.02,&plusmn; 0.01,14.92,15.48,5.11,1.01,-,-,-,-,-,<a href= '/diesel-spray-combustion/sandia-cv/combustion-vessel-geometry/' target='_blank'>Vesssel Geometry</a>,144.8;<a href= '/cvdata/assets/datafiles/fuelpress/JECDGDH-fuelP.txt' target='_blank'>fuel pressure vs time</a>,3,&plusmn; 1.6,436,-,-,-,-,-,-,-,-,4.58,0.11,-,12.99,-,-,0.8,-,-,-,0.1,-,<a href='/diesel-spray-combustion/sandia-cv/combustion-vessel-geometry/1997-to-2009/1997-to-2007/' target='_blank'>Inj. Char.</a>,-,-,-,0.072,-,-,-,-,12.91,-,-,0.61,-,-,-,-,-,<a href='/cvdata/assets/datafiles/press/jecdgDH-press.txt' target='_blank'>PvsT</a>,-,-,-,-,-,-,-,-,-,-,-
302,15,1300,14.8,0.100-a,-,140,>4,D2,436,Sandia,#JCCDGDHL,-,<a href= '/diesel-spray-combustion/experimental-diagnostics/lift-off-length/' target='_blank'>LO</a> ; <a href= '/diesel-spray-combustion/experimental-diagnostics/light-based-ignition-delay/' target='_blank'>ID</a>,-,15,-,O2 = 15.00;N2 = 75.15;CO2 = 6.22;H2O = 3.62;,-,29.24,1302.5,1.6,&plusmn; 0.7,1305.3,1239.3,14.79,0.02,&plusmn; 0.01,14.9,15.54,5.53,1.011,-,-,-,-,-,<a href= '/diesel-spray-combustion/sandia-cv/combustion-vessel-geometry/' target='_blank'>Vesssel Geometry</a>,142.9;<a href= '/cvdata/assets/datafiles/fuelpress/JCCDGDH-fuelP.txt' target='_blank'>fuel pressure vs time</a>,1.6,&plusmn; 1.0,436,-,-,-,-,-,-,-,-,4.65,0.09,-,13.19,-,-,0.8,-,-,-,0.1,-,<a href='/diesel-spray-combustion/sandia-cv/combustion-vessel-geometry/1997-to-2009/1997-to-2007/' target='_blank'>Inj. Char.</a>,-,-,-,0.072,-,-,-,-,9.49,-,-,0.67,-,-,-,-,-,<a href='/cvdata/assets/datafiles/press/jccdgDH-press.txt' target='_blank'>PvsT</a>,-,-,-,-,-,-,-,-,-,-,-
303,15,1000,7.3,0.100-a,-,140,>4,D2,436,Sandia,#JIBDGDHL,-,<a href= '/diesel-spray-combustion/experimental-diagnostics/lift-off-length/' target='_blank'>LO</a> ; <a href= '/diesel-spray-combustion/experimental-diagnostics/light-based-ignition-delay/' target='_blank'>ID</a>,-,15,-,O2 = 15.00;N2 = 75.15;CO2 = 6.22;H2O = 3.62;,-,29.24,1001.6,1.4,&plusmn; 0.7,1013,975.8,7.28,0.01,&plusmn; 0.00,7.54,7.47,2.08,1.005,-,-,-,-,-,<a href= '/diesel-spray-combustion/sandia-cv/combustion-vessel-geometry/' target='_blank'>Vesssel Geometry</a>,142.6;<a href= '/cvdata/assets/datafiles/fuelpress/JIBDGDH-fuelP.txt' target='_blank'>fuel pressure vs time</a>,0.4,&plusmn; 0.6,436,-,-,-,-,-,-,-,-,6.77,0.01,-,18.98,-,-,0.8,-,-,-,0.1,-,<a href='/diesel-spray-combustion/sandia-cv/combustion-vessel-geometry/1997-to-2009/1997-to-2007/' target='_blank'>Inj. Char.</a>,-,-,-,0.072,-,-,-,-,48.3,-,-,2.1,-,-,-,-,-,<a href='/cvdata/assets/datafiles/press/jibdgDH-press.txt' target='_blank'>PvsT</a>,-,-,-,-,-,-,-,-,-,-,-
304,15,1000,30,0.100-a,-,140,>4,D2,436,Sandia,#JIDDGDH,-,no ignition delay data in avg_file; <a href= '/diesel-spray-combustion/experimental-diagnostics/lift-off-length/' target='_blank'>LO</a> ; <a href= '/diesel-spray-combustion/experimental-diagnostics/light-based-ignition-delay/' target='_blank'>ID</a>,-,-,-,-,-,-,-,-,-,1001,962,-,-,-,30.2,31.2,8.7,1.021,-,-,-,-,-,-,146.7,-,-,-,-,-,-,-,-,<a href= '/diesel-spray-combustion/sandia-cv/injector-characterization/' target='_blank'>rate of injection</a>,-,-,7.5,-,-,21.1,-,-,-,-,-,-,-,-,<a href='/cvdata/assets/datafiles/nozgeom/nozzleDwg.PNG' target='_blank'>Drawing</a>; <a href='/cvdata/assets/datafiles/nozgeom/sacVolumeDimensions.pdf' target='_blank'>sac Vol. Dim.</a>,-,-,-,0.073,-,-,-,-,13.2,-,-,0,-,-,-,-,-, <a href='/cvdata/assets/datafiles/press/jiddgDH-press.txt' target='_blank'>PvsT</a>,-,-,-,-,-,-,-,-,-,-,-
305,15,1000,58.5,0.100-a,-,140,>4,D2,436,Sandia,#JIEDGDHL,-,<a href= '/diesel-spray-combustion/experimental-diagnostics/lift-off-length/' target='_blank'>LO</a> ; <a href= '/diesel-spray-combustion/experimental-diagnostics/light-based-ignition-delay/' target='_blank'>ID</a>,-,15,-,O2 = 15.00;N2 = 75.15;CO2 = 6.22;H2O = 3.62;,-,29.24,994.9,2,&plusmn; 2.0,995.8,949.8,58.7,0.01,&plusmn; 0.01,58.87,61.5,17.36,1.046,-,-,-,-,-,<a href= '/diesel-spray-combustion/sandia-cv/combustion-vessel-geometry/' target='_blank'>Vesssel Geometry</a>,159.3;<a href= '/cvdata/assets/datafiles/fuelpress/JIEDGDH-fuelP.txt' target='_blank'>fuel pressure vs time</a>,0,&plusmn; 0.4,436,-,-,-,-,-,-,-,-,5.32,0.14,-,15.72,-,-,0.8,-,-,-,0.1,-,<a href='/diesel-spray-combustion/sandia-cv/combustion-vessel-geometry/1997-to-2009/1997-to-2007/' target='_blank'>Inj. Char.</a>,-,-,-,0.069,-,-,-,-,8.81,-,-,0.33,-,-,-,-,-,<a href='/cvdata/assets/datafiles/press/jiedgDH-press.txt' target='_blank'>PvsT</a>,-,-,-,-,-,-,-,-,-,-,-
306,15,1000,7.3,0.180-a,-,140,>4,D2,436,Sandia,#JIBDHDHL,-,<a href= '/diesel-spray-combustion/experimental-diagnostics/lift-off-length/' target='_blank'>LO</a> ; <a href= '/diesel-spray-combustion/experimental-diagnostics/light-based-ignition-delay/' target='_blank'>ID</a>,-,15,-,O2 = 15.00;N2 = 75.15;CO2 = 6.22;H2O = 3.62;,-,29.24,1000.4,1.3,&plusmn; 0.2,1027.1,974.6,7.27,0.01,&plusmn; 0.00,7.9,7.46,2.08,1.005,-,-,-,-,-,<a href= '/diesel-spray-combustion/sandia-cv/combustion-vessel-geometry/' target='_blank'>Vesssel Geometry</a>,142.2;<a href= '/cvdata/assets/datafiles/fuelpress/JIBDHDH-fuelP.txt' target='_blank'>fuel pressure vs time</a>,1.5,&plusmn; 0.6,436,-,-,-,-,-,-,-,-,7.15,0.15,-,62.55,-,-,0.77,-,-,-,0.18,-,<a href='/diesel-spray-combustion/sandia-cv/combustion-vessel-geometry/1997-to-2009/1997-to-2007/' target='_blank'>Inj. Char.</a>,-,-,-,0.051,-,-,-,-,52.74,-,-,2.16,-,-,-,-,-,<a href='/cvdata/assets/datafiles/press/jibdhDH-press.txt' target='_blank'>PvsT</a>,-,-,-,-,-,-,-,-,-,-,-
307,15,1100,7.3,0.180-a,-,140,4,D2,436,Sandia,#JGBDHDHL,-,<a href= '/diesel-spray-combustion/experimental-diagnostics/lift-off-length/' target='_blank'>LO</a> ; <a href= '/diesel-spray-combustion/experimental-diagnostics/light-based-ignition-delay/' target='_blank'>ID</a>,-,15,-,O2 = 15.00;N2 = 75.15;CO2 = 6.22;H2O = 3.62;,-,29.24,1097.2,1.8,&plusmn; 0.7,1114.9,1064.2,7.27,0.01,&plusmn; 0.00,7.66,7.5,2.28,1.005,-,-,-,-,-,<a href= '/diesel-spray-combustion/sandia-cv/combustion-vessel-geometry/' target='_blank'>Vesssel Geometry</a>,141.2;<a href= '/cvdata/assets/datafiles/fuelpress/JGBDHDH-fuelP.txt' target='_blank'>fuel pressure vs time</a>,1,&plusmn; 0.8,436,-,-,-,-,-,-,-,-,6.34,0.01,-,55.49,-,-,0.77,-,-,-,0.18,-,<a href='/diesel-spray-combustion/sandia-cv/combustion-vessel-geometry/1997-to-2009/1997-to-2007/' target='_blank'>Inj. Char.</a>,-,-,-,0.051,-,-,-,-,37.97,-,-,1.29,-,-,-,-,-,<a href='/cvdata/assets/datafiles/press/jgbdhDH-press.txt' target='_blank'>PvsT</a>,-,-,-,-,-,-,-,-,-,-,-
308,15,1200,7.3,0.180-a,-,140,4,D2,436,Sandia,#JEBDHDHL,-,<a href= '/diesel-spray-combustion/experimental-diagnostics/lift-off-length/' target='_blank'>LO</a> ; <a href= '/diesel-spray-combustion/experimental-diagnostics/light-based-ignition-delay/' target='_blank'>ID</a>,-,15,-,O2 = 15.00;N2 = 75.15;CO2 = 6.22;H2O = 3.62;,-,29.24,1201.4,0.8,&plusmn; 0.2,1218.7,1159.9,7.27,0,&plusmn; 0.00,7.62,7.53,2.5,1.005,-,-,-,-,-,<a href= '/diesel-spray-combustion/sandia-cv/combustion-vessel-geometry/' target='_blank'>Vesssel Geometry</a>,142.3;<a href= '/cvdata/assets/datafiles/fuelpress/JEBDHDH-fuelP.txt' target='_blank'>fuel pressure vs time</a>,2.4,&plusmn; 0.9,436,-,-,-,-,-,-,-,-,6.21,0.13,-,54.4,-,-,0.77,-,-,-,0.18,-,<a href='/diesel-spray-combustion/sandia-cv/combustion-vessel-geometry/1997-to-2009/1997-to-2007/' target='_blank'>Inj. Char.</a>,-,-,-,0.051,-,-,-,-,26.88,-,-,0.79,-,-,-,-,-,<a href='/cvdata/assets/datafiles/press/jebdhDH-press.txt' target='_blank'>PvsT</a>,-,-,-,-,-,-,-,-,-,-,-
309,15,1300,7.3,0.180-a,-,140,4,D2,436,Sandia,#JCBDHDHL,-,<a href= '/diesel-spray-combustion/experimental-diagnostics/lift-off-length/' target='_blank'>LO</a> ; <a href= '/diesel-spray-combustion/experimental-diagnostics/light-based-ignition-delay/' target='_blank'>ID</a>,-,15,-,O2 = 15.00;N2 = 75.15;CO2 = 6.22;H2O = 3.62;,-,29.24,1299.2,1.1,&plusmn; 0.2,1316.2,1248.9,7.27,0.01,&plusmn; 0.00,7.6,7.57,2.7,1.005,-,-,-,-,-,<a href= '/diesel-spray-combustion/sandia-cv/combustion-vessel-geometry/' target='_blank'>Vesssel Geometry</a>,141.8;<a href= '/cvdata/assets/datafiles/fuelpress/JCBDHDH-fuelP.txt' target='_blank'>fuel pressure vs time</a>,2.1,&plusmn; 0.8,436,-,-,-,-,-,-,-,-,6.23,0.12,-,54.63,-,-,0.77,-,-,-,0.18,-,<a href='/diesel-spray-combustion/sandia-cv/combustion-vessel-geometry/1997-to-2009/1997-to-2007/' target='_blank'>Inj. Char.</a>,-,-,-,0.051,-,-,-,-,19.29,-,-,0.53,-,-,-,-,-,<a href='/cvdata/assets/datafiles/press/jcbdhDH-press.txt' target='_blank'>PvsT</a>,-,-,-,-,-,-,-,-,-,-,-
310,15,850,14.8,0.180-a,-,140,>4,D2,436,Sandia,#JLCDHDH,-,<a href= '/diesel-spray-combustion/experimental-diagnostics/lift-off-length/' target='_blank'>LO</a> ; <a href= '/diesel-spray-combustion/experimental-diagnostics/light-based-ignition-delay/' target='_blank'>ID</a>,-,-,-,-,-,-,-,-,-,864,830,-,-,-,15.56,15.2,3.61,1.009,-,-,-,-,-,-,139.61,-,-,-,-,-,-,-,-,<a href= '/diesel-spray-combustion/sandia-cv/injector-characterization/' target='_blank'>rate of injection</a>,-,-,7.4,-,-,64,-,-,-,-,-,-,-,-,-,-,-,-,0.052,-,-,-,-,56.9,-,-,1.69,-,-,-,-,-, <a href='/cvdata/assets/datafiles/press/jlcdhDH-press.txt' target='_blank'>PvsT</a>,-,-,-,-,-,-,-,-,-,-,-
311,15,900,14.8,0.180-a,-,140,4,D2,436,Sandia,#JKCDHDHL,-,<a href= '/diesel-spray-combustion/experimental-diagnostics/lift-off-length/' target='_blank'>LO</a> ; <a href= '/diesel-spray-combustion/experimental-diagnostics/light-based-ignition-delay/' target='_blank'>ID</a>,-,15,-,O2 = 15.00;N2 = 75.15;CO2 = 6.22;H2O = 3.62;,-,29.24,900.2,1.3,&plusmn; 0.5,910.1,876,14.8,0.02,&plusmn; 0.01,15.3,15.21,3.82,1.009,-,-,-,-,-,<a href= '/diesel-spray-combustion/sandia-cv/combustion-vessel-geometry/' target='_blank'>Vesssel Geometry</a>,140.9;<a href= '/cvdata/assets/datafiles/fuelpress/JKCDHDH-fuelP.txt' target='_blank'>fuel pressure vs time</a>,0.3,&plusmn; 0.5,436,-,-,-,-,-,-,-,-,6.44,0.07,-,56.64,-,-,0.77,-,-,-,0.18,-,<a href='/diesel-spray-combustion/sandia-cv/combustion-vessel-geometry/1997-to-2009/1997-to-2007/' target='_blank'>Inj. Char.</a>,-,-,-,0.051,-,-,-,-,44.27,-,-,1.15,-,-,-,-,-,<a href='/cvdata/assets/datafiles/press/jkcdhDH-press.txt' target='_blank'>PvsT</a>,-,-,-,-,-,-,-,-,-,-,-
312,15,1000,14.8,0.180-a,-,140,3.5,D2,436,Sandia,#JICDHDHL,-,<a href= '/diesel-spray-combustion/experimental-diagnostics/lift-off-length/' target='_blank'>LO</a> ; <a href= '/diesel-spray-combustion/experimental-diagnostics/light-based-ignition-delay/' target='_blank'>ID</a>,-,15,-,O2 = 15.00;N2 = 75.15;CO2 = 6.22;H2O = 3.62;,-,29.24,999.5,2.3,&plusmn; 0.2,1005.3,966.5,14.78,0.04,&plusmn; 0.00,15.06,15.29,4.24,1.01,-,-,-,-,-,<a href= '/diesel-spray-combustion/sandia-cv/combustion-vessel-geometry/' target='_blank'>Vesssel Geometry</a>,141.7;<a href= '/cvdata/assets/datafiles/fuelpress/JICDHDH-fuelP.txt' target='_blank'>fuel pressure vs time</a>,1.4,&plusmn; 0.5,436,-,-,-,-,-,-,-,-,5.46,0.2,-,48.15,-,-,0.77,-,-,-,0.18,-,<a href='/diesel-spray-combustion/sandia-cv/combustion-vessel-geometry/1997-to-2009/1997-to-2007/' target='_blank'>Inj. Char.</a>,-,-,-,0.051,-,-,-,-,29.51,-,-,0.73,-,-,-,-,-,<a href='/cvdata/assets/datafiles/press/jicdhDH-press.txt' target='_blank'>PvsT</a>,-,-,-,-,-,-,-,-,-,-,-
313,15,1100,14.8,0.180-a,-,140,3.5,D2,436,Sandia,#JGCDHDHL,-,<a href= '/diesel-spray-combustion/experimental-diagnostics/lift-off-length/' target='_blank'>LO</a> ; <a href= '/diesel-spray-combustion/experimental-diagnostics/light-based-ignition-delay/' target='_blank'>ID</a>,-,15,-,O2 = 15.00;N2 = 75.15;CO2 = 6.22;H2O = 3.62;,-,29.24,1100.2,1,&plusmn; 0.4,1106.1,1058.1,14.8,0.01,&plusmn; 0.00,15.06,15.39,4.68,1.01,-,-,-,-,-,<a href= '/diesel-spray-combustion/sandia-cv/combustion-vessel-geometry/' target='_blank'>Vesssel Geometry</a>,141.8;<a href= '/cvdata/assets/datafiles/fuelpress/JGCDHDH-fuelP.txt' target='_blank'>fuel pressure vs time</a>,1.7,&plusmn; 1.1,436,-,-,-,-,-,-,-,-,5.61,0.19,-,49.57,-,-,0.77,-,-,-,0.18,-,<a href='/diesel-spray-combustion/sandia-cv/combustion-vessel-geometry/1997-to-2009/1997-to-2007/' target='_blank'>Inj. Char.</a>,-,-,-,0.05,-,-,-,-,22.99,-,-,0.48,-,-,-,-,-,<a href='/cvdata/assets/datafiles/press/jgcdhDH-press.txt' target='_blank'>PvsT</a>,-,-,-,-,-,-,-,-,-,-,-
314,15,1200,14.8,0.180-a,-,140,>4,D2,436,Sandia,#JECDHDH,-,<a href= '/diesel-spray-combustion/experimental-diagnostics/lift-off-length/' target='_blank'>LO</a> ; <a href= '/diesel-spray-combustion/experimental-diagnostics/light-based-ignition-delay/' target='_blank'>ID</a>,-,-,-,-,-,-,-,-,-,1207,1148,-,-,-,15.04,15.5,5.1,1.01,-,-,-,-,-,-,140.1,-,-,-,-,-,-,-,-,<a href= '/diesel-spray-combustion/sandia-cv/injector-characterization/' target='_blank'>rate of injection</a>,-,-,5.8,-,-,49.6,-,-,-,-,-,-,-,-,-,-,-,-,0.052,-,-,-,-,17.4,-,-,0.35,-,-,-,-,-, <a href='/cvdata/assets/datafiles/press/jecdhDH-press.txt' target='_blank'>PvsT</a>,-,-,-,-,-,-,-,-,-,-,-
315,15,1300,14.8,0.180-a,-,140,3.5,D2,436,Sandia,#JCCDHDHL,-,<a href= '/diesel-spray-combustion/experimental-diagnostics/lift-off-length/' target='_blank'>LO</a> ; <a href= '/diesel-spray-combustion/experimental-diagnostics/light-based-ignition-delay/' target='_blank'>ID</a>,-,15,-,O2 = 15.00;N2 = 75.15;CO2 = 6.22;H2O = 3.62;,-,29.24,1297.3,1.3,&plusmn; 0.3,1302.9,1234.4,14.85,0.01,&plusmn; 0.00,15.06,15.6,5.53,1.011,-,-,-,-,-,<a href= '/diesel-spray-combustion/sandia-cv/combustion-vessel-geometry/' target='_blank'>Vesssel Geometry</a>,143.0;<a href= '/cvdata/assets/datafiles/fuelpress/JCCDHDH-fuelP.txt' target='_blank'>fuel pressure vs time</a>,2.3,&plusmn; 0.9,436,-,-,-,-,-,-,-,-,6.05,0.32,-,53.56,-,-,0.77,-,-,-,0.18,-,<a href='/diesel-spray-combustion/sandia-cv/combustion-vessel-geometry/1997-to-2009/1997-to-2007/' target='_blank'>Inj. Char.</a>,-,-,-,0.05,-,-,-,-,12.39,-,-,0.58,-,-,-,-,-,<a href='/cvdata/assets/datafiles/press/jccdhDH-press.txt' target='_blank'>PvsT</a>,-,-,-,-,-,-,-,-,-,-,-
316,15,800,30,0.180-a,-,140,>4,D2,436,Sandia,#JMDDHDH,-,<a href= '/diesel-spray-combustion/experimental-diagnostics/lift-off-length/' target='_blank'>LO</a> ; <a href= '/diesel-spray-combustion/experimental-diagnostics/light-based-ignition-delay/' target='_blank'>ID</a>,-,-,-,-,-,-,-,-,-,804,781,-,-,-,30.76,30.7,6.95,1.019,-,-,-,-,-,-,143.95,-,-,-,-,-,-,-,-,<a href= '/diesel-spray-combustion/sandia-cv/injector-characterization/' target='_blank'>rate of injection</a>,-,-,6.4,-,-,55.7,-,-,-,-,-,-,-,-,-,-,-,-,0.052,-,-,-,-,41.1,-,-,1.36,-,-,-,-,-, <a href='/cvdata/assets/datafiles/press/jmddhDH-press.txt' target='_blank'>PvsT</a>,-,-,-,-,-,-,-,-,-,-,-
317,15,900,30,0.180-a,-,140,3.5,D2,436,Sandia,#JKDDHDHL,-,<a href= '/diesel-spray-combustion/experimental-diagnostics/lift-off-length/' target='_blank'>LO</a> ; <a href= '/diesel-spray-combustion/experimental-diagnostics/light-based-ignition-delay/' target='_blank'>ID</a>,-,15,-,O2 = 15.00;N2 = 75.15;CO2 = 6.22;H2O = 3.62;,-,29.24,897.9,2,&plusmn; 1.3,901.5,870.1,30.11,0.07,&plusmn; 0.05,30.48,31.07,7.84,1.02,-,-,-,-,-,<a href= '/diesel-spray-combustion/sandia-cv/combustion-vessel-geometry/' target='_blank'>Vesssel Geometry</a>,146.9;<a href= '/cvdata/assets/datafiles/fuelpress/JKDDHDH-fuelP.txt' target='_blank'>fuel pressure vs time</a>,0.3,&plusmn; 0.6,436,-,-,-,-,-,-,-,-,5.56,0.17,-,49.64,-,-,0.77,-,-,-,0.18,-,<a href='/diesel-spray-combustion/sandia-cv/combustion-vessel-geometry/1997-to-2009/1997-to-2007/' target='_blank'>Inj. Char.</a>,-,-,-,0.05,-,-,-,-,22.92,-,-,0.6,-,-,-,-,-,<a href='/cvdata/assets/datafiles/press/jkddhDH-press.txt' target='_blank'>PvsT</a>,-,-,-,-,-,-,-,-,-,-,-
318,15,1000,30,0.180-a,-,140,3.5,D2,436,Sandia,#JIDDHDHL,-,<a href= '/diesel-spray-combustion/experimental-diagnostics/lift-off-length/' target='_blank'>LO</a> ; <a href= '/diesel-spray-combustion/experimental-diagnostics/light-based-ignition-delay/' target='_blank'>ID</a>,-,15,-,O2 = 15.00;N2 = 75.15;CO2 = 6.22;H2O = 3.62;,-,29.24,997.3,2.5,&plusmn; 0.8,1000.9,959.1,30.09,0.09,&plusmn; 0.03,30.43,31.29,8.71,1.021,-,-,-,-,-,<a href= '/diesel-spray-combustion/sandia-cv/combustion-vessel-geometry/' target='_blank'>Vesssel Geometry</a>,147.0;<a href= '/cvdata/assets/datafiles/fuelpress/JIDDHDH-fuelP.txt' target='_blank'>fuel pressure vs time</a>,0.5,&plusmn; 0.6,436,-,-,-,-,-,-,-,-,5.75,0.41,-,51.44,-,-,0.77,-,-,-,0.18,-,<a href='/diesel-spray-combustion/sandia-cv/combustion-vessel-geometry/1997-to-2009/1997-to-2007/' target='_blank'>Inj. Char.</a>,-,-,-,0.05,-,-,-,-,16.35,-,-,0.6,-,-,-,-,-,<a href='/cvdata/assets/datafiles/press/jiddhDH-press.txt' target='_blank'>PvsT</a>,-,-,-,-,-,-,-,-,-,-,-
319,15,1100,30,0.180-a,-,140,3.5,D2,436,Sandia,#JGDDHDHL,-,<a href= '/diesel-spray-combustion/experimental-diagnostics/lift-off-length/' target='_blank'>LO</a> ; <a href= '/diesel-spray-combustion/experimental-diagnostics/light-based-ignition-delay/' target='_blank'>ID</a>,-,15,-,O2 = 15.00;N2 = 75.15;CO2 = 6.22;H2O = 3.62;,-,29.24,1098.6,6.1,&plusmn; 4.1,1101.8,1049.7,30.09,0.17,&plusmn; 0.11,30.38,31.5,9.6,1.022,-,-,-,-,-,<a href= '/diesel-spray-combustion/sandia-cv/combustion-vessel-geometry/' target='_blank'>Vesssel Geometry</a>,147.4;<a href= '/cvdata/assets/datafiles/fuelpress/JGDDHDH-fuelP.txt' target='_blank'>fuel pressure vs time</a>,0.4,&plusmn; 0.7,436,-,-,-,-,-,-,-,-,6,0.55,-,53.89,-,-,0.77,-,-,-,0.18,-,<a href='/diesel-spray-combustion/sandia-cv/combustion-vessel-geometry/1997-to-2009/1997-to-2007/' target='_blank'>Inj. Char.</a>,-,-,-,0.05,-,-,-,-,12.83,-,-,0.56,-,-,-,-,-,<a href='/cvdata/assets/datafiles/press/jgddhDH-press.txt' target='_blank'>PvsT</a>,-,-,-,-,-,-,-,-,-,-,-
320,15,1200,30,0.180-a,-,140,>4,D2,436,Sandia,#JEDDHDH,-,<a href= '/diesel-spray-combustion/experimental-diagnostics/lift-off-length/' target='_blank'>LO</a> ; <a href= '/diesel-spray-combustion/experimental-diagnostics/light-based-ignition-delay/' target='_blank'>ID</a>,-,-,-,-,-,-,-,-,-,1202,1139,-,-,-,30.3,31.6,10.46,1.022,-,-,-,-,-,-,150.46,-,-,-,-,-,-,-,-,<a href= '/diesel-spray-combustion/sandia-cv/injector-characterization/' target='_blank'>rate of injection</a>,-,-,6.5,-,-,56.9,-,-,-,-,-,-,-,-,-,-,-,-,0.051,-,-,-,-,9.7,-,-,0.2,-,-,-,-,-, <a href='/cvdata/assets/datafiles/press/jeddhDH-press.txt' target='_blank'>PvsT</a>,-,-,-,-,-,-,-,-,-,-,-
321,15,1300,30,0.180-a,-,140,>4,D2,436,Sandia,#JCDDHDH,-,<a href= '/diesel-spray-combustion/experimental-diagnostics/lift-off-length/' target='_blank'>LO</a> ; <a href= '/diesel-spray-combustion/experimental-diagnostics/light-based-ignition-delay/' target='_blank'>ID</a>,-,-,-,-,-,-,-,-,-,1303,1227,-,-,-,30.28,31.8,11.33,1.022,-,-,-,-,-,-,151.33,-,-,-,-,-,-,-,-,<a href= '/diesel-spray-combustion/sandia-cv/injector-characterization/' target='_blank'>rate of injection</a>,-,-,6.5,-,-,57,-,-,-,-,-,-,-,-,-,-,-,-,0.051,-,-,-,-,7.7,-,-,0.15,-,-,-,-,-, <a href='/cvdata/assets/datafiles/press/jcddhDH-press.txt' target='_blank'>PvsT</a>,-,-,-,-,-,-,-,-,-,-,-
322,15,800,58.5,0.180-a,-,140,>4,D2,436,Sandia,#JMEDHDH,-,<a href= '/diesel-spray-combustion/experimental-diagnostics/lift-off-length/' target='_blank'>LO</a> ; <a href= '/diesel-spray-combustion/experimental-diagnostics/light-based-ignition-delay/' target='_blank'>ID</a>,-,-,-,-,-,-,-,-,-,803,781,-,-,-,59.9,59.9,13.84,1.04,-,-,-,-,-,-,151.84,-,-,-,-,-,-,-,-,<a href= '/diesel-spray-combustion/sandia-cv/injector-characterization/' target='_blank'>rate of injection</a>,-,-,7,-,-,62,-,-,-,-,-,-,-,-,-,-,-,-,0.051,-,-,-,-,25.2,-,-,0.9,-,-,-,-,-, <a href='/cvdata/assets/datafiles/press/jmedhDH-press.txt' target='_blank'>PvsT</a>,-,-,-,-,-,-,-,-,-,-,-
323,15,900,58.5,0.180-a,-,140,>4,D2,436,Sandia,#JKEDHDHL,-,<a href= '/diesel-spray-combustion/experimental-diagnostics/lift-off-length/' target='_blank'>LO</a> ; <a href= '/diesel-spray-combustion/experimental-diagnostics/light-based-ignition-delay/' target='_blank'>ID</a>,-,15,-,O2 = 15.00;N2 = 75.15;CO2 = 6.22;H2O = 3.62;,-,29.24,897.1,0.6,&plusmn; 0.6,900,864.8,58.69,0.03,&plusmn; 0.03,59.27,60.88,15.62,1.044,-,-,-,-,-,<a href= '/diesel-spray-combustion/sandia-cv/combustion-vessel-geometry/' target='_blank'>Vesssel Geometry</a>,155.0;<a href= '/cvdata/assets/datafiles/fuelpress/JKEDHDH-fuelP.txt' target='_blank'>fuel pressure vs time</a>,1.5,&plusmn; 1.9,436,-,-,-,-,-,-,-,-,6.59,0,-,60.4,-,-,0.77,-,-,-,0.18,-,<a href='/diesel-spray-combustion/sandia-cv/combustion-vessel-geometry/1997-to-2009/1997-to-2007/' target='_blank'>Inj. Char.</a>,-,-,-,0.049,-,-,-,-,13.71,-,-,0.33,-,-,-,-,-,<a href='/cvdata/assets/datafiles/press/jkedhDH-press.txt' target='_blank'>PvsT</a>,-,-,-,-,-,-,-,-,-,-,-
324,15,1000,58.5,0.180-a,-,140,>4,D2,436,Sandia,#JIEDHDHL,-,<a href= '/diesel-spray-combustion/experimental-diagnostics/lift-off-length/' target='_blank'>LO</a> ; <a href= '/diesel-spray-combustion/experimental-diagnostics/light-based-ignition-delay/' target='_blank'>ID</a>,-,15,-,O2 = 15.00;N2 = 75.15;CO2 = 6.22;H2O = 3.62;,-,29.24,995.6,0,&plusmn; 0.0,998.4,950.3,58.72,0,&plusmn; 0.00,59.24,61.52,17.38,1.046,-,-,-,-,-,<a href= '/diesel-spray-combustion/sandia-cv/combustion-vessel-geometry/' target='_blank'>Vesssel Geometry</a>,155.7;<a href= '/cvdata/assets/datafiles/fuelpress/JIEDHDH-fuelP.txt' target='_blank'>fuel pressure vs time</a>,0,&plusmn; 0.4,436,-,-,-,-,-,-,-,-,5.47,0,-,50.36,-,-,0.77,-,-,-,0.18,-,<a href='/diesel-spray-combustion/sandia-cv/combustion-vessel-geometry/1997-to-2009/1997-to-2007/' target='_blank'>Inj. Char.</a>,-,-,-,0.048,-,-,-,-,10.66,-,-,0.3,-,-,-,-,-,<a href='/cvdata/assets/datafiles/press/jiedhDH-press.txt' target='_blank'>PvsT</a>,-,-,-,-,-,-,-,-,-,-,-
325,15,1100,58.5,0.180-a,-,140,>4,D2,436,Sandia,#JGEDHDH,-,<a href= '/diesel-spray-combustion/experimental-diagnostics/lift-off-length/' target='_blank'>LO</a> ; <a href= '/diesel-spray-combustion/experimental-diagnostics/light-based-ignition-delay/' target='_blank'>ID</a>,-,-,-,-,-,-,-,-,-,1100,1040,-,-,-,58.9,61.9,19.12,1.045,-,-,-,-,-,-,155.12,-,-,-,-,-,-,-,-,<a href= '/diesel-spray-combustion/sandia-cv/injector-characterization/' target='_blank'>rate of injection</a>,-,-,6.5,-,-,58.4,-,-,-,-,-,-,-,-,-,-,-,-,0.052,-,-,-,-,7.8,-,-,0.14,-,-,-,-,-, <a href='/cvdata/assets/datafiles/press/jgedhDH-press.txt' target='_blank'>PvsT</a>,-,-,-,-,-,-,-,-,-,-,-
326,15,1200,58.5,0.180-a,-,140,>4,D2,436,Sandia,#JEEDHDHL,-,<a href= '/diesel-spray-combustion/experimental-diagnostics/lift-off-length/' target='_blank'>LO</a> ; <a href= '/diesel-spray-combustion/experimental-diagnostics/light-based-ignition-delay/' target='_blank'>ID</a>,-,15,-,O2 = 15.00;N2 = 75.15;CO2 = 6.22;H2O = 3.62;,-,29.24,1167.1,0,&plusmn; 0.0,1169.6,1097.8,58.77,0,&plusmn; 0.00,59.2,62.48,20.45,1.049,-,-,-,-,-,<a href= '/diesel-spray-combustion/sandia-cv/combustion-vessel-geometry/' target='_blank'>Vesssel Geometry</a>,161.4;<a href= '/cvdata/assets/datafiles/fuelpress/JEEDHDH-fuelP.txt' target='_blank'>fuel pressure vs time</a>,0,&plusmn; 0.4,436,-,-,-,-,-,-,-,-,5.2,0,-,48.47,-,-,0.77,-,-,-,0.18,-,<a href='/diesel-spray-combustion/sandia-cv/combustion-vessel-geometry/1997-to-2009/1997-to-2007/' target='_blank'>Inj. Char.</a>,-,-,-,0.048,-,-,-,-,6.22,-,-,0.9,-,-,-,-,-,<a href='/cvdata/assets/datafiles/press/jeedhDH-press.txt' target='_blank'>PvsT</a>,-,-,-,-,-,-,-,-,-,-,-
327,15,1300,58.5,0.180-a,-,140,>4,D2,436,Sandia,#JCEDHDHL,-,<a href= '/diesel-spray-combustion/experimental-diagnostics/lift-off-length/' target='_blank'>LO</a> ; <a href= '/diesel-spray-combustion/experimental-diagnostics/light-based-ignition-delay/' target='_blank'>ID</a>,-,15,-,O2 = 15.00;N2 = 75.15;CO2 = 6.22;H2O = 3.62;,-,29.24,1283.6,0,&plusmn; 0.0,1286.1,1196.5,58.89,0,&plusmn; 0.00,59.28,63.18,22.57,1.05,-,-,-,-,-,<a href= '/diesel-spray-combustion/sandia-cv/combustion-vessel-geometry/' target='_blank'>Vesssel Geometry</a>,164.6;<a href= '/cvdata/assets/datafiles/fuelpress/JCEDHDH-fuelP.txt' target='_blank'>fuel pressure vs time</a>,0,&plusmn; 0.4,436,-,-,-,-,-,-,-,-,5.03,0,-,47.17,-,-,0.77,-,-,-,0.18,-,<a href='/diesel-spray-combustion/sandia-cv/combustion-vessel-geometry/1997-to-2009/1997-to-2007/' target='_blank'>Inj. Char.</a>,-,-,-,0.048,-,-,-,-,4.43,-,-,0.09,-,-,-,-,-,<a href='/cvdata/assets/datafiles/press/jcedhDH-press.txt' target='_blank'>PvsT</a>,-,-,-,-,-,-,-,-,-,-,-
328,17,1000,7.3,0.180-a,-,140,>4,D2,436,Sandia,#HIBDHDHL,-,<a href= '/diesel-spray-combustion/experimental-diagnostics/lift-off-length/' target='_blank'>LO</a> ; <a href= '/diesel-spray-combustion/experimental-diagnostics/light-based-ignition-delay/' target='_blank'>ID</a>,-,17,-,O2 = 17.00;N2 = 73.21;CO2 = 6.19;H2O = 3.60;,-,29.32,1000.2,1,&plusmn; 0.4,1027.7,974.6,7.26,0.01,&plusmn; 0.00,7.91,7.46,2.07,1.005,-,-,-,-,-,<a href= '/diesel-spray-combustion/sandia-cv/combustion-vessel-geometry/' target='_blank'>Vesssel Geometry</a>,140.9;<a href= '/cvdata/assets/datafiles/fuelpress/HIBDHDH-fuelP.txt' target='_blank'>fuel pressure vs time</a>,0.4,&plusmn; 0.6,436,-,-,-,-,-,-,-,-,7.42,0.06,-,64.9,-,-,0.77,-,-,-,0.18,-,<a href='/diesel-spray-combustion/sandia-cv/combustion-vessel-geometry/1997-to-2009/1997-to-2007/' target='_blank'>Inj. Char.</a>,-,-,-,0.051,-,-,-,-,46.54,-,-,1.82,-,-,-,-,-,<a href='/cvdata/assets/datafiles/press/hibdhDH-press.txt' target='_blank'>PvsT</a>,-,-,-,-,-,-,-,-,-,-,-
329,17,1100,7.3,0.180-a,-,140,4,D2,436,Sandia,#HGBDHDHL,-,<a href= '/diesel-spray-combustion/experimental-diagnostics/lift-off-length/' target='_blank'>LO</a> ; <a href= '/diesel-spray-combustion/experimental-diagnostics/light-based-ignition-delay/' target='_blank'>ID</a>,-,17,-,O2 = 17.00;N2 = 73.21;CO2 = 6.19;H2O = 3.60;,-,29.32,1096.7,0.5,&plusmn; 0.2,1115.9,1063.9,7.27,0,&plusmn; 0.00,7.69,7.5,2.27,1.005,-,-,-,-,-,<a href= '/diesel-spray-combustion/sandia-cv/combustion-vessel-geometry/' target='_blank'>Vesssel Geometry</a>,140.4;<a href= '/cvdata/assets/datafiles/fuelpress/HGBDHDH-fuelP.txt' target='_blank'>fuel pressure vs time</a>,0.3,&plusmn; 0.5,436,-,-,-,-,-,-,-,-,6.41,0.06,-,56.08,-,-,0.77,-,-,-,0.18,-,<a href='/diesel-spray-combustion/sandia-cv/combustion-vessel-geometry/1997-to-2009/1997-to-2007/' target='_blank'>Inj. Char.</a>,-,-,-,0.051,-,-,-,-,33.84,-,-,1.18,-,-,-,-,-,<a href='/cvdata/assets/datafiles/press/hgbdhDH-press.txt' target='_blank'>PvsT</a>,-,-,-,-,-,-,-,-,-,-,-
330,17,1200,7.3,0.180-a,-,140,4,D2,436,Sandia,#HEBDHDHL,-,<a href= '/diesel-spray-combustion/experimental-diagnostics/lift-off-length/' target='_blank'>LO</a> ; <a href= '/diesel-spray-combustion/experimental-diagnostics/light-based-ignition-delay/' target='_blank'>ID</a>,-,17,-,O2 = 17.00;N2 = 73.21;CO2 = 6.19;H2O = 3.60;,-,29.32,1199.6,1.2,&plusmn; 0.5,1218.2,1158.3,7.27,0.01,&plusmn; 0.00,7.65,7.53,2.49,1.005,-,-,-,-,-,<a href= '/diesel-spray-combustion/sandia-cv/combustion-vessel-geometry/' target='_blank'>Vesssel Geometry</a>,139.6;<a href= '/cvdata/assets/datafiles/fuelpress/HEBDHDH-fuelP.txt' target='_blank'>fuel pressure vs time</a>,0.5,&plusmn; 0.6,436,-,-,-,-,-,-,-,-,6.37,0.05,-,55.83,-,-,0.77,-,-,-,0.18,-,<a href='/diesel-spray-combustion/sandia-cv/combustion-vessel-geometry/1997-to-2009/1997-to-2007/' target='_blank'>Inj. Char.</a>,-,-,-,0.051,-,-,-,-,25.4,-,-,0.73,-,-,-,-,-,<a href='/cvdata/assets/datafiles/press/hebdhDH-press.txt' target='_blank'>PvsT</a>,-,-,-,-,-,-,-,-,-,-,-
331,17,1300,7.3,0.180-a,-,140,3.5,D2,436,Sandia,#HCBDHDHL,-,<a href= '/diesel-spray-combustion/experimental-diagnostics/lift-off-length/' target='_blank'>LO</a> ; <a href= '/diesel-spray-combustion/experimental-diagnostics/light-based-ignition-delay/' target='_blank'>ID</a>,-,17,-,O2 = 17.00;N2 = 73.21;CO2 = 6.19;H2O = 3.60;,-,29.32,1299.1,1.4,&plusmn; 0.6,1310.2,1248.9,7.27,0.01,&plusmn; 0.00,7.48,7.56,2.69,1.005,-,-,-,-,-,<a href= '/diesel-spray-combustion/sandia-cv/combustion-vessel-geometry/' target='_blank'>Vesssel Geometry</a>,140.6;<a href= '/cvdata/assets/datafiles/fuelpress/HCBDHDH-fuelP.txt' target='_blank'>fuel pressure vs time</a>,0.4,&plusmn; 0.6,436,-,-,-,-,-,-,-,-,5.75,0.08,-,50.4,-,-,0.77,-,-,-,0.18,-,<a href='/diesel-spray-combustion/sandia-cv/combustion-vessel-geometry/1997-to-2009/1997-to-2007/' target='_blank'>Inj. Char.</a>,-,-,-,0.051,-,-,-,-,19.55,-,-,0.42,-,-,-,-,-,<a href='/cvdata/assets/datafiles/press/hcbdhDH-press.txt' target='_blank'>PvsT</a>,-,-,-,-,-,-,-,-,-,-,-
332,17,850,14.8,0.180-a,-,140,4,D2,436,Sandia,#HLCDHDHL,-,<a href= '/diesel-spray-combustion/experimental-diagnostics/lift-off-length/' target='_blank'>LO</a> ; <a href= '/diesel-spray-combustion/experimental-diagnostics/light-based-ignition-delay/' target='_blank'>ID</a>,-,17,-,O2 = 17.00;N2 = 73.21;CO2 = 6.19;H2O = 3.60;,-,29.32,850.7,0.8,&plusmn; 0.3,861.2,830.5,14.79,0.02,&plusmn; 0.01,15.36,15.15,3.6,1.009,-,-,-,-,-,<a href= '/diesel-spray-combustion/sandia-cv/combustion-vessel-geometry/' target='_blank'>Vesssel Geometry</a>,139.8;<a href= '/cvdata/assets/datafiles/fuelpress/HLCDHDH-fuelP.txt' target='_blank'>fuel pressure vs time</a>,0.5,&plusmn; 0.6,436,-,-,-,-,-,-,-,-,6.37,0.03,-,56.05,-,-,0.77,-,-,-,0.18,-,<a href='/diesel-spray-combustion/sandia-cv/combustion-vessel-geometry/1997-to-2009/1997-to-2007/' target='_blank'>Inj. Char.</a>,-,-,-,0.051,-,-,-,-,48.68,-,-,1.37,-,-,-,-,-,<a href='/cvdata/assets/datafiles/press/hlcdhDH-press.txt' target='_blank'>PvsT</a>,-,-,-,-,-,-,-,-,-,-,-
333,17,900,14.8,0.180-a,-,140,4,D2,436,Sandia,#HKCDHDHL,-,<a href= '/diesel-spray-combustion/experimental-diagnostics/lift-off-length/' target='_blank'>LO</a> ; <a href= '/diesel-spray-combustion/experimental-diagnostics/light-based-ignition-delay/' target='_blank'>ID</a>,-,17,-,O2 = 17.00;N2 = 73.21;CO2 = 6.19;H2O = 3.60;,-,29.32,900.5,0.7,&plusmn; 0.3,911.2,876,14.8,0.01,&plusmn; 0.00,15.35,15.22,3.81,1.009,-,-,-,-,-,<a href= '/diesel-spray-combustion/sandia-cv/combustion-vessel-geometry/' target='_blank'>Vesssel Geometry</a>,140.1;<a href= '/cvdata/assets/datafiles/fuelpress/HKCDHDH-fuelP.txt' target='_blank'>fuel pressure vs time</a>,0.5,&plusmn; 0.6,436,-,-,-,-,-,-,-,-,6.38,0.03,-,56.17,-,-,0.77,-,-,-,0.18,-,<a href='/diesel-spray-combustion/sandia-cv/combustion-vessel-geometry/1997-to-2009/1997-to-2007/' target='_blank'>Inj. Char.</a>,-,-,-,0.051,-,-,-,-,39.06,-,-,1.01,-,-,-,-,-,<a href='/cvdata/assets/datafiles/press/hkcdhDH-press.txt' target='_blank'>PvsT</a>,-,-,-,-,-,-,-,-,-,-,-
334,17,1000,14.8,0.180-a,-,140,3.5,D2,436,Sandia,#HICDHDHL,-,<a href= '/diesel-spray-combustion/experimental-diagnostics/lift-off-length/' target='_blank'>LO</a> ; <a href= '/diesel-spray-combustion/experimental-diagnostics/light-based-ignition-delay/' target='_blank'>ID</a>,-,17,-,O2 = 17.00;N2 = 73.21;CO2 = 6.19;H2O = 3.60;,-,29.32,1003.3,5.4,&plusmn; 0.5,1009.7,969.9,14.77,0.08,&plusmn; 0.01,15.07,15.27,4.24,1.01,-,-,-,-,-,<a href= '/diesel-spray-combustion/sandia-cv/combustion-vessel-geometry/' target='_blank'>Vesssel Geometry</a>,141.5;<a href= '/cvdata/assets/datafiles/fuelpress/HICDHDH-fuelP.txt' target='_blank'>fuel pressure vs time</a>,1.7,&plusmn; 0.6,436,-,-,-,-,-,-,-,-,5.52,0.14,-,48.63,-,-,0.77,-,-,-,0.18,-,<a href='/diesel-spray-combustion/sandia-cv/combustion-vessel-geometry/1997-to-2009/1997-to-2007/' target='_blank'>Inj. Char.</a>,-,-,-,0.051,-,-,-,-,26.86,-,-,0.63,-,-,-,-,-,<a href='/cvdata/assets/datafiles/press/hicdhDH-press.txt' target='_blank'>PvsT</a>,-,-,-,-,-,-,-,-,-,-,-
335,17,1100,14.8,0.180-a,-,140,3.5,D2,436,Sandia,#HGCDHDHL,-,<a href= '/diesel-spray-combustion/experimental-diagnostics/lift-off-length/' target='_blank'>LO</a> ; <a href= '/diesel-spray-combustion/experimental-diagnostics/light-based-ignition-delay/' target='_blank'>ID</a>,-,17,-,O2 = 17.00;N2 = 73.21;CO2 = 6.19;H2O = 3.60;,-,29.32,1101.7,0.7,&plusmn; 0.3,1108.2,1059.6,14.79,0.01,&plusmn; 0.00,15.07,15.38,4.67,1.01,-,-,-,-,-,<a href= '/diesel-spray-combustion/sandia-cv/combustion-vessel-geometry/' target='_blank'>Vesssel Geometry</a>,140.6;<a href= '/cvdata/assets/datafiles/fuelpress/HGCDHDH-fuelP.txt' target='_blank'>fuel pressure vs time</a>,0.2,&plusmn; 0.5,436,-,-,-,-,-,-,-,-,5.8,0.05,-,51.17,-,-,0.77,-,-,-,0.18,-,<a href='/diesel-spray-combustion/sandia-cv/combustion-vessel-geometry/1997-to-2009/1997-to-2007/' target='_blank'>Inj. Char.</a>,-,-,-,0.05,-,-,-,-,20.69,-,-,0.45,-,-,-,-,-,<a href='/cvdata/assets/datafiles/press/hgcdhDH-press.txt' target='_blank'>PvsT</a>,-,-,-,-,-,-,-,-,-,-,-
336,17,1200,14.8,0.180-a,-,130,3.5,D2,436,Sandia,#HECDHDHL,-,<a href= '/diesel-spray-combustion/experimental-diagnostics/lift-off-length/' target='_blank'>LO</a> ; <a href= '/diesel-spray-combustion/experimental-diagnostics/light-based-ignition-delay/' target='_blank'>ID</a>,-,17,-,O2 = 17.00;N2 = 73.21;CO2 = 6.19;H2O = 3.60;,-,29.32,1199.7,0.8,&plusmn; 0.3,1206,1147.9,14.79,0.01,&plusmn; 0.00,15.05,15.46,5.08,1.01,-,-,-,-,-,<a href= '/diesel-spray-combustion/sandia-cv/combustion-vessel-geometry/' target='_blank'>Vesssel Geometry</a>,140.6;<a href= '/cvdata/assets/datafiles/fuelpress/HECDHDH-fuelP.txt' target='_blank'>fuel pressure vs time</a>,0.2,&plusmn; 0.5,436,-,-,-,-,-,-,-,-,5.95,0.27,-,52.61,-,-,0.77,-,-,-,0.18,-,<a href='/diesel-spray-combustion/sandia-cv/combustion-vessel-geometry/1997-to-2009/1997-to-2007/' target='_blank'>Inj. Char.</a>,-,-,-,0.05,-,-,-,-,15.15,-,-,0.35,-,-,-,-,-,<a href='/cvdata/assets/datafiles/press/hecdhDH-press.txt' target='_blank'>PvsT</a>,-,-,-,-,-,-,-,-,-,-,-
337,17,1300,14.8,0.180-a,-,130,3.5,D2,436,Sandia,#HCCDHDHL,-,<a href= '/diesel-spray-combustion/experimental-diagnostics/lift-off-length/' target='_blank'>LO</a> ; <a href= '/diesel-spray-combustion/experimental-diagnostics/light-based-ignition-delay/' target='_blank'>ID</a>,-,17,-,O2 = 17.00;N2 = 73.21;CO2 = 6.19;H2O = 3.60;,-,29.32,1299.8,1,&plusmn; 0.6,1306,1236.7,14.8,0.01,&plusmn; 0.01,15.04,15.55,5.51,1.011,-,-,-,-,-,<a href= '/diesel-spray-combustion/sandia-cv/combustion-vessel-geometry/' target='_blank'>Vesssel Geometry</a>,140.4;<a href= '/cvdata/assets/datafiles/fuelpress/HCCDHDH-fuelP.txt' target='_blank'>fuel pressure vs time</a>,0.1,&plusmn; 0.4,436,-,-,-,-,-,-,-,-,5.65,0.3,-,50.02,-,-,0.77,-,-,-,0.18,-,<a href='/diesel-spray-combustion/sandia-cv/combustion-vessel-geometry/1997-to-2009/1997-to-2007/' target='_blank'>Inj. Char.</a>,-,-,-,0.05,-,-,-,-,12.11,-,-,0.28,-,-,-,-,-,<a href='/cvdata/assets/datafiles/press/hccdhDH-press.txt' target='_blank'>PvsT</a>,-,-,-,-,-,-,-,-,-,-,-
338,17,800,30,0.180-a,-,140,4,D2,436,Sandia,#HMDDHDHL,-,<a href= '/diesel-spray-combustion/experimental-diagnostics/lift-off-length/' target='_blank'>LO</a> ; <a href= '/diesel-spray-combustion/experimental-diagnostics/light-based-ignition-delay/' target='_blank'>ID</a>,-,17,-,O2 = 17.00;N2 = 73.21;CO2 = 6.19;H2O = 3.60;,-,29.32,802.9,1.8,&plusmn; 1.2,809.1,784.2,29.94,0.06,&plusmn; 0.04,30.64,30.65,6.94,1.019,-,-,-,-,-,<a href= '/diesel-spray-combustion/sandia-cv/combustion-vessel-geometry/' target='_blank'>Vesssel Geometry</a>,146.5;<a href= '/cvdata/assets/datafiles/fuelpress/HMDDHDH-fuelP.txt' target='_blank'>fuel pressure vs time</a>,2.1,&plusmn; 1.8,436,-,-,-,-,-,-,-,-,6.22,0.16,-,55.32,-,-,0.77,-,-,-,0.18,-,<a href='/diesel-spray-combustion/sandia-cv/combustion-vessel-geometry/1997-to-2009/1997-to-2007/' target='_blank'>Inj. Char.</a>,-,-,-,0.05,-,-,-,-,36.79,-,-,1.03,-,-,-,-,-,<a href='/cvdata/assets/datafiles/press/hmddhDH-press.txt' target='_blank'>PvsT</a>,-,-,-,-,-,-,-,-,-,-,-
339,17,900,30,0.180-a,-,140,3.5,D2,436,Sandia,#HKDDHDHL,-,<a href= '/diesel-spray-combustion/experimental-diagnostics/lift-off-length/' target='_blank'>LO</a> ; <a href= '/diesel-spray-combustion/experimental-diagnostics/light-based-ignition-delay/' target='_blank'>ID</a>,-,17,-,O2 = 17.00;N2 = 73.21;CO2 = 6.19;H2O = 3.60;,-,29.32,897.2,1.4,&plusmn; 0.9,901,869.4,30.12,0.05,&plusmn; 0.03,30.52,31.09,7.82,1.02,-,-,-,-,-,<a href= '/diesel-spray-combustion/sandia-cv/combustion-vessel-geometry/' target='_blank'>Vesssel Geometry</a>,147.3;<a href= '/cvdata/assets/datafiles/fuelpress/HKDDHDH-fuelP.txt' target='_blank'>fuel pressure vs time</a>,0.1,&plusmn; 0.4,436,-,-,-,-,-,-,-,-,5.71,0.1,-,50.99,-,-,0.77,-,-,-,0.18,-,<a href='/diesel-spray-combustion/sandia-cv/combustion-vessel-geometry/1997-to-2009/1997-to-2007/' target='_blank'>Inj. Char.</a>,-,-,-,0.05,-,-,-,-,21.83,-,-,0.48,-,-,-,-,-,<a href='/cvdata/assets/datafiles/press/hkddhDH-press.txt' target='_blank'>PvsT</a>,-,-,-,-,-,-,-,-,-,-,-
340,17,1000,30,0.180-a,-,140,>4,D2,436,Sandia,#HIDDHDH,-,<a href= '/diesel-spray-combustion/experimental-diagnostics/lift-off-length/' target='_blank'>LO</a> ; <a href= '/diesel-spray-combustion/experimental-diagnostics/light-based-ignition-delay/' target='_blank'>ID</a>,-,-,-,-,-,-,-,-,-,1001,962,-,-,-,30.47,31.2,8.68,1.021,-,-,-,-,-,-,146.68,-,-,-,-,-,-,-,-,<a href= '/diesel-spray-combustion/sandia-cv/injector-characterization/' target='_blank'>rate of injection</a>,-,-,6,-,-,51.9,-,-,-,-,-,-,-,-,-,-,-,-,0.051,-,-,-,-,15.2,-,-,0.29,-,-,-,-,-, <a href='/cvdata/assets/datafiles/press/hiddhDH-press.txt' target='_blank'>PvsT</a>,-,-,-,-,-,-,-,-,-,-,-
341,17,1100,30,0.180-a,-,140,3.5,D2,436,Sandia,#HGDDHDHL,-,<a href= '/diesel-spray-combustion/experimental-diagnostics/lift-off-length/' target='_blank'>LO</a> ; <a href= '/diesel-spray-combustion/experimental-diagnostics/light-based-ignition-delay/' target='_blank'>ID</a>,-,17,-,O2 = 17.00;N2 = 73.21;CO2 = 6.19;H2O = 3.60;,-,29.32,1098.3,3,&plusmn; 2.0,1101.9,1049.4,30.09,0.08,&plusmn; 0.05,30.41,31.49,9.57,1.022,-,-,-,-,-,<a href= '/diesel-spray-combustion/sandia-cv/combustion-vessel-geometry/' target='_blank'>Vesssel Geometry</a>,151.0;<a href= '/cvdata/assets/datafiles/fuelpress/HGDDHDH-fuelP.txt' target='_blank'>fuel pressure vs time</a>,2.4,&plusmn; 2.0,436,-,-,-,-,-,-,-,-,6.14,0.32,-,55.11,-,-,0.77,-,-,-,0.18,-,<a href='/diesel-spray-combustion/sandia-cv/combustion-vessel-geometry/1997-to-2009/1997-to-2007/' target='_blank'>Inj. Char.</a>,-,-,-,0.05,-,-,-,-,11.5,-,-,0.44,-,-,-,-,-,<a href='/cvdata/assets/datafiles/press/hgddhDH-press.txt' target='_blank'>PvsT</a>,-,-,-,-,-,-,-,-,-,-,-
342,17,1200,30,0.180-a,-,140,3.5,D2,436,Sandia,#HEDDHDHL,-,<a href= '/diesel-spray-combustion/experimental-diagnostics/lift-off-length/' target='_blank'>LO</a> ; <a href= '/diesel-spray-combustion/experimental-diagnostics/light-based-ignition-delay/' target='_blank'>ID</a>,-,17,-,O2 = 17.00;N2 = 73.21;CO2 = 6.19;H2O = 3.60;,-,29.32,1199,0.1,&plusmn; 0.1,1202.6,1138.9,30.05,0,&plusmn; 0.00,30.35,31.64,10.45,1.022,-,-,-,-,-,<a href= '/diesel-spray-combustion/sandia-cv/combustion-vessel-geometry/' target='_blank'>Vesssel Geometry</a>,150.6;<a href= '/cvdata/assets/datafiles/fuelpress/HEDDHDH-fuelP.txt' target='_blank'>fuel pressure vs time</a>,2.9,&plusmn; 3.3,436,-,-,-,-,-,-,-,-,6.13,0.25,-,55.16,-,-,0.77,-,-,-,0.18,-,<a href='/diesel-spray-combustion/sandia-cv/combustion-vessel-geometry/1997-to-2009/1997-to-2007/' target='_blank'>Inj. Char.</a>,-,-,-,0.049,-,-,-,-,7.91,-,-,0.6,-,-,-,-,-,<a href='/cvdata/assets/datafiles/press/heddhDH-press.txt' target='_blank'>PvsT</a>,-,-,-,-,-,-,-,-,-,-,-
343,17,1300,30,0.180-a,-,140,3.5,D2,436,Sandia,#HCDDHDHL,-,<a href= '/diesel-spray-combustion/experimental-diagnostics/lift-off-length/' target='_blank'>LO</a> ; <a href= '/diesel-spray-combustion/experimental-diagnostics/light-based-ignition-delay/' target='_blank'>ID</a>,-,17,-,O2 = 17.00;N2 = 73.21;CO2 = 6.19;H2O = 3.60;,-,29.32,1297.7,0.8,&plusmn; 0.8,1301.2,1225,30.06,0.01,&plusmn; 0.01,30.33,31.85,11.32,1.023,-,-,-,-,-,<a href= '/diesel-spray-combustion/sandia-cv/combustion-vessel-geometry/' target='_blank'>Vesssel Geometry</a>,150.2;<a href= '/cvdata/assets/datafiles/fuelpress/HCDDHDH-fuelP.txt' target='_blank'>fuel pressure vs time</a>,3.3,&plusmn; 3.7,436,-,-,-,-,-,-,-,-,5.83,0.07,-,52.61,-,-,0.77,-,-,-,0.18,-,<a href='/diesel-spray-combustion/sandia-cv/combustion-vessel-geometry/1997-to-2009/1997-to-2007/' target='_blank'>Inj. Char.</a>,-,-,-,0.049,-,-,-,-,6.27,-,-,0.67,-,-,-,-,-,<a href='/cvdata/assets/datafiles/press/hcddhDH-press.txt' target='_blank'>PvsT</a>,-,-,-,-,-,-,-,-,-,-,-
344,19,1000,7.3,0.180-a,-,140,>4,D2,436,Sandia,#FIBDHDHL,-,<a href= '/diesel-spray-combustion/experimental-diagnostics/lift-off-length/' target='_blank'>LO</a> ; <a href= '/diesel-spray-combustion/experimental-diagnostics/light-based-ignition-delay/' target='_blank'>ID</a>,-,19,-,O2 = 19.00;N2 = 71.27;CO2 = 6.15;H2O = 3.58;,-,29.4,1003.7,1.6,&plusmn; 0.6,1032.3,977.8,7.26,0.01,&plusmn; 0.00,7.93,7.45,2.07,1.005,-,-,-,-,-,<a href= '/diesel-spray-combustion/sandia-cv/combustion-vessel-geometry/' target='_blank'>Vesssel Geometry</a>,141.0;<a href= '/cvdata/assets/datafiles/fuelpress/FIBDHDH-fuelP.txt' target='_blank'>fuel pressure vs time</a>,0.3,&plusmn; 0.5,436,-,-,-,-,-,-,-,-,7.4,0.08,-,64.69,-,-,0.77,-,-,-,0.18,-,<a href='/diesel-spray-combustion/sandia-cv/combustion-vessel-geometry/1997-to-2009/1997-to-2007/' target='_blank'>Inj. Char.</a>,-,-,-,0.051,-,-,-,-,41.19,-,-,1.63,-,-,-,-,-,<a href='/cvdata/assets/datafiles/press/fibdhDH-press.txt' target='_blank'>PvsT</a>,-,-,-,-,-,-,-,-,-,-,-
345,19,1100,7.3,0.180-a,-,140,4,D2,436,Sandia,#FGBDHDHL,-,<a href= '/diesel-spray-combustion/experimental-diagnostics/lift-off-length/' target='_blank'>LO</a> ; <a href= '/diesel-spray-combustion/experimental-diagnostics/light-based-ignition-delay/' target='_blank'>ID</a>,-,19,-,O2 = 19.00;N2 = 71.27;CO2 = 6.15;H2O = 3.58;,-,29.4,1099.1,1.7,&plusmn; 0.7,1118.9,1065.9,7.28,0.01,&plusmn; 0.00,7.71,7.5,2.27,1.005,-,-,-,-,-,<a href= '/diesel-spray-combustion/sandia-cv/combustion-vessel-geometry/' target='_blank'>Vesssel Geometry</a>,140.6;<a href= '/cvdata/assets/datafiles/fuelpress/FGBDHDH-fuelP.txt' target='_blank'>fuel pressure vs time</a>,0.6,&plusmn; 0.6,436,-,-,-,-,-,-,-,-,6.25,0.08,-,54.69,-,-,0.77,-,-,-,0.18,-,<a href='/diesel-spray-combustion/sandia-cv/combustion-vessel-geometry/1997-to-2009/1997-to-2007/' target='_blank'>Inj. Char.</a>,-,-,-,0.051,-,-,-,-,29.96,-,-,1.1,-,-,-,-,-,<a href='/cvdata/assets/datafiles/press/fgbdhDH-press.txt' target='_blank'>PvsT</a>,-,-,-,-,-,-,-,-,-,-,-
346,19,1200,7.3,0.180-a,-,140,4,D2,436,Sandia,#FEBDHDHL,-,<a href= '/diesel-spray-combustion/experimental-diagnostics/lift-off-length/' target='_blank'>LO</a> ; <a href= '/diesel-spray-combustion/experimental-diagnostics/light-based-ignition-delay/' target='_blank'>ID</a>,-,19,-,O2 = 19.00;N2 = 71.27;CO2 = 6.15;H2O = 3.58;,-,29.4,1199.8,1.1,&plusmn; 0.4,1219.1,1158.3,7.27,0.01,&plusmn; 0.00,7.66,7.53,2.48,1.005,-,-,-,-,-,<a href= '/diesel-spray-combustion/sandia-cv/combustion-vessel-geometry/' target='_blank'>Vesssel Geometry</a>,140.4;<a href= '/cvdata/assets/datafiles/fuelpress/FEBDHDH-fuelP.txt' target='_blank'>fuel pressure vs time</a>,0.6,&plusmn; 0.6,436,-,-,-,-,-,-,-,-,6.32,0.06,-,55.32,-,-,0.77,-,-,-,0.18,-,<a href='/diesel-spray-combustion/sandia-cv/combustion-vessel-geometry/1997-to-2009/1997-to-2007/' target='_blank'>Inj. Char.</a>,-,-,-,0.051,-,-,-,-,22.68,-,-,0.65,-,-,-,-,-,<a href='/cvdata/assets/datafiles/press/febdhDH-press.txt' target='_blank'>PvsT</a>,-,-,-,-,-,-,-,-,-,-,-
347,19,1300,7.3,0.180-a,-,140,4,D2,436,Sandia,#FCBDHDHL,-,<a href= '/diesel-spray-combustion/experimental-diagnostics/lift-off-length/' target='_blank'>LO</a> ; <a href= '/diesel-spray-combustion/experimental-diagnostics/light-based-ignition-delay/' target='_blank'>ID</a>,-,19,-,O2 = 19.00;N2 = 71.27;CO2 = 6.15;H2O = 3.58;,-,29.4,1299.2,1.5,&plusmn; 0.6,1317.9,1248.7,7.27,0.01,&plusmn; 0.00,7.63,7.56,2.68,1.005,-,-,-,-,-,<a href= '/diesel-spray-combustion/sandia-cv/combustion-vessel-geometry/' target='_blank'>Vesssel Geometry</a>,140.8;<a href= '/cvdata/assets/datafiles/fuelpress/FCBDHDH-fuelP.txt' target='_blank'>fuel pressure vs time</a>,0.5,&plusmn; 0.6,436,-,-,-,-,-,-,-,-,6.34,0.04,-,55.57,-,-,0.77,-,-,-,0.18,-,<a href='/diesel-spray-combustion/sandia-cv/combustion-vessel-geometry/1997-to-2009/1997-to-2007/' target='_blank'>Inj. Char.</a>,-,-,-,0.051,-,-,-,-,16.61,-,-,0.37,-,-,-,-,-,<a href='/cvdata/assets/datafiles/press/fcbdhDH-press.txt' target='_blank'>PvsT</a>,-,-,-,-,-,-,-,-,-,-,-
348,19,850,14.8,0.180-a,-,140,4,D2,436,Sandia,#FLCDHDHL,-,<a href= '/diesel-spray-combustion/experimental-diagnostics/lift-off-length/' target='_blank'>LO</a> ; <a href= '/diesel-spray-combustion/experimental-diagnostics/light-based-ignition-delay/' target='_blank'>ID</a>,-,19,-,O2 = 19.00;N2 = 71.27;CO2 = 6.15;H2O = 3.58;,-,29.4,850.9,0.6,&plusmn; 0.2,862,830.5,14.8,0.01,&plusmn; 0.00,15.4,15.16,3.59,1.009,-,-,-,-,-,<a href= '/diesel-spray-combustion/sandia-cv/combustion-vessel-geometry/' target='_blank'>Vesssel Geometry</a>,140.6;<a href= '/cvdata/assets/datafiles/fuelpress/FLCDHDH-fuelP.txt' target='_blank'>fuel pressure vs time</a>,0.4,&plusmn; 0.5,436,-,-,-,-,-,-,-,-,6.17,0.21,-,54.27,-,-,0.77,-,-,-,0.18,-,<a href='/diesel-spray-combustion/sandia-cv/combustion-vessel-geometry/1997-to-2009/1997-to-2007/' target='_blank'>Inj. Char.</a>,-,-,-,0.051,-,-,-,-,47.52,-,-,1.23,-,-,-,-,-,<a href='/cvdata/assets/datafiles/press/flcdhDH-press.txt' target='_blank'>PvsT</a>,-,-,-,-,-,-,-,-,-,-,-
349,19,900,14.8,0.180-a,-,140,>4,D2,436,Sandia,#FKCDHDH,-,<a href= '/diesel-spray-combustion/experimental-diagnostics/lift-off-length/' target='_blank'>LO</a> ; <a href= '/diesel-spray-combustion/experimental-diagnostics/light-based-ignition-delay/' target='_blank'>ID</a>,-,-,-,-,-,-,-,-,-,912,876,-,-,-,15.39,15.2,3.8,1.009,-,-,-,-,-,-,138.8,-,-,-,-,-,-,-,-,<a href= '/diesel-spray-combustion/sandia-cv/injector-characterization/' target='_blank'>rate of injection</a>,-,-,6.5,-,-,55.6,-,-,-,-,-,-,-,-,-,-,-,-,0.052,-,-,-,-,32.1,-,-,0.91,-,-,-,-,-, <a href='/cvdata/assets/datafiles/press/fkcdhDH-press.txt' target='_blank'>PvsT</a>,-,-,-,-,-,-,-,-,-,-,-
350,19,1000,14.8,0.180-a,-,140,3.5,D2,436,Sandia,#FICDHDHL,-,<a href= '/diesel-spray-combustion/experimental-diagnostics/lift-off-length/' target='_blank'>LO</a> ; <a href= '/diesel-spray-combustion/experimental-diagnostics/light-based-ignition-delay/' target='_blank'>ID</a>,-,19,-,O2 = 19.00;N2 = 71.27;CO2 = 6.15;H2O = 3.58;,-,29.4,1002.9,2.4,&plusmn; 0.3,1009.8,969.7,14.78,0.03,&plusmn; 0.00,15.1,15.29,4.23,1.01,-,-,-,-,-,<a href= '/diesel-spray-combustion/sandia-cv/combustion-vessel-geometry/' target='_blank'>Vesssel Geometry</a>,142.3;<a href= '/cvdata/assets/datafiles/fuelpress/FICDHDH-fuelP.txt' target='_blank'>fuel pressure vs time</a>,2.1,&plusmn; 0.7,436,-,-,-,-,-,-,-,-,5.48,0.13,-,48.29,-,-,0.77,-,-,-,0.18,-,<a href='/diesel-spray-combustion/sandia-cv/combustion-vessel-geometry/1997-to-2009/1997-to-2007/' target='_blank'>Inj. Char.</a>,-,-,-,0.051,-,-,-,-,24.41,-,-,0.57,-,-,-,-,-,<a href='/cvdata/assets/datafiles/press/ficdhDH-press.txt' target='_blank'>PvsT</a>,-,-,-,-,-,-,-,-,-,-,-
351,19,1100,14.8,0.180-a,-,140,3.5,D2,436,Sandia,#FGCDHDHL,-,<a href= '/diesel-spray-combustion/experimental-diagnostics/lift-off-length/' target='_blank'>LO</a> ; <a href= '/diesel-spray-combustion/experimental-diagnostics/light-based-ignition-delay/' target='_blank'>ID</a>,-,19,-,O2 = 19.00;N2 = 71.27;CO2 = 6.15;H2O = 3.58;,-,29.4,1099.1,1.7,&plusmn; 0.7,1105.9,1057,14.81,0.02,&plusmn; 0.01,15.11,15.4,4.65,1.01,-,-,-,-,-,<a href= '/diesel-spray-combustion/sandia-cv/combustion-vessel-geometry/' target='_blank'>Vesssel Geometry</a>,141.0;<a href= '/cvdata/assets/datafiles/fuelpress/FGCDHDH-fuelP.txt' target='_blank'>fuel pressure vs time</a>,2.3,&plusmn; 1.3,436,-,-,-,-,-,-,-,-,5.74,0.04,-,50.66,-,-,0.77,-,-,-,0.18,-,<a href='/diesel-spray-combustion/sandia-cv/combustion-vessel-geometry/1997-to-2009/1997-to-2007/' target='_blank'>Inj. Char.</a>,-,-,-,0.05,-,-,-,-,18.49,-,-,0.41,-,-,-,-,-,<a href='/cvdata/assets/datafiles/press/fgcdhDH-press.txt' target='_blank'>PvsT</a>,-,-,-,-,-,-,-,-,-,-,-
352,19,1200,14.8,0.180-a,-,140,3.5,D2,436,Sandia,#FECDHDHL,-,<a href= '/diesel-spray-combustion/experimental-diagnostics/lift-off-length/' target='_blank'>LO</a> ; <a href= '/diesel-spray-combustion/experimental-diagnostics/light-based-ignition-delay/' target='_blank'>ID</a>,-,19,-,O2 = 19.00;N2 = 71.27;CO2 = 6.15;H2O = 3.58;,-,29.4,1200.6,1.3,&plusmn; 0.5,1207.3,1148.3,14.8,0.01,&plusmn; 0.01,15.08,15.47,5.08,1.01,-,-,-,-,-,<a href= '/diesel-spray-combustion/sandia-cv/combustion-vessel-geometry/' target='_blank'>Vesssel Geometry</a>,141.7;<a href= '/cvdata/assets/datafiles/fuelpress/FECDHDH-fuelP.txt' target='_blank'>fuel pressure vs time</a>,1.7,&plusmn; 1.1,436,-,-,-,-,-,-,-,-,5.7,0.04,-,50.4,-,-,0.77,-,-,-,0.18,-,<a href='/diesel-spray-combustion/sandia-cv/combustion-vessel-geometry/1997-to-2009/1997-to-2007/' target='_blank'>Inj. Char.</a>,-,-,-,0.05,-,-,-,-,13.56,-,-,0.3,-,-,-,-,-,<a href='/cvdata/assets/datafiles/press/fecdhDH-press.txt' target='_blank'>PvsT</a>,-,-,-,-,-,-,-,-,-,-,-
353,19,1300,14.8,0.180-a,-,140,3.5,D2,436,Sandia,#FCCDHDHL,-,<a href= '/diesel-spray-combustion/experimental-diagnostics/lift-off-length/' target='_blank'>LO</a> ; <a href= '/diesel-spray-combustion/experimental-diagnostics/light-based-ignition-delay/' target='_blank'>ID</a>,-,19,-,O2 = 19.00;N2 = 71.27;CO2 = 6.15;H2O = 3.58;,-,29.4,1299.8,1.5,&plusmn; 0.6,1306.3,1236.8,14.79,0.02,&plusmn; 0.01,15.04,15.55,5.49,1.01,-,-,-,-,-,<a href= '/diesel-spray-combustion/sandia-cv/combustion-vessel-geometry/' target='_blank'>Vesssel Geometry</a>,141.6;<a href= '/cvdata/assets/datafiles/fuelpress/FCCDHDH-fuelP.txt' target='_blank'>fuel pressure vs time</a>,1.9,&plusmn; 1.2,436,-,-,-,-,-,-,-,-,5.93,0.29,-,52.47,-,-,0.77,-,-,-,0.18,-,<a href='/diesel-spray-combustion/sandia-cv/combustion-vessel-geometry/1997-to-2009/1997-to-2007/' target='_blank'>Inj. Char.</a>,-,-,-,0.05,-,-,-,-,10.41,-,-,0.27,-,-,-,-,-,<a href='/cvdata/assets/datafiles/press/fccdhDH-press.txt' target='_blank'>PvsT</a>,-,-,-,-,-,-,-,-,-,-,-
354,19,800,30,0.180-a,-,140,>4,D2,436,Sandia,#FMDDHDH,-,<a href= '/diesel-spray-combustion/experimental-diagnostics/lift-off-length/' target='_blank'>LO</a> ; <a href= '/diesel-spray-combustion/experimental-diagnostics/light-based-ignition-delay/' target='_blank'>ID</a>,-,-,-,-,-,-,-,-,-,808,781,-,-,-,30.68,30.7,6.91,1.018,-,-,-,-,-,-,144.91,-,-,-,-,-,-,-,-,<a href= '/diesel-spray-combustion/sandia-cv/injector-characterization/' target='_blank'>rate of injection</a>,-,-,6.2,-,-,53.4,-,-,-,-,-,-,-,-,-,-,-,-,0.051,-,-,-,-,32.4,-,-,1.04,-,-,-,-,-, <a href='/cvdata/assets/datafiles/press/fmddhDH-press.txt' target='_blank'>PvsT</a>,-,-,-,-,-,-,-,-,-,-,-
355,19,900,30,0.180-a,-,140,3.5,D2,436,Sandia,#FKDDHDHL,-,<a href= '/diesel-spray-combustion/experimental-diagnostics/lift-off-length/' target='_blank'>LO</a> ; <a href= '/diesel-spray-combustion/experimental-diagnostics/light-based-ignition-delay/' target='_blank'>ID</a>,-,19,-,O2 = 19.00;N2 = 71.27;CO2 = 6.15;H2O = 3.58;,-,29.4,900.6,2.3,&plusmn; 1.6,904.8,872.1,30.02,0.08,&plusmn; 0.05,30.45,30.99,7.8,1.02,-,-,-,-,-,<a href= '/diesel-spray-combustion/sandia-cv/combustion-vessel-geometry/' target='_blank'>Vesssel Geometry</a>,147.7;<a href= '/cvdata/assets/datafiles/fuelpress/FKDDHDH-fuelP.txt' target='_blank'>fuel pressure vs time</a>,2.3,&plusmn; 1.9,436,-,-,-,-,-,-,-,-,5.65,0.06,-,50.42,-,-,0.77,-,-,-,0.18,-,<a href='/diesel-spray-combustion/sandia-cv/combustion-vessel-geometry/1997-to-2009/1997-to-2007/' target='_blank'>Inj. Char.</a>,-,-,-,0.05,-,-,-,-,18.86,-,-,0.41,-,-,-,-,-,<a href='/cvdata/assets/datafiles/press/fkddhDH-press.txt' target='_blank'>PvsT</a>,-,-,-,-,-,-,-,-,-,-,-
356,19,1000,30,0.180-a,-,140,3.5,D2,436,Sandia,#FIDDHDHL,-,<a href= '/diesel-spray-combustion/experimental-diagnostics/lift-off-length/' target='_blank'>LO</a> ; <a href= '/diesel-spray-combustion/experimental-diagnostics/light-based-ignition-delay/' target='_blank'>ID</a>,-,19,-,O2 = 19.00;N2 = 71.27;CO2 = 6.15;H2O = 3.58;,-,29.4,1000.3,1.8,&plusmn; 1.2,1004.2,962.4,30.04,0.05,&plusmn; 0.03,30.42,31.22,8.68,1.021,-,-,-,-,-,<a href= '/diesel-spray-combustion/sandia-cv/combustion-vessel-geometry/' target='_blank'>Vesssel Geometry</a>,149.3;<a href= '/cvdata/assets/datafiles/fuelpress/FIDDHDH-fuelP.txt' target='_blank'>fuel pressure vs time</a>,2.7,&plusmn; 2.2,436,-,-,-,-,-,-,-,-,5.63,0.18,-,50.43,-,-,0.77,-,-,-,0.18,-,<a href='/diesel-spray-combustion/sandia-cv/combustion-vessel-geometry/1997-to-2009/1997-to-2007/' target='_blank'>Inj. Char.</a>,-,-,-,0.05,-,-,-,-,14.27,-,-,0.25,-,-,-,-,-,<a href='/cvdata/assets/datafiles/press/fiddhDH-press.txt' target='_blank'>PvsT</a>,-,-,-,-,-,-,-,-,-,-,-
357,19,1100,30,0.180-a,-,140,3.5,D2,436,Sandia,#FGDDHDHL,-,<a href= '/diesel-spray-combustion/experimental-diagnostics/lift-off-length/' target='_blank'>LO</a> ; <a href= '/diesel-spray-combustion/experimental-diagnostics/light-based-ignition-delay/' target='_blank'>ID</a>,-,19,-,O2 = 19.00;N2 = 71.27;CO2 = 6.15;H2O = 3.58;,-,29.4,1097.8,8,&plusmn; 8.0,1101.6,1049.2,30.11,0.21,&plusmn; 0.21,30.45,31.5,9.55,1.022,-,-,-,-,-,<a href= '/diesel-spray-combustion/sandia-cv/combustion-vessel-geometry/' target='_blank'>Vesssel Geometry</a>,152.5;<a href= '/cvdata/assets/datafiles/fuelpress/FGDDHDH-fuelP.txt' target='_blank'>fuel pressure vs time</a>,0.3,&plusmn; 0.7,436,-,-,-,-,-,-,-,-,5.99,0.27,-,53.81,-,-,0.77,-,-,-,0.18,-,<a href='/diesel-spray-combustion/sandia-cv/combustion-vessel-geometry/1997-to-2009/1997-to-2007/' target='_blank'>Inj. Char.</a>,-,-,-,0.05,-,-,-,-,10.47,-,-,0.45,-,-,-,-,-,<a href='/cvdata/assets/datafiles/press/fgddhDH-press.txt' target='_blank'>PvsT</a>,-,-,-,-,-,-,-,-,-,-,-
358,19,1200,30,0.180-a,-,140,3.5,D2,436,Sandia,#FEDDHDHL,-,<a href= '/diesel-spray-combustion/experimental-diagnostics/lift-off-length/' target='_blank'>LO</a> ; <a href= '/diesel-spray-combustion/experimental-diagnostics/light-based-ignition-delay/' target='_blank'>ID</a>,-,19,-,O2 = 19.00;N2 = 71.27;CO2 = 6.15;H2O = 3.58;,-,29.4,1201.3,3.3,&plusmn; 3.3,1205,1141.1,30.01,0.07,&plusmn; 0.07,30.31,31.59,10.42,1.022,-,-,-,-,-,<a href= '/diesel-spray-combustion/sandia-cv/combustion-vessel-geometry/' target='_blank'>Vesssel Geometry</a>,152.6;<a href= '/cvdata/assets/datafiles/fuelpress/FEDDHDH-fuelP.txt' target='_blank'>fuel pressure vs time</a>,0.1,&plusmn; 0.5,436,-,-,-,-,-,-,-,-,5.99,0.14,-,53.97,-,-,0.77,-,-,-,0.18,-,<a href='/diesel-spray-combustion/sandia-cv/combustion-vessel-geometry/1997-to-2009/1997-to-2007/' target='_blank'>Inj. Char.</a>,-,-,-,0.049,-,-,-,-,7.91,-,-,0.53,-,-,-,-,-,<a href='/cvdata/assets/datafiles/press/feddhDH-press.txt' target='_blank'>PvsT</a>,-,-,-,-,-,-,-,-,-,-,-
359,19,1300,30,0.180-a,-,140,3.5,D2,436,Sandia,#FCDDHDHL,-,<a href= '/diesel-spray-combustion/experimental-diagnostics/lift-off-length/' target='_blank'>LO</a> ; <a href= '/diesel-spray-combustion/experimental-diagnostics/light-based-ignition-delay/' target='_blank'>ID</a>,-,19,-,O2 = 19.00;N2 = 71.27;CO2 = 6.15;H2O = 3.58;,-,29.4,1299.8,0.2,&plusmn; 0.2,1303.4,1226.5,30.04,0,&plusmn; 0.00,30.32,31.83,11.29,1.023,-,-,-,-,-,<a href= '/diesel-spray-combustion/sandia-cv/combustion-vessel-geometry/' target='_blank'>Vesssel Geometry</a>,152.6;<a href= '/cvdata/assets/datafiles/fuelpress/FCDDHDH-fuelP.txt' target='_blank'>fuel pressure vs time</a>,0,&plusmn; 0.4,436,-,-,-,-,-,-,-,-,5.69,0.08,-,51.42,-,-,0.77,-,-,-,0.18,-,<a href='/diesel-spray-combustion/sandia-cv/combustion-vessel-geometry/1997-to-2009/1997-to-2007/' target='_blank'>Inj. Char.</a>,-,-,-,0.049,-,-,-,-,6.01,-,-,0.42,-,-,-,-,-,<a href='/cvdata/assets/datafiles/press/fcddhDH-press.txt' target='_blank'>PvsT</a>,-,-,-,-,-,-,-,-,-,-,-
360,21,1000,14.8,0.180-a,-,190,3.5,D2,436,Sandia,#AICNHDHL,-,<a href= '/diesel-spray-combustion/experimental-diagnostics/lift-off-length/' target='_blank'>LO</a> ; <a href= '/diesel-spray-combustion/experimental-diagnostics/light-based-ignition-delay/' target='_blank'>ID</a>,-,21,-,O2 = 21.00;N2 = 69.33;CO2 = 6.11;H2O = 3.56;,-,29.47,1003.4,2.6,&plusmn; 0.3,1007.1,970.3,14.76,0.05,&plusmn; 0.01,14.94,15.27,4.22,1.01,-,-,-,-,-,<a href= '/diesel-spray-combustion/sandia-cv/combustion-vessel-geometry/' target='_blank'>Vesssel Geometry</a>,188.8;<a href= '/cvdata/assets/datafiles/fuelpress/AICNHDH-fuelP.txt' target='_blank'>fuel pressure vs time</a>,2.5,&plusmn; 0.7,436,-,-,-,-,-,-,-,-,4.9,0.37,-,50,-,-,0.77,-,-,-,0.18,-,<a href='/diesel-spray-combustion/sandia-cv/combustion-vessel-geometry/1997-to-2009/1997-to-2007/' target='_blank'>Inj. Char.</a>,-,-,-,0.044,-,-,-,-,23.1,-,-,0.47,-,-,-,-,-,<a href='/cvdata/assets/datafiles/press/aicnhDH-press.txt' target='_blank'>PvsT</a>,-,-,-,-,-,-,-,-,-,-,-
361,21,1000,14.8,0.180-a,-,170,3,D2,436,Sandia,#AICMHDH3,-,<a href= '/diesel-spray-combustion/experimental-diagnostics/lift-off-length/' target='_blank'>LO</a> ; <a href= '/diesel-spray-combustion/experimental-diagnostics/light-based-ignition-delay/' target='_blank'>ID</a>,-,21,-,O2 = 21.00;N2 = 69.33;CO2 = 6.11;H2O = 3.56;,-,29.47,1004.3,0.6,&plusmn; 0.1,1012.6,971.1,14.74,0.01,&plusmn; 0.00,15.13,15.24,4.21,1.01,-,-,-,-,-,<a href= '/diesel-spray-combustion/sandia-cv/combustion-vessel-geometry/' target='_blank'>Vesssel Geometry</a>,170.2;<a href= '/cvdata/assets/datafiles/fuelpress/AICMHDH-fuelP.txt' target='_blank'>fuel pressure vs time</a>,2.2,&plusmn; 0.8,436,-,-,-,-,-,-,-,-,4.4,0.08,-,42.33,-,-,0.77,-,-,-,0.18,-,<a href='/diesel-spray-combustion/sandia-cv/combustion-vessel-geometry/1997-to-2009/1997-to-2007/' target='_blank'>Inj. Char.</a>,-,-,-,0.046,-,-,-,-,23.05,-,-,0.51,-,-,-,-,-,<a href='/cvdata/assets/datafiles/press/aicmhDH-press.txt' target='_blank'>PvsT</a>,-,-,-,-,-,-,-,-,-,-,-
362,21,1000,14.8,0.180-a,-,110,3.5,D2,436,Sandia,#AICEHDHL,-,<a href= '/diesel-spray-combustion/experimental-diagnostics/lift-off-length/' target='_blank'>LO</a> ; <a href= '/diesel-spray-combustion/experimental-diagnostics/light-based-ignition-delay/' target='_blank'>ID</a>,-,21,-,O2 = 21.00;N2 = 69.33;CO2 = 6.11;H2O = 3.56;,-,29.47,1003.5,0.7,&plusmn; 0.1,1009.6,970.7,14.74,0.01,&plusmn; 0.00,15.03,15.24,4.21,1.01,-,-,-,-,-,<a href= '/diesel-spray-combustion/sandia-cv/combustion-vessel-geometry/' target='_blank'>Vesssel Geometry</a>,115.2;<a href= '/cvdata/assets/datafiles/fuelpress/AICEHDH-fuelP.txt' target='_blank'>fuel pressure vs time</a>,0.7,&plusmn; 0.5,436,-,-,-,-,-,-,-,-,4.67,0.09,-,36.92,-,-,0.77,-,-,-,0.18,-,<a href='/diesel-spray-combustion/sandia-cv/combustion-vessel-geometry/1997-to-2009/1997-to-2007/' target='_blank'>Inj. Char.</a>,-,-,-,0.056,-,-,-,-,20.68,-,-,0.54,-,-,-,-,-,<a href='/cvdata/assets/datafiles/press/aicehDH-press.txt' target='_blank'>PvsT</a>,-,-,-,-,-,-,-,-,-,-,-
363,21,1000,14.8,0.180-a,-,90,3.5,D2,436,Sandia,#AICFHDHL,-,<a href= '/diesel-spray-combustion/experimental-diagnostics/lift-off-length/' target='_blank'>LO</a> ; <a href= '/diesel-spray-combustion/experimental-diagnostics/light-based-ignition-delay/' target='_blank'>ID</a>,-,21,-,O2 = 21.00;N2 = 69.33;CO2 = 6.11;H2O = 3.56;,-,29.47,1003,1.8,&plusmn; 0.2,1006.4,970,14.76,0.04,&plusmn; 0.00,14.92,15.26,4.22,1.01,-,-,-,-,-,<a href= '/diesel-spray-combustion/sandia-cv/combustion-vessel-geometry/' target='_blank'>Vesssel Geometry</a>,95.2;<a href= '/cvdata/assets/datafiles/fuelpress/AICFHDH-fuelP.txt' target='_blank'>fuel pressure vs time</a>,2.2,&plusmn; 0.6,436,-,-,-,-,-,-,-,-,4.74,0.55,-,33.98,-,-,0.77,-,-,-,0.18,-,<a href='/diesel-spray-combustion/sandia-cv/combustion-vessel-geometry/1997-to-2009/1997-to-2007/' target='_blank'>Inj. Char.</a>,-,-,-,0.062,-,-,-,-,19.03,-,-,0.56,-,-,-,-,-,<a href='/cvdata/assets/datafiles/press/aicfhDH-press.txt' target='_blank'>PvsT</a>,-,-,-,-,-,-,-,-,-,-,-
364,21,1000,14.8,0.180-a,-,60,3.5,D2,436,Sandia,#AICLHDHL,-,<a href= '/diesel-spray-combustion/experimental-diagnostics/lift-off-length/' target='_blank'>LO</a> ; <a href= '/diesel-spray-combustion/experimental-diagnostics/light-based-ignition-delay/' target='_blank'>ID</a>,-,21,-,O2 = 21.00;N2 = 69.33;CO2 = 6.11;H2O = 3.56;,-,29.47,1002.5,1.8,&plusmn; 0.4,1006.3,969.5,14.76,0.03,&plusmn; 0.01,14.94,15.27,4.22,1.01,-,-,-,-,-,<a href= '/diesel-spray-combustion/sandia-cv/combustion-vessel-geometry/' target='_blank'>Vesssel Geometry</a>,65.0;<a href= '/cvdata/assets/datafiles/fuelpress/AICLHDH-fuelP.txt' target='_blank'>fuel pressure vs time</a>,3.2,&plusmn; 1.0,436,-,-,-,-,-,-,-,-,5.13,0.13,-,30.86,-,-,0.77,-,-,-,0.18,-,<a href='/diesel-spray-combustion/sandia-cv/combustion-vessel-geometry/1997-to-2009/1997-to-2007/' target='_blank'>Inj. Char.</a>,-,-,-,0.074,-,-,-,-,17.36,-,-,0.63,-,-,-,-,-,<a href='/cvdata/assets/datafiles/press/aiclhDH-press.txt' target='_blank'>PvsT</a>,-,-,-,-,-,-,-,-,-,-,-
365,21,1000,14.8,0.180-a,-,40,3.5,D2,436,Sandia,#AICKHDHL,-,<a href= '/diesel-spray-combustion/experimental-diagnostics/lift-off-length/' target='_blank'>LO</a> ; <a href= '/diesel-spray-combustion/experimental-diagnostics/light-based-ignition-delay/' target='_blank'>ID</a>,-,21,-,O2 = 21.00;N2 = 69.33;CO2 = 6.11;H2O = 3.56;,-,29.47,1001.7,1.5,&plusmn; 0.1,1002.6,968.8,14.79,0.03,&plusmn; 0.00,14.83,15.29,4.22,1.01,-,-,-,-,-,<a href= '/diesel-spray-combustion/sandia-cv/combustion-vessel-geometry/' target='_blank'>Vesssel Geometry</a>,45.7;<a href= '/cvdata/assets/datafiles/fuelpress/AICKHDH-fuelP.txt' target='_blank'>fuel pressure vs time</a>,2,&plusmn; 0.6,436,-,-,-,-,-,-,-,-,4.4,0.72,-,21.95,-,-,0.77,-,-,-,0.18,-,<a href='/diesel-spray-combustion/sandia-cv/combustion-vessel-geometry/1997-to-2009/1997-to-2007/' target='_blank'>Inj. Char.</a>,-,-,-,0.089,-,-,-,-,15.39,-,-,0.81,-,-,-,-,-,<a href='/cvdata/assets/datafiles/press/aickhDH-press.txt' target='_blank'>PvsT</a>,-,-,-,-,-,-,-,-,-,-,-
366,21,850,14.8,0.180-a,-,180,4,D2,436,Sandia,#ALCNHDHL,-,<a href= '/diesel-spray-combustion/experimental-diagnostics/lift-off-length/' target='_blank'>LO</a> ; <a href= '/diesel-spray-combustion/experimental-diagnostics/light-based-ignition-delay/' target='_blank'>ID</a>,-,21,-,O2 = 21.00;N2 = 69.33;CO2 = 6.11;H2O = 3.56;,-,29.47,851.3,1.8,&plusmn; 0.7,854.4,830.7,14.8,0.03,&plusmn; 0.01,14.96,15.17,3.59,1.009,-,-,-,-,-,<a href= '/diesel-spray-combustion/sandia-cv/combustion-vessel-geometry/' target='_blank'>Vesssel Geometry</a>,187.0;<a href= '/cvdata/assets/datafiles/fuelpress/ALCNHDH-fuelP.txt' target='_blank'>fuel pressure vs time</a>,0.4,&plusmn; 0.5,436,-,-,-,-,-,-,-,-,6.16,0.13,-,62.7,-,-,0.77,-,-,-,0.18,-,<a href='/diesel-spray-combustion/sandia-cv/combustion-vessel-geometry/1997-to-2009/1997-to-2007/' target='_blank'>Inj. Char.</a>,-,-,-,0.044,-,-,-,-,45.62,-,-,1.05,-,-,-,-,-,<a href='/cvdata/assets/datafiles/press/alcnhDH-press.txt' target='_blank'>PvsT</a>,-,-,-,-,-,-,-,-,-,-,-
367,21,850,14.8,0.180-a,-,90,4,D2,436,Sandia,#ALCFHDHL,-,<a href= '/diesel-spray-combustion/experimental-diagnostics/lift-off-length/' target='_blank'>LO</a> ; <a href= '/diesel-spray-combustion/experimental-diagnostics/light-based-ignition-delay/' target='_blank'>ID</a>,-,21,-,O2 = 21.00;N2 = 69.33;CO2 = 6.11;H2O = 3.56;,-,29.47,851,1.3,&plusmn; 0.5,852.8,830.4,14.8,0.02,&plusmn; 0.01,14.89,15.17,3.58,1.009,-,-,-,-,-,<a href= '/diesel-spray-combustion/sandia-cv/combustion-vessel-geometry/' target='_blank'>Vesssel Geometry</a>,92.9;<a href= '/cvdata/assets/datafiles/fuelpress/ALCFHDH-fuelP.txt' target='_blank'>fuel pressure vs time</a>,0.3,&plusmn; 0.5,436,-,-,-,-,-,-,-,-,5.74,0.23,-,41,-,-,0.77,-,-,-,0.18,-,<a href='/diesel-spray-combustion/sandia-cv/combustion-vessel-geometry/1997-to-2009/1997-to-2007/' target='_blank'>Inj. Char.</a>,-,-,-,0.062,-,-,-,-,32.82,-,-,1.21,-,-,-,-,-,<a href='/cvdata/assets/datafiles/press/alcfhDH-press.txt' target='_blank'>PvsT</a>,-,-,-,-,-,-,-,-,-,-,-
368,21,850,14.8,0.180-a,-,40,3.5,D2,436,Sandia,#ALCKHDHL,-,<a href= '/diesel-spray-combustion/experimental-diagnostics/lift-off-length/' target='_blank'>LO</a> ; <a href= '/diesel-spray-combustion/experimental-diagnostics/light-based-ignition-delay/' target='_blank'>ID</a>,-,21,-,O2 = 21.00;N2 = 69.33;CO2 = 6.11;H2O = 3.56;,-,29.47,849.9,1.3,&plusmn; 0.4,849.8,829.4,14.82,0.01,&plusmn; 0.00,14.81,15.18,3.58,1.009,-,-,-,-,-,<a href= '/diesel-spray-combustion/sandia-cv/combustion-vessel-geometry/' target='_blank'>Vesssel Geometry</a>,49.5;<a href= '/cvdata/assets/datafiles/fuelpress/ALCKHDH-fuelP.txt' target='_blank'>fuel pressure vs time</a>,1.2,&plusmn; 0.8,436,-,-,-,-,-,-,-,-,3.87,0.07,-,19.19,-,-,0.77,-,-,-,0.18,-,<a href='/diesel-spray-combustion/sandia-cv/combustion-vessel-geometry/1997-to-2009/1997-to-2007/' target='_blank'>Inj. Char.</a>,-,-,-,0.09,-,-,-,-,25.83,-,-,1.21,-,-,-,-,-,<a href='/cvdata/assets/datafiles/press/alckhDH-press.txt' target='_blank'>PvsT</a>,-,-,-,-,-,-,-,-,-,-,-
369,21,1000,30,0.180-a,-,190,4,D2,436,Sandia,#AIDNHDHL,-,<a href= '/diesel-spray-combustion/experimental-diagnostics/lift-off-length/' target='_blank'>LO</a> ; <a href= '/diesel-spray-combustion/experimental-diagnostics/light-based-ignition-delay/' target='_blank'>ID</a>,-,21,-,O2 = 21.00;N2 = 69.33;CO2 = 6.11;H2O = 3.56;,-,29.47,1000.8,1.3,&plusmn; 1.3,1003.5,962.6,29.97,0.05,&plusmn; 0.05,30.23,31.17,8.64,1.021,-,-,-,-,-,<a href= '/diesel-spray-combustion/sandia-cv/combustion-vessel-geometry/' target='_blank'>Vesssel Geometry</a>,195.7;<a href= '/cvdata/assets/datafiles/fuelpress/AIDNHDH-fuelP.txt' target='_blank'>fuel pressure vs time</a>,0.4,&plusmn; 0.8,436,-,-,-,-,-,-,-,-,6.09,0,-,62.84,-,-,0.77,-,-,-,0.18,-,<a href='/diesel-spray-combustion/sandia-cv/combustion-vessel-geometry/1997-to-2009/1997-to-2007/' target='_blank'>Inj. Char.</a>,-,-,-,0.043,-,-,-,-,12.57,-,-,0.22,-,-,-,-,-,<a href='/cvdata/assets/datafiles/press/aidnhDH-press.txt' target='_blank'>PvsT</a>,-,-,-,-,-,-,-,-,-,-,-
370,21,1000,30,0.180-a,-,90,3.5,D2,436,Sandia,#AIDFHDHL,-,<a href= '/diesel-spray-combustion/experimental-diagnostics/lift-off-length/' target='_blank'>LO</a> ; <a href= '/diesel-spray-combustion/experimental-diagnostics/light-based-ignition-delay/' target='_blank'>ID</a>,-,21,-,O2 = 21.00;N2 = 69.33;CO2 = 6.11;H2O = 3.56;,-,29.47,999.1,0.7,&plusmn; 0.4,1000.4,960.4,30.03,0.02,&plusmn; 0.01,30.16,31.24,8.64,1.021,-,-,-,-,-,<a href= '/diesel-spray-combustion/sandia-cv/combustion-vessel-geometry/' target='_blank'>Vesssel Geometry</a>,97.4;<a href= '/cvdata/assets/datafiles/fuelpress/AIDFHDH-fuelP.txt' target='_blank'>fuel pressure vs time</a>,0.2,&plusmn; 0.5,436,-,-,-,-,-,-,-,-,5.99,0.26,-,43.87,-,-,0.77,-,-,-,0.18,-,<a href='/diesel-spray-combustion/sandia-cv/combustion-vessel-geometry/1997-to-2009/1997-to-2007/' target='_blank'>Inj. Char.</a>,-,-,-,0.061,-,-,-,-,10.29,-,-,0.38,-,-,-,-,-,<a href='/cvdata/assets/datafiles/press/aidfhDH-press.txt' target='_blank'>PvsT</a>,-,-,-,-,-,-,-,-,-,-,-
371,21,1000,30,0.180-a,-,40,3.5,D2,436,Sandia,#AIDKHDHL,-,<a href= '/diesel-spray-combustion/experimental-diagnostics/lift-off-length/' target='_blank'>LO</a> ; <a href= '/diesel-spray-combustion/experimental-diagnostics/light-based-ignition-delay/' target='_blank'>ID</a>,-,21,-,O2 = 21.00;N2 = 69.33;CO2 = 6.11;H2O = 3.56;,-,29.47,1002.6,1.7,&plusmn; 0.7,1004.3,964,29.93,0.05,&plusmn; 0.02,30.09,31.13,8.64,1.021,-,-,-,-,-,<a href= '/diesel-spray-combustion/sandia-cv/combustion-vessel-geometry/' target='_blank'>Vesssel Geometry</a>,50.5;<a href= '/cvdata/assets/datafiles/fuelpress/AIDKHDH-fuelP.txt' target='_blank'>fuel pressure vs time</a>,0.3,&plusmn; 0.5,436,-,-,-,-,-,-,-,-,5.79,0.29,-,30.26,-,-,0.77,-,-,-,0.18,-,<a href='/diesel-spray-combustion/sandia-cv/combustion-vessel-geometry/1997-to-2009/1997-to-2007/' target='_blank'>Inj. Char.</a>,-,-,-,0.085,-,-,-,-,8.79,-,-,0.65,-,-,-,-,-,<a href='/cvdata/assets/datafiles/press/aidkhDH-press.txt' target='_blank'>PvsT</a>,-,-,-,-,-,-,-,-,-,-,-
372,19,1000,14.8,0.180-a,-,180,3.5,D2,436,Sandia,#FICNHDHL,-,<a href= '/diesel-spray-combustion/experimental-diagnostics/lift-off-length/' target='_blank'>LO</a> ; <a href= '/diesel-spray-combustion/experimental-diagnostics/light-based-ignition-delay/' target='_blank'>ID</a>,-,19,-,O2 = 19.00;N2 = 71.27;CO2 = 6.15;H2O = 3.58;,-,29.4,1002.4,1,&plusmn; 0.4,1011,969.7,14.78,0.01,&plusmn; 0.01,15.19,15.28,4.23,1.01,-,-,-,-,-,<a href= '/diesel-spray-combustion/sandia-cv/combustion-vessel-geometry/' target='_blank'>Vesssel Geometry</a>,188.0;<a href= '/cvdata/assets/datafiles/fuelpress/FICNHDH-fuelP.txt' target='_blank'>fuel pressure vs time</a>,2.5,&plusmn; 1.4,436,-,-,-,-,-,-,-,-,5.73,0.04,-,58.4,-,-,0.77,-,-,-,0.18,-,<a href='/diesel-spray-combustion/sandia-cv/combustion-vessel-geometry/1997-to-2009/1997-to-2007/' target='_blank'>Inj. Char.</a>,-,-,-,0.044,-,-,-,-,26.47,-,-,0.57,-,-,-,-,-,<a href='/cvdata/assets/datafiles/press/ficnhDH-press.txt' target='_blank'>PvsT</a>,-,-,-,-,-,-,-,-,-,-,-
373,19,1000,14.8,0.180-a,-,90,3.5,D2,436,Sandia,#FICFHDHL,-,<a href= '/diesel-spray-combustion/experimental-diagnostics/lift-off-length/' target='_blank'>LO</a> ; <a href= '/diesel-spray-combustion/experimental-diagnostics/light-based-ignition-delay/' target='_blank'>ID</a>,-,19,-,O2 = 19.00;N2 = 71.27;CO2 = 6.15;H2O = 3.58;,-,29.4,1007,0,&plusmn; 0.0,1011.7,974.2,14.73,0,&plusmn; 0.00,14.94,15.22,4.23,1.01,-,-,-,-,-,<a href= '/diesel-spray-combustion/sandia-cv/combustion-vessel-geometry/' target='_blank'>Vesssel Geometry</a>,93.1;<a href= '/cvdata/assets/datafiles/fuelpress/FICFHDH-fuelP.txt' target='_blank'>fuel pressure vs time</a>,0,&plusmn; 0.4,436,-,-,-,-,-,-,-,-,5.08,0,-,36.4,-,-,0.77,-,-,-,0.18,-,<a href='/diesel-spray-combustion/sandia-cv/combustion-vessel-geometry/1997-to-2009/1997-to-2007/' target='_blank'>Inj. Char.</a>,-,-,-,0.062,-,-,-,-,19.9,-,-,0.65,-,-,-,-,-,<a href='/cvdata/assets/datafiles/press/ficfhDH-press.txt' target='_blank'>PvsT</a>,-,-,-,-,-,-,-,-,-,-,-
374,19,1000,14.8,0.180-a,-,40,3.5,D2,436,Sandia,#FICKHDHL,-,<a href= '/diesel-spray-combustion/experimental-diagnostics/lift-off-length/' target='_blank'>LO</a> ; <a href= '/diesel-spray-combustion/experimental-diagnostics/light-based-ignition-delay/' target='_blank'>ID</a>,-,19,-,O2 = 19.00;N2 = 71.27;CO2 = 6.15;H2O = 3.58;,-,29.4,1004.3,0.6,&plusmn; 0.3,1006.8,971.6,14.76,0.01,&plusmn; 0.00,14.88,15.26,4.23,1.01,-,-,-,-,-,<a href= '/diesel-spray-combustion/sandia-cv/combustion-vessel-geometry/' target='_blank'>Vesssel Geometry</a>,45.0;<a href= '/cvdata/assets/datafiles/fuelpress/FICKHDH-fuelP.txt' target='_blank'>fuel pressure vs time</a>,0.5,&plusmn; 0.7,436,-,-,-,-,-,-,-,-,5.06,0.16,-,25.25,-,-,0.77,-,-,-,0.18,-,<a href='/diesel-spray-combustion/sandia-cv/combustion-vessel-geometry/1997-to-2009/1997-to-2007/' target='_blank'>Inj. Char.</a>,-,-,-,0.089,-,-,-,-,17.8,-,-,0.8,-,-,-,-,-,<a href='/cvdata/assets/datafiles/press/fickhDH-press.txt' target='_blank'>PvsT</a>,-,-,-,-,-,-,-,-,-,-,-
375,17,1000,14.8,0.180-a,-,180,3.5,D2,436,Sandia,#HICNHDHL,-,<a href= '/diesel-spray-combustion/experimental-diagnostics/lift-off-length/' target='_blank'>LO</a> ; <a href= '/diesel-spray-combustion/experimental-diagnostics/light-based-ignition-delay/' target='_blank'>ID</a>,-,17,-,O2 = 17.00;N2 = 73.21;CO2 = 6.19;H2O = 3.60;,-,29.32,1001.6,1.1,&plusmn; 0.2,1009.8,968.7,14.79,0.02,&plusmn; 0.00,15.17,15.29,4.24,1.01,-,-,-,-,-,<a href= '/diesel-spray-combustion/sandia-cv/combustion-vessel-geometry/' target='_blank'>Vesssel Geometry</a>,189.4;<a href= '/cvdata/assets/datafiles/fuelpress/HICNHDH-fuelP.txt' target='_blank'>fuel pressure vs time</a>,2.5,&plusmn; 0.9,436,-,-,-,-,-,-,-,-,5.81,0.09,-,59.29,-,-,0.77,-,-,-,0.18,-,<a href='/diesel-spray-combustion/sandia-cv/combustion-vessel-geometry/1997-to-2009/1997-to-2007/' target='_blank'>Inj. Char.</a>,-,-,-,0.044,-,-,-,-,30.02,-,-,0.62,-,-,-,-,-,<a href='/cvdata/assets/datafiles/press/hicnhDH-press.txt' target='_blank'>PvsT</a>,-,-,-,-,-,-,-,-,-,-,-
376,17,1000,14.8,0.180-a,-,90,3.5,D2,436,Sandia,#HICFHDHL,-,<a href= '/diesel-spray-combustion/experimental-diagnostics/lift-off-length/' target='_blank'>LO</a> ; <a href= '/diesel-spray-combustion/experimental-diagnostics/light-based-ignition-delay/' target='_blank'>ID</a>,-,17,-,O2 = 17.00;N2 = 73.21;CO2 = 6.19;H2O = 3.60;,-,29.32,1000.6,1.5,&plusmn; 0.3,1005,967.8,14.8,0.02,&plusmn; 0.00,15.01,15.3,4.24,1.01,-,-,-,-,-,<a href= '/diesel-spray-combustion/sandia-cv/combustion-vessel-geometry/' target='_blank'>Vesssel Geometry</a>,93.9;<a href= '/cvdata/assets/datafiles/fuelpress/HICFHDH-fuelP.txt' target='_blank'>fuel pressure vs time</a>,1.7,&plusmn; 0.7,436,-,-,-,-,-,-,-,-,5.41,0.09,-,38.77,-,-,0.77,-,-,-,0.18,-,<a href='/diesel-spray-combustion/sandia-cv/combustion-vessel-geometry/1997-to-2009/1997-to-2007/' target='_blank'>Inj. Char.</a>,-,-,-,0.062,-,-,-,-,24.33,-,-,0.69,-,-,-,-,-,<a href='/cvdata/assets/datafiles/press/hicfhDH-press.txt' target='_blank'>PvsT</a>,-,-,-,-,-,-,-,-,-,-,-
377,17,1000,14.8,0.180-a,-,40,4,D2,436,Sandia,#HICKHDHL,-,<a href= '/diesel-spray-combustion/experimental-diagnostics/lift-off-length/' target='_blank'>LO</a> ; <a href= '/diesel-spray-combustion/experimental-diagnostics/light-based-ignition-delay/' target='_blank'>ID</a>,-,17,-,O2 = 17.00;N2 = 73.21;CO2 = 6.19;H2O = 3.60;,-,29.32,1000.9,1.3,&plusmn; 0.5,1003.8,967.9,14.8,0.02,&plusmn; 0.01,14.94,15.3,4.24,1.01,-,-,-,-,-,<a href= '/diesel-spray-combustion/sandia-cv/combustion-vessel-geometry/' target='_blank'>Vesssel Geometry</a>,43.7;<a href= '/cvdata/assets/datafiles/fuelpress/HICKHDH-fuelP.txt' target='_blank'>fuel pressure vs time</a>,0.3,&plusmn; 0.5,436,-,-,-,-,-,-,-,-,5.47,0.07,-,27.29,-,-,0.77,-,-,-,0.18,-,<a href='/diesel-spray-combustion/sandia-cv/combustion-vessel-geometry/1997-to-2009/1997-to-2007/' target='_blank'>Inj. Char.</a>,-,-,-,0.089,-,-,-,-,21.02,-,-,1.15,-,-,-,-,-,<a href='/cvdata/assets/datafiles/press/hickhDH-press.txt' target='_blank'>PvsT</a>,-,-,-,-,-,-,-,-,-,-,-
378,15,1000,14.8,0.180-a,-,190,3.5,D2,436,Sandia,#JICNHDHL,-,<a href= '/diesel-spray-combustion/experimental-diagnostics/lift-off-length/' target='_blank'>LO</a> ; <a href= '/diesel-spray-combustion/experimental-diagnostics/light-based-ignition-delay/' target='_blank'>ID</a>,-,15,-,O2 = 15.00;N2 = 75.15;CO2 = 6.22;H2O = 3.62;,-,29.24,1000.5,1,&plusmn; 0.3,1008,967.8,14.79,0.01,&plusmn; 0.00,15.15,15.29,4.25,1.01,-,-,-,-,-,<a href= '/diesel-spray-combustion/sandia-cv/combustion-vessel-geometry/' target='_blank'>Vesssel Geometry</a>,190.3;<a href= '/cvdata/assets/datafiles/fuelpress/JICNHDH-fuelP.txt' target='_blank'>fuel pressure vs time</a>,3.4,&plusmn; 1.5,436,-,-,-,-,-,-,-,-,5.66,0.13,-,57.76,-,-,0.77,-,-,-,0.18,-,<a href='/diesel-spray-combustion/sandia-cv/combustion-vessel-geometry/1997-to-2009/1997-to-2007/' target='_blank'>Inj. Char.</a>,-,-,-,0.044,-,-,-,-,31.89,-,-,0.68,-,-,-,-,-,<a href='/cvdata/assets/datafiles/press/jicnhDH-press.txt' target='_blank'>PvsT</a>,-,-,-,-,-,-,-,-,-,-,-
379,15,1000,14.8,0.180-a,-,90,4,D2,436,Sandia,#JICFHDHL,-,<a href= '/diesel-spray-combustion/experimental-diagnostics/lift-off-length/' target='_blank'>LO</a> ; <a href= '/diesel-spray-combustion/experimental-diagnostics/light-based-ignition-delay/' target='_blank'>ID</a>,-,15,-,O2 = 15.00;N2 = 75.15;CO2 = 6.22;H2O = 3.62;,-,29.24,1000.7,0.7,&plusmn; 0.1,1006.2,968.1,14.79,0.01,&plusmn; 0.00,15.05,15.29,4.25,1.01,-,-,-,-,-,<a href= '/diesel-spray-combustion/sandia-cv/combustion-vessel-geometry/' target='_blank'>Vesssel Geometry</a>,94.6;<a href= '/cvdata/assets/datafiles/fuelpress/JICFHDH-fuelP.txt' target='_blank'>fuel pressure vs time</a>,1.9,&plusmn; 0.8,436,-,-,-,-,-,-,-,-,5.73,0.05,-,41.08,-,-,0.77,-,-,-,0.18,-,<a href='/diesel-spray-combustion/sandia-cv/combustion-vessel-geometry/1997-to-2009/1997-to-2007/' target='_blank'>Inj. Char.</a>,-,-,-,0.062,-,-,-,-,27.89,-,-,0.79,-,-,-,-,-,<a href='/cvdata/assets/datafiles/press/jicfhDH-press.txt' target='_blank'>PvsT</a>,-,-,-,-,-,-,-,-,-,-,-
380,15,1000,14.8,0.180-a,-,40,4,D2,436,Sandia,#JICKHDHL,-,<a href= '/diesel-spray-combustion/experimental-diagnostics/lift-off-length/' target='_blank'>LO</a> ; <a href= '/diesel-spray-combustion/experimental-diagnostics/light-based-ignition-delay/' target='_blank'>ID</a>,-,15,-,O2 = 15.00;N2 = 75.15;CO2 = 6.22;H2O = 3.62;,-,29.24,1000,1.3,&plusmn; 0.3,1002.8,967.2,14.8,0.02,&plusmn; 0.00,14.93,15.31,4.25,1.01,-,-,-,-,-,<a href= '/diesel-spray-combustion/sandia-cv/combustion-vessel-geometry/' target='_blank'>Vesssel Geometry</a>,43.7;<a href= '/cvdata/assets/datafiles/fuelpress/JICKHDH-fuelP.txt' target='_blank'>fuel pressure vs time</a>,0.3,&plusmn; 0.5,436,-,-,-,-,-,-,-,-,5.55,0.1,-,27.7,-,-,0.77,-,-,-,0.18,-,<a href='/diesel-spray-combustion/sandia-cv/combustion-vessel-geometry/1997-to-2009/1997-to-2007/' target='_blank'>Inj. Char.</a>,-,-,-,0.089,-,-,-,-,22.52,-,-,1.03,-,-,-,-,-,<a href='/cvdata/assets/datafiles/press/jickhDH-press.txt' target='_blank'>PvsT</a>,-,-,-,-,-,-,-,-,-,-,-
381,21,1000,14.8,0.100-a,-,190,3.5,D2,436,Sandia,#AICNGDHL,-,<a href= '/diesel-spray-combustion/experimental-diagnostics/lift-off-length/' target='_blank'>LO</a>; <a href= '/diesel-spray-combustion/experimental-diagnostics/light-based-ignition-delay/' target='_blank'>ID</a>; <a href= '/diesel-spray-combustion/experimental-diagnostics/soot/' target='_blank'>SO</a>,-,21,-,O2 = 21.00;N2 = 69.33;CO2 = 6.11;H2O = 3.56;,-,29.47,1001.9,0.6,&plusmn; 0.1,1006.1,968.9,14.78,0.01,&plusmn; 0.00,14.98,15.28,4.22,1.01,-,-,-,-,-,<a href= '/diesel-spray-combustion/sandia-cv/combustion-vessel-geometry/' target='_blank'>Vesssel Geometry</a>,191.4;<a href= '/cvdata/assets/datafiles/fuelpress/AICNGDH-fuelP.txt' target='_blank'>fuel pressure vs time</a>,1,&plusmn; 0.6,436,-,-,-,-,-,-,-,-,4.96,0.08,-,16.23,-,-,0.8,-,-,-,0.1,-,<a href='/diesel-spray-combustion/sandia-cv/combustion-vessel-geometry/1997-to-2009/1997-to-2007/' target='_blank'>Inj. Char.</a>,-,-,-,0.062,-,-,-,-,20.7,-,-,0.54,-,-,-,-,-,<a href='/cvdata/assets/datafiles/press/aicngDH-press.txt' target='_blank'>PvsT</a>,-,-,-,-,-,-,-,-,<a href='/cvdata/assets/datafiles/soot/aicngdh.jpg' target='_blank'>img</a> <a href='/cvdata/assets/datafiles/soot/aicngdh-img.zip' target='_blank'>f<sub>v</sub></a> <a href='/cvdata/assets/datafiles/soot/aicngdh.png' target='_blank'>png-img</a> <a href='/cvdata/assets/datafiles/soot/aicngdh-png2fvNotes.txt' target='_blank'>png2fv</a>,-,-
382,21,1000,14.8,0.100-a,-,160,>4,D2,436,Sandia,#AICMGDH,-,<a href= '/diesel-spray-combustion/experimental-diagnostics/lift-off-length/' target='_blank'>LO</a> ; <a href= '/diesel-spray-combustion/experimental-diagnostics/light-based-ignition-delay/' target='_blank'>ID</a>,-,-,-,-,-,-,-,-,-,1009,967,-,-,-,14.92,15.2,4.21,1.009,-,-,-,-,-,-,168.21,-,-,-,-,-,-,-,-,<a href= '/diesel-spray-combustion/sandia-cv/injector-characterization/' target='_blank'>rate of injection</a>,-,-,5,-,-,15,-,-,-,-,-,-,-,-,<a href='/cvdata/assets/datafiles/nozgeom/nozzleDwg.PNG' target='_blank'>Drawing</a>; <a href='/cvdata/assets/datafiles/nozgeom/sacVolumeDimensions.pdf' target='_blank'>sac Vol. Dim.</a>,-,-,-,0.067,-,-,-,-,19.1,-,-,0.45,-,-,-,-,-, <a href='/cvdata/assets/datafiles/press/aicmgDH-press.txt' target='_blank'>PvsT</a>,-,-,-,-,-,-,-,-,-,-,-
383,21,1000,14.8,0.100-a,-,110,>4,D2,436,Sandia,#AICEGDH,-,<a href= '/diesel-spray-combustion/experimental-diagnostics/lift-off-length/' target='_blank'>LO</a> ; <a href= '/diesel-spray-combustion/experimental-diagnostics/light-based-ignition-delay/' target='_blank'>ID</a>,-,-,-,-,-,-,-,-,-,1008,967,-,-,-,14.88,15.2,4.21,1.009,-,-,-,-,-,-,115.21,-,-,-,-,-,-,-,-,<a href= '/diesel-spray-combustion/sandia-cv/injector-characterization/' target='_blank'>rate of injection</a>,-,-,5.4,-,-,13.2,-,-,-,-,-,-,-,-,<a href='/cvdata/assets/datafiles/nozgeom/nozzleDwg.PNG' target='_blank'>Drawing</a>; <a href='/cvdata/assets/datafiles/nozgeom/sacVolumeDimensions.pdf' target='_blank'>sac Vol. Dim.</a>,-,-,-,0.081,-,-,-,-,16.7,-,-,0.47,-,-,-,-,-, <a href='/cvdata/assets/datafiles/press/aicegDH-press.txt' target='_blank'>PvsT</a>,-,-,-,-,-,-,-,-,-,-,-
384,21,1000,14.8,0.100-a,-,90,3.5,D2,436,Sandia,#AICFGDHL,-,<a href= '/diesel-spray-combustion/experimental-diagnostics/lift-off-length/' target='_blank'>LO</a>; <a href= '/diesel-spray-combustion/experimental-diagnostics/light-based-ignition-delay/' target='_blank'>ID</a>; <a href= '/diesel-spray-combustion/experimental-diagnostics/soot/' target='_blank'>SO</a>,-,21,-,O2 = 21.00;N2 = 69.33;CO2 = 6.11;H2O = 3.56;,-,29.47,1000.3,1.5,&plusmn; 0.2,1002.5,967.5,14.8,0.02,&plusmn; 0.00,14.9,15.3,4.22,1.01,-,-,-,-,-,<a href= '/diesel-spray-combustion/sandia-cv/combustion-vessel-geometry/' target='_blank'>Vesssel Geometry</a>,96.0;<a href= '/cvdata/assets/datafiles/fuelpress/AICFGDH-fuelP.txt' target='_blank'>fuel pressure vs time</a>,1.7,&plusmn; 0.6,436,-,-,-,-,-,-,-,-,4.79,0.28,-,11.01,-,-,0.8,-,-,-,0.1,-,<a href='/diesel-spray-combustion/sandia-cv/combustion-vessel-geometry/1997-to-2009/1997-to-2007/' target='_blank'>Inj. Char.</a>,-,-,-,0.089,-,-,-,-,16.25,-,-,0.65,-,-,-,-,-,<a href='/cvdata/assets/datafiles/press/aicfgDH-press.txt' target='_blank'>PvsT</a>,-,-,-,-,-,-,-,-,<a href='/cvdata/assets/datafiles/soot/aicfgdh.jpg' target='_blank'>img</a> <a href='/cvdata/assets/datafiles/soot/aicfgdh-img.zip' target='_blank'>f<sub>v</sub></a> <a href='/cvdata/assets/datafiles/soot/aicfgdh.png' target='_blank'>png-img</a> <a href='/cvdata/assets/datafiles/soot/aicfgdh-png2fvNotes.txt' target='_blank'>png2fv</a>,-,-
385,21,1000,14.8,0.100-a,-,60,3.5,D2,436,Sandia,#AICLGDHL,-,<a href= '/diesel-spray-combustion/experimental-diagnostics/lift-off-length/' target='_blank'>LO</a> ; <a href= '/diesel-spray-combustion/experimental-diagnostics/light-based-ignition-delay/' target='_blank'>ID</a>,-,21,-,O2 = 21.00;N2 = 69.33;CO2 = 6.11;H2O = 3.56;,-,29.47,998.2,0.7,&plusmn; 0.1,999.5,965.4,14.83,0.01,&plusmn; 0.00,14.89,15.33,4.22,1.01,-,-,-,-,-,<a href= '/diesel-spray-combustion/sandia-cv/combustion-vessel-geometry/' target='_blank'>Vesssel Geometry</a>,64.5;<a href= '/cvdata/assets/datafiles/fuelpress/AICLGDH-fuelP.txt' target='_blank'>fuel pressure vs time</a>,0.4,&plusmn; 0.5,436,-,-,-,-,-,-,-,-,4.92,0.04,-,9.49,-,-,0.8,-,-,-,0.1,-,<a href='/diesel-spray-combustion/sandia-cv/combustion-vessel-geometry/1997-to-2009/1997-to-2007/' target='_blank'>Inj. Char.</a>,-,-,-,0.105,-,-,-,-,13.57,-,-,0.84,-,-,-,-,-,<a href='/cvdata/assets/datafiles/press/aiclgDH-press.txt' target='_blank'>PvsT</a>,-,-,-,-,-,-,-,-,-,-,-
386,21,1000,14.8,0.100-a,-,40,3.5,D2,436,Sandia,#AICKGDHL,-,<a href= '/diesel-spray-combustion/experimental-diagnostics/lift-off-length/' target='_blank'>LO</a>; <a href= '/diesel-spray-combustion/experimental-diagnostics/light-based-ignition-delay/' target='_blank'>ID</a>; <a href= '/diesel-spray-combustion/experimental-diagnostics/soot/' target='_blank'>SO</a>,-,21,-,O2 = 21.00;N2 = 69.33;CO2 = 6.11;H2O = 3.56;,-,29.47,998.4,0.8,&plusmn; 0.2,999.2,965.6,14.83,0.01,&plusmn; 0.00,14.87,15.33,4.22,1.01,-,-,-,-,-,<a href= '/diesel-spray-combustion/sandia-cv/combustion-vessel-geometry/' target='_blank'>Vesssel Geometry</a>,45.3;<a href= '/cvdata/assets/datafiles/fuelpress/AICKGDH-fuelP.txt' target='_blank'>fuel pressure vs time</a>,0.4,&plusmn; 0.5,436,-,-,-,-,-,-,-,-,4.67,0.06,-,7.48,-,-,0.8,-,-,-,0.1,-,<a href='/diesel-spray-combustion/sandia-cv/combustion-vessel-geometry/1997-to-2009/1997-to-2007/' target='_blank'>Inj. Char.</a>,-,-,-,0.127,-,-,-,-,12.3,-,-,1.12,-,-,-,-,-,<a href='/cvdata/assets/datafiles/press/aickgDH-press.txt' target='_blank'>PvsT</a>,-,-,-,-,-,-,-,-,<a href='/cvdata/assets/datafiles/soot/aickgdh.jpg' target='_blank'>img</a> <a href='/cvdata/assets/datafiles/soot/aickgdh-img.zip' target='_blank'>f<sub>v</sub></a> <a href='/cvdata/assets/datafiles/soot/aickgdh.png' target='_blank'>png-img</a> <a href='/cvdata/assets/datafiles/soot/aickgdh-png2fvNotes.txt' target='_blank'>png2fv</a>,-,-
387,21,1200,7.3,0.180-a,-,140,4,D2,373,Sandia,#AEBDHDLL,-,<a href= '/diesel-spray-combustion/experimental-diagnostics/lift-off-length/' target='_blank'>LO</a> ; <a href= '/diesel-spray-combustion/experimental-diagnostics/light-based-ignition-delay/' target='_blank'>ID</a>,-,21,-,O2 = 21.00;N2 = 69.33;CO2 = 6.11;H2O = 3.56;,-,29.47,1203.3,2.4,&plusmn; 1.0,1215.7,1161.8,7.26,0.01,&plusmn; 0.01,7.51,7.52,2.48,1.005,-,-,-,-,-,<a href= '/diesel-spray-combustion/sandia-cv/combustion-vessel-geometry/' target='_blank'>Vesssel Geometry</a>,138.6;<a href= '/cvdata/assets/datafiles/fuelpress/AEBDHDL-fuelP.txt' target='_blank'>fuel pressure vs time</a>,0.6,&plusmn; 0.6,373,-,-,-,-,-,-,-,-,4.72,0.04,-,42.93,-,-,0.77,-,-,-,0.18,-,<a href='/diesel-spray-combustion/sandia-cv/combustion-vessel-geometry/1997-to-2009/1997-to-2007/' target='_blank'>Inj. Char.</a>,-,-,-,0.051,-,-,-,-,22.9,-,-,0.55,-,-,-,-,-,<a href='/cvdata/assets/datafiles/press/aebdhDL-press.txt' target='_blank'>PvsT</a>,-,-,-,-,-,-,-,-,-,-,-
388,21,1050,7.3,0.180-a,-,140,>4,D2,373,Sandia,#AHBDHDLL,-,<a href= '/diesel-spray-combustion/experimental-diagnostics/lift-off-length/' target='_blank'>LO</a> ; <a href= '/diesel-spray-combustion/experimental-diagnostics/light-based-ignition-delay/' target='_blank'>ID</a>,-,21,-,O2 = 21.00;N2 = 69.33;CO2 = 6.11;H2O = 3.56;,-,29.47,1053.1,1.3,&plusmn; 0.5,1073.9,1023.5,7.26,0.01,&plusmn; 0.00,7.73,7.47,2.17,1.005,-,-,-,-,-,<a href= '/diesel-spray-combustion/sandia-cv/combustion-vessel-geometry/' target='_blank'>Vesssel Geometry</a>,138.7;<a href= '/cvdata/assets/datafiles/fuelpress/AHBDHDL-fuelP.txt' target='_blank'>fuel pressure vs time</a>,0.3,&plusmn; 0.5,373,-,-,-,-,-,-,-,-,5.73,0.04,-,52.08,-,-,0.77,-,-,-,0.18,-,<a href='/diesel-spray-combustion/sandia-cv/combustion-vessel-geometry/1997-to-2009/1997-to-2007/' target='_blank'>Inj. Char.</a>,-,-,-,0.051,-,-,-,-,34.5,-,-,1.27,-,-,-,-,-,<a href='/cvdata/assets/datafiles/press/ahbdhDL-press.txt' target='_blank'>PvsT</a>,-,-,-,-,-,-,-,-,-,-,-
389,21,1000,7.3,0.180-a,-,140,>4,D2,373,Sandia,#AIBDHDL,-,<a href= '/diesel-spray-combustion/experimental-diagnostics/lift-off-length/' target='_blank'>LO</a> ; <a href= '/diesel-spray-combustion/experimental-diagnostics/light-based-ignition-delay/' target='_blank'>ID</a>,-,-,-,-,-,-,-,-,-,1025,974,-,-,-,7.77,7.5,2.06,1.005,-,-,-,-,-,-,139.06,-,-,-,-,-,-,-,-,<a href= '/diesel-spray-combustion/sandia-cv/injector-characterization/' target='_blank'>rate of injection</a>,-,-,5.9,-,-,52.1,-,-,-,-,-,-,-,-,-,-,-,-,0.052,-,-,-,-,42.5,-,-,1.57,-,-,-,-,-, <a href='/cvdata/assets/datafiles/press/aibdhDL-press.txt' target='_blank'>PvsT</a>,-,-,-,-,-,-,-,-,-,-,-
390,21,950,7.3,0.180-a,-,140,>4,D2,373,Sandia,#AJBDHDLL,-,<a href= '/diesel-spray-combustion/experimental-diagnostics/lift-off-length/' target='_blank'>LO</a> ; <a href= '/diesel-spray-combustion/experimental-diagnostics/light-based-ignition-delay/' target='_blank'>ID</a>,-,21,-,O2 = 21.00;N2 = 69.33;CO2 = 6.11;H2O = 3.56;,-,29.47,954.5,1.1,&plusmn; 0.5,987.9,931.9,7.26,0.01,&plusmn; 0.00,8.09,7.44,1.96,1.004,-,-,-,-,-,<a href= '/diesel-spray-combustion/sandia-cv/combustion-vessel-geometry/' target='_blank'>Vesssel Geometry</a>,138.4;<a href= '/cvdata/assets/datafiles/fuelpress/AJBDHDL-fuelP.txt' target='_blank'>fuel pressure vs time</a>,0.4,&plusmn; 0.6,373,-,-,-,-,-,-,-,-,7.3,0.02,-,66.26,-,-,0.77,-,-,-,0.18,-,<a href='/diesel-spray-combustion/sandia-cv/combustion-vessel-geometry/1997-to-2009/1997-to-2007/' target='_blank'>Inj. Char.</a>,-,-,-,0.051,-,-,-,-,53.32,-,-,2,-,-,-,-,-,<a href='/cvdata/assets/datafiles/press/ajbdhDL-press.txt' target='_blank'>PvsT</a>,-,-,-,-,-,-,-,-,-,-,-
391,21,1200,14.8,0.180-a,-,140,4,D2,373,Sandia,#AECDHDLL,-,<a href= '/diesel-spray-combustion/experimental-diagnostics/lift-off-length/' target='_blank'>LO</a> ; <a href= '/diesel-spray-combustion/experimental-diagnostics/light-based-ignition-delay/' target='_blank'>ID</a>,-,21,-,O2 = 21.00;N2 = 69.33;CO2 = 6.11;H2O = 3.56;,-,29.47,1200.2,1.2,&plusmn; 0.5,1207.3,1148.1,14.81,0.02,&plusmn; 0.01,15.1,15.48,5.06,1.01,-,-,-,-,-,<a href= '/diesel-spray-combustion/sandia-cv/combustion-vessel-geometry/' target='_blank'>Vesssel Geometry</a>,144.0;<a href= '/cvdata/assets/datafiles/fuelpress/AECDHDL-fuelP.txt' target='_blank'>fuel pressure vs time</a>,0.7,&plusmn; 0.7,373,-,-,-,-,-,-,-,-,4.79,0.05,-,43.98,-,-,0.77,-,-,-,0.18,-,<a href='/diesel-spray-combustion/sandia-cv/combustion-vessel-geometry/1997-to-2009/1997-to-2007/' target='_blank'>Inj. Char.</a>,-,-,-,0.05,-,-,-,-,13.97,-,-,0.33,-,-,-,-,-,<a href='/cvdata/assets/datafiles/press/aecdhDL-press.txt' target='_blank'>PvsT</a>,-,-,-,-,-,-,-,-,-,-,-
392,21,1000,14.8,0.180-a,-,140,3,D2,373,Sandia,#AICDHDL3,-,<a href= '/diesel-spray-combustion/experimental-diagnostics/lift-off-length/' target='_blank'>LO</a> ; <a href= '/diesel-spray-combustion/experimental-diagnostics/light-based-ignition-delay/' target='_blank'>ID</a>,-,21,-,O2 = 21.00;N2 = 69.33;CO2 = 6.11;H2O = 3.56;,-,29.47,1002.5,2.2,&plusmn; 0.4,1009.7,969.5,14.81,0.03,&plusmn; 0.01,15.14,15.31,4.23,1.01,-,-,-,-,-,<a href= '/diesel-spray-combustion/sandia-cv/combustion-vessel-geometry/' target='_blank'>Vesssel Geometry</a>,143.7;<a href= '/cvdata/assets/datafiles/fuelpress/AICDHDL-fuelP.txt' target='_blank'>fuel pressure vs time</a>,1.3,&plusmn; 0.7,373,-,-,-,-,-,-,-,-,4.57,0.03,-,41.83,-,-,0.77,-,-,-,0.18,-,<a href='/diesel-spray-combustion/sandia-cv/combustion-vessel-geometry/1997-to-2009/1997-to-2007/' target='_blank'>Inj. Char.</a>,-,-,-,0.051,-,-,-,-,23.97,-,-,0.57,-,-,-,-,-,<a href='/cvdata/assets/datafiles/press/aicdhDL-press.txt' target='_blank'>PvsT</a>,-,-,-,-,-,-,-,-,-,-,-
393,21,900,14.8,0.180-a,-,130,>4,D2,373,Sandia,#AKCDHDLL,-,<a href= '/diesel-spray-combustion/experimental-diagnostics/lift-off-length/' target='_blank'>LO</a> ; <a href= '/diesel-spray-combustion/experimental-diagnostics/light-based-ignition-delay/' target='_blank'>ID</a>,-,21,-,O2 = 21.00;N2 = 69.33;CO2 = 6.11;H2O = 3.56;,-,29.47,902.2,1.2,&plusmn; 0.5,913.9,877.7,14.81,0.02,&plusmn; 0.01,15.4,15.22,3.8,1.009,-,-,-,-,-,<a href= '/diesel-spray-combustion/sandia-cv/combustion-vessel-geometry/' target='_blank'>Vesssel Geometry</a>,138.7;<a href= '/cvdata/assets/datafiles/fuelpress/AKCDHDL-fuelP.txt' target='_blank'>fuel pressure vs time</a>,0.6,&plusmn; 0.6,373,-,-,-,-,-,-,-,-,5.85,0.02,-,53.43,-,-,0.77,-,-,-,0.18,-,<a href='/diesel-spray-combustion/sandia-cv/combustion-vessel-geometry/1997-to-2009/1997-to-2007/' target='_blank'>Inj. Char.</a>,-,-,-,0.051,-,-,-,-,33.58,-,-,0.88,-,-,-,-,-,<a href='/cvdata/assets/datafiles/press/akcdhDL-press.txt' target='_blank'>PvsT</a>,-,-,-,-,-,-,-,-,-,-,-
394,21,850,14.8,0.180-a,-,130,>4,D2,373,Sandia,#ALCDHDLL,-,<a href= '/diesel-spray-combustion/experimental-diagnostics/lift-off-length/' target='_blank'>LO</a> ; <a href= '/diesel-spray-combustion/experimental-diagnostics/light-based-ignition-delay/' target='_blank'>ID</a>,-,21,-,O2 = 21.00;N2 = 69.33;CO2 = 6.11;H2O = 3.56;,-,29.47,851.2,0.8,&plusmn; 0.1,863,830.6,14.81,0.01,&plusmn; 0.00,15.45,15.18,3.59,1.009,-,-,-,-,-,<a href= '/diesel-spray-combustion/sandia-cv/combustion-vessel-geometry/' target='_blank'>Vesssel Geometry</a>,140.7;<a href= '/cvdata/assets/datafiles/fuelpress/ALCDHDL-fuelP.txt' target='_blank'>fuel pressure vs time</a>,2.4,&plusmn; 0.8,373,-,-,-,-,-,-,-,-,5.81,0.05,-,53.03,-,-,0.77,-,-,-,0.18,-,<a href='/diesel-spray-combustion/sandia-cv/combustion-vessel-geometry/1997-to-2009/1997-to-2007/' target='_blank'>Inj. Char.</a>,-,-,-,0.051,-,-,-,-,42.3,-,-,1.25,-,-,-,-,-,<a href='/cvdata/assets/datafiles/press/alcdhDL-press.txt' target='_blank'>PvsT</a>,-,-,-,-,-,-,-,-,-,-,-
395,21,800,14.8,0.180-a,-,130,>4,D2,373,Sandia,#AMCDHDLL,-,<a href= '/diesel-spray-combustion/experimental-diagnostics/lift-off-length/' target='_blank'>LO</a> ; <a href= '/diesel-spray-combustion/experimental-diagnostics/light-based-ignition-delay/' target='_blank'>ID</a>,-,21,-,O2 = 21.00;N2 = 69.33;CO2 = 6.11;H2O = 3.56;,-,29.47,801.6,1.2,&plusmn; 0.5,817.1,784.9,14.8,0.02,&plusmn; 0.01,15.69,15.12,3.38,1.009,-,-,-,-,-,<a href= '/diesel-spray-combustion/sandia-cv/combustion-vessel-geometry/' target='_blank'>Vesssel Geometry</a>,138.3;<a href= '/cvdata/assets/datafiles/fuelpress/AMCDHDL-fuelP.txt' target='_blank'>fuel pressure vs time</a>,0.8,&plusmn; 0.7,373,-,-,-,-,-,-,-,-,6.73,0.13,-,61.41,-,-,0.77,-,-,-,0.18,-,<a href='/diesel-spray-combustion/sandia-cv/combustion-vessel-geometry/1997-to-2009/1997-to-2007/' target='_blank'>Inj. Char.</a>,-,-,-,0.051,-,-,-,-,62.85,-,-,1.95,-,-,-,-,-,<a href='/cvdata/assets/datafiles/press/amcdhDL-press.txt' target='_blank'>PvsT</a>,-,-,-,-,-,-,-,-,-,-,-
396,21,1200,30,0.180-a,-,140,>4,D2,373,Sandia,#AEDDHDLL,-,<a href= '/diesel-spray-combustion/experimental-diagnostics/lift-off-length/' target='_blank'>LO</a> ; <a href= '/diesel-spray-combustion/experimental-diagnostics/light-based-ignition-delay/' target='_blank'>ID</a>,-,21,-,O2 = 21.00;N2 = 69.33;CO2 = 6.11;H2O = 3.56;,-,29.47,1190.2,7.9,&plusmn; 7.9,1195.2,1130.5,30.13,0,&plusmn; 0.00,30.55,31.72,10.34,1.022,-,-,-,-,-,<a href= '/diesel-spray-combustion/sandia-cv/combustion-vessel-geometry/' target='_blank'>Vesssel Geometry</a>,151.0;<a href= '/cvdata/assets/datafiles/fuelpress/AEDDHDL-fuelP.txt' target='_blank'>fuel pressure vs time</a>,0.2,&plusmn; 0.6,373,-,-,-,-,-,-,-,-,5.41,0.05,-,50.51,-,-,0.77,-,-,-,0.18,-,<a href='/diesel-spray-combustion/sandia-cv/combustion-vessel-geometry/1997-to-2009/1997-to-2007/' target='_blank'>Inj. Char.</a>,-,-,-,0.049,-,-,-,-,8.13,-,-,0.29,-,-,-,-,-,<a href='/cvdata/assets/datafiles/press/aeddhDL-press.txt' target='_blank'>PvsT</a>,-,-,-,-,-,-,-,-,-,-,-
397,21,1000,30,0.180-a,-,140,>4,D2,373,Sandia,#AIDDHDLL,-,<a href= '/diesel-spray-combustion/experimental-diagnostics/lift-off-length/' target='_blank'>LO</a> ; <a href= '/diesel-spray-combustion/experimental-diagnostics/light-based-ignition-delay/' target='_blank'>ID</a>,-,21,-,O2 = 21.00;N2 = 69.33;CO2 = 6.11;H2O = 3.56;,-,29.47,999.7,1.7,&plusmn; 1.7,1005.4,961.4,30.03,0.06,&plusmn; 0.06,30.56,31.22,8.64,1.021,-,-,-,-,-,<a href= '/diesel-spray-combustion/sandia-cv/combustion-vessel-geometry/' target='_blank'>Vesssel Geometry</a>,150.3;<a href= '/cvdata/assets/datafiles/fuelpress/AIDDHDL-fuelP.txt' target='_blank'>fuel pressure vs time</a>,0.4,&plusmn; 0.8,373,-,-,-,-,-,-,-,-,5.31,0.02,-,49.32,-,-,0.77,-,-,-,0.18,-,<a href='/diesel-spray-combustion/sandia-cv/combustion-vessel-geometry/1997-to-2009/1997-to-2007/' target='_blank'>Inj. Char.</a>,-,-,-,0.05,-,-,-,-,13.54,-,-,0.31,-,-,-,-,-,<a href='/cvdata/assets/datafiles/press/aiddhDL-press.txt' target='_blank'>PvsT</a>,-,-,-,-,-,-,-,-,-,-,-
398,21,900,30,0.180-a,-,140,>4,D2,373,Sandia,#AKDDHDLL,-,<a href= '/diesel-spray-combustion/experimental-diagnostics/lift-off-length/' target='_blank'>LO</a> ; <a href= '/diesel-spray-combustion/experimental-diagnostics/light-based-ignition-delay/' target='_blank'>ID</a>,-,21,-,O2 = 21.00;N2 = 69.33;CO2 = 6.11;H2O = 3.56;,-,29.47,901.4,1.4,&plusmn; 1.4,907.2,873.3,29.98,0.04,&plusmn; 0.04,30.58,30.95,7.77,1.02,-,-,-,-,-,<a href= '/diesel-spray-combustion/sandia-cv/combustion-vessel-geometry/' target='_blank'>Vesssel Geometry</a>,150.5;<a href= '/cvdata/assets/datafiles/fuelpress/AKDDHDL-fuelP.txt' target='_blank'>fuel pressure vs time</a>,0,&plusmn; 0.4,373,-,-,-,-,-,-,-,-,5.35,0.07,-,49.51,-,-,0.77,-,-,-,0.18,-,<a href='/diesel-spray-combustion/sandia-cv/combustion-vessel-geometry/1997-to-2009/1997-to-2007/' target='_blank'>Inj. Char.</a>,-,-,-,0.05,-,-,-,-,18.28,-,-,0.51,-,-,-,-,-,<a href='/cvdata/assets/datafiles/press/akddhDL-press.txt' target='_blank'>PvsT</a>,-,-,-,-,-,-,-,-,-,-,-
399,21,800,30,0.180-a,-,140,>4,D2,373,Sandia,#AMDDHDLL,-,<a href= '/diesel-spray-combustion/experimental-diagnostics/lift-off-length/' target='_blank'>LO</a> ; <a href= '/diesel-spray-combustion/experimental-diagnostics/light-based-ignition-delay/' target='_blank'>ID</a>,-,21,-,O2 = 21.00;N2 = 69.33;CO2 = 6.11;H2O = 3.56;,-,29.47,802.1,1.5,&plusmn; 1.5,808.9,783.1,30,0.05,&plusmn; 0.05,30.79,30.73,6.91,1.018,-,-,-,-,-,<a href= '/diesel-spray-combustion/sandia-cv/combustion-vessel-geometry/' target='_blank'>Vesssel Geometry</a>,145.1;<a href= '/cvdata/assets/datafiles/fuelpress/AMDDHDL-fuelP.txt' target='_blank'>fuel pressure vs time</a>,0.6,&plusmn; 1.0,373,-,-,-,-,-,-,-,-,5.77,0.05,-,53.24,-,-,0.77,-,-,-,0.18,-,<a href='/diesel-spray-combustion/sandia-cv/combustion-vessel-geometry/1997-to-2009/1997-to-2007/' target='_blank'>Inj. Char.</a>,-,-,-,0.05,-,-,-,-,30.69,-,-,1.08,-,-,-,-,-,<a href='/cvdata/assets/datafiles/press/amddhDL-press.txt' target='_blank'>PvsT</a>,-,-,-,-,-,-,-,-,-,-,-
400,21,950,7.3,0.180-a,-,140,>4,CN80,373,Sandia,#AJBDH8LL,-,<a href= '/diesel-spray-combustion/experimental-diagnostics/lift-off-length/' target='_blank'>LO</a> ; <a href= '/diesel-spray-combustion/experimental-diagnostics/light-based-ignition-delay/' target='_blank'>ID</a>,-,21,-,O2 = 21.00;N2 = 69.33;CO2 = 6.11;H2O = 3.56;,-,29.47,951.9,1.8,&plusmn; 0.7,973.4,929.4,7.27,0.01,&plusmn; 0.00,7.79,7.44,1.96,1.004,-,-,-,-,-,<a href= '/diesel-spray-combustion/sandia-cv/combustion-vessel-geometry/' target='_blank'>Vesssel Geometry</a>,140.6;<a href= '/cvdata/assets/datafiles/fuelpress/AJBDH8L-fuelP.txt' target='_blank'>fuel pressure vs time</a>,0.8,&plusmn; 0.7,373,-,-,-,-,-,-,-,-,5.13,0.2,-,45.27,-,-,0.77,-,-,-,0.18,-,<a href='/diesel-spray-combustion/sandia-cv/combustion-vessel-geometry/1997-to-2009/1997-to-2007/' target='_blank'>Inj. Char.</a>,-,-,-,0.051,-,-,-,-,39.54,-,-,-,-,-,-,-,-,<a href='/cvdata/assets/datafiles/press/ajbdh8L-press.txt' target='_blank'>PvsT</a>,-,-,-,-,-,-,-,-,-,-,-
401,21,1000,7.3,0.180-a,-,140,>4,CN80,373,Sandia,#AIBDH8LL,-,<a href= '/diesel-spray-combustion/experimental-diagnostics/lift-off-length/' target='_blank'>LO</a> ; <a href= '/diesel-spray-combustion/experimental-diagnostics/light-based-ignition-delay/' target='_blank'>ID</a>,-,21,-,O2 = 21.00;N2 = 69.33;CO2 = 6.11;H2O = 3.56;,-,29.47,1003,1.1,&plusmn; 0.4,1019.9,977,7.26,0.01,&plusmn; 0.00,7.66,7.46,2.06,1.005,-,-,-,-,-,<a href= '/diesel-spray-combustion/sandia-cv/combustion-vessel-geometry/' target='_blank'>Vesssel Geometry</a>,139.5;<a href= '/cvdata/assets/datafiles/fuelpress/AIBDH8L-fuelP.txt' target='_blank'>fuel pressure vs time</a>,0.1,&plusmn; 0.4,373,-,-,-,-,-,-,-,-,4.34,0.13,-,38.26,-,-,0.77,-,-,-,0.18,-,<a href='/diesel-spray-combustion/sandia-cv/combustion-vessel-geometry/1997-to-2009/1997-to-2007/' target='_blank'>Inj. Char.</a>,-,-,-,0.051,-,-,-,-,34.06,-,-,-,-,-,-,-,-,<a href='/cvdata/assets/datafiles/press/aibdh8L-press.txt' target='_blank'>PvsT</a>,-,-,-,-,-,-,-,-,-,-,-
402,21,1050,7.3,0.180-a,-,140,>4,CN80,373,Sandia,#AHBDH8LL,-,<a href= '/diesel-spray-combustion/experimental-diagnostics/lift-off-length/' target='_blank'>LO</a> ; <a href= '/diesel-spray-combustion/experimental-diagnostics/light-based-ignition-delay/' target='_blank'>ID</a>,-,21,-,O2 = 21.00;N2 = 69.33;CO2 = 6.11;H2O = 3.56;,-,29.47,1050.5,1.4,&plusmn; 0.6,1067.5,1021.1,7.27,0.01,&plusmn; 0.00,7.66,7.48,2.16,1.005,-,-,-,-,-,<a href= '/diesel-spray-combustion/sandia-cv/combustion-vessel-geometry/' target='_blank'>Vesssel Geometry</a>,141.6;<a href= '/cvdata/assets/datafiles/fuelpress/AHBDH8L-fuelP.txt' target='_blank'>fuel pressure vs time</a>,1.7,&plusmn; 1.1,373,-,-,-,-,-,-,-,-,4.84,0.2,-,42.68,-,-,0.77,-,-,-,0.18,-,<a href='/diesel-spray-combustion/sandia-cv/combustion-vessel-geometry/1997-to-2009/1997-to-2007/' target='_blank'>Inj. Char.</a>,-,-,-,0.051,-,-,-,-,28.92,-,-,-,-,-,-,-,-,<a href='/cvdata/assets/datafiles/press/ahbdh8L-press.txt' target='_blank'>PvsT</a>,-,-,-,-,-,-,-,-,-,-,-
403,21,1100,7.3,0.180-a,-,140,>4,CN80,373,Sandia,#AGBDH8LL,-,<a href= '/diesel-spray-combustion/experimental-diagnostics/lift-off-length/' target='_blank'>LO</a> ; <a href= '/diesel-spray-combustion/experimental-diagnostics/light-based-ignition-delay/' target='_blank'>ID</a>,-,21,-,O2 = 21.00;N2 = 69.33;CO2 = 6.11;H2O = 3.56;,-,29.47,1100.9,4.3,&plusmn; 1.7,1118,1067.7,7.28,0.01,&plusmn; 0.00,7.65,7.5,2.27,1.005,-,-,-,-,-,<a href= '/diesel-spray-combustion/sandia-cv/combustion-vessel-geometry/' target='_blank'>Vesssel Geometry</a>,141.0;<a href= '/cvdata/assets/datafiles/fuelpress/AGBDH8L-fuelP.txt' target='_blank'>fuel pressure vs time</a>,0.2,&plusmn; 0.5,373,-,-,-,-,-,-,-,-,4.8,0.14,-,42.4,-,-,0.77,-,-,-,0.18,-,<a href='/diesel-spray-combustion/sandia-cv/combustion-vessel-geometry/1997-to-2009/1997-to-2007/' target='_blank'>Inj. Char.</a>,-,-,-,0.051,-,-,-,-,25.69,-,-,-,-,-,-,-,-,<a href='/cvdata/assets/datafiles/press/agbdh8L-press.txt' target='_blank'>PvsT</a>,-,-,-,-,-,-,-,-,-,-,-
404,21,1200,7.3,0.180-a,-,140,>4,CN80,373,Sandia,#AEBDH8LL,-,<a href= '/diesel-spray-combustion/experimental-diagnostics/lift-off-length/' target='_blank'>LO</a> ; <a href= '/diesel-spray-combustion/experimental-diagnostics/light-based-ignition-delay/' target='_blank'>ID</a>,-,21,-,O2 = 21.00;N2 = 69.33;CO2 = 6.11;H2O = 3.56;,-,29.47,1200.8,0.9,&plusmn; 0.5,1217.6,1159.4,7.27,0,&plusmn; 0.00,7.61,7.53,2.47,1.005,-,-,-,-,-,<a href= '/diesel-spray-combustion/sandia-cv/combustion-vessel-geometry/' target='_blank'>Vesssel Geometry</a>,142.0;<a href= '/cvdata/assets/datafiles/fuelpress/AEBDH8L-fuelP.txt' target='_blank'>fuel pressure vs time</a>,2,&plusmn; 1.4,373,-,-,-,-,-,-,-,-,4.83,0.15,-,42.66,-,-,0.77,-,-,-,0.18,-,<a href='/diesel-spray-combustion/sandia-cv/combustion-vessel-geometry/1997-to-2009/1997-to-2007/' target='_blank'>Inj. Char.</a>,-,-,-,0.051,-,-,-,-,20.07,-,-,-,-,-,-,-,-,<a href='/cvdata/assets/datafiles/press/aebdh8L-press.txt' target='_blank'>PvsT</a>,-,-,-,-,-,-,-,-,-,-,-
405,21,800,14.8,0.180-a,-,140,>4,CN80,373,Sandia,#AMCDH8LL,-,<a href= '/diesel-spray-combustion/experimental-diagnostics/lift-off-length/' target='_blank'>LO</a> ; <a href= '/diesel-spray-combustion/experimental-diagnostics/light-based-ignition-delay/' target='_blank'>ID</a>,-,21,-,O2 = 21.00;N2 = 69.33;CO2 = 6.11;H2O = 3.56;,-,29.47,804.1,2.3,&plusmn; 0.9,816.4,787.2,14.76,0.03,&plusmn; 0.01,15.45,15.08,3.38,1.009,-,-,-,-,-,<a href= '/diesel-spray-combustion/sandia-cv/combustion-vessel-geometry/' target='_blank'>Vesssel Geometry</a>,141.7;<a href= '/cvdata/assets/datafiles/fuelpress/AMCDH8L-fuelP.txt' target='_blank'>fuel pressure vs time</a>,1.3,&plusmn; 0.9,373,-,-,-,-,-,-,-,-,5.24,0.14,-,46.39,-,-,0.77,-,-,-,0.18,-,<a href='/diesel-spray-combustion/sandia-cv/combustion-vessel-geometry/1997-to-2009/1997-to-2007/' target='_blank'>Inj. Char.</a>,-,-,-,0.051,-,-,-,-,36.42,-,-,-,-,-,-,-,-,<a href='/cvdata/assets/datafiles/press/amcdh8L-press.txt' target='_blank'>PvsT</a>,-,-,-,-,-,-,-,-,-,-,-
406,21,850,14.8,0.180-a,-,140,>4,CN80,373,Sandia,#ALCDH8LL,-,<a href= '/diesel-spray-combustion/experimental-diagnostics/lift-off-length/' target='_blank'>LO</a> ; <a href= '/diesel-spray-combustion/experimental-diagnostics/light-based-ignition-delay/' target='_blank'>ID</a>,-,21,-,O2 = 21.00;N2 = 69.33;CO2 = 6.11;H2O = 3.56;,-,29.47,852,1.5,&plusmn; 0.1,855.5,831.4,14.79,0.02,&plusmn; 0.00,14.98,15.16,3.59,1.009,-,-,-,-,-,<a href= '/diesel-spray-combustion/sandia-cv/combustion-vessel-geometry/' target='_blank'>Vesssel Geometry</a>,143.5;<a href= '/cvdata/assets/datafiles/fuelpress/ALCDH8L-fuelP.txt' target='_blank'>fuel pressure vs time</a>,1.6,&plusmn; 0.6,373,-,-,-,-,-,-,-,-,5.41,0.21,-,47.94,-,-,0.77,-,-,-,0.18,-,<a href='/diesel-spray-combustion/sandia-cv/combustion-vessel-geometry/1997-to-2009/1997-to-2007/' target='_blank'>Inj. Char.</a>,-,-,-,0.051,-,-,-,-,28.09,-,-,-,-,-,-,-,-,<a href='/cvdata/assets/datafiles/press/alcdh8L-press.txt' target='_blank'>PvsT</a>,-,-,-,-,-,-,-,-,-,-,-
407,21,900,14.8,0.180-a,-,140,>4,CN80,373,Sandia,#AKCDH8LL,-,<a href= '/diesel-spray-combustion/experimental-diagnostics/lift-off-length/' target='_blank'>LO</a> ; <a href= '/diesel-spray-combustion/experimental-diagnostics/light-based-ignition-delay/' target='_blank'>ID</a>,-,21,-,O2 = 21.00;N2 = 69.33;CO2 = 6.11;H2O = 3.56;,-,29.47,906.2,1.3,&plusmn; 0.5,916,881.7,14.74,0.01,&plusmn; 0.01,15.24,15.15,3.8,1.009,-,-,-,-,-,<a href= '/diesel-spray-combustion/sandia-cv/combustion-vessel-geometry/' target='_blank'>Vesssel Geometry</a>,142.6;<a href= '/cvdata/assets/datafiles/fuelpress/AKCDH8L-fuelP.txt' target='_blank'>fuel pressure vs time</a>,1.3,&plusmn; 0.9,373,-,-,-,-,-,-,-,-,4.76,0.18,-,42.24,-,-,0.77,-,-,-,0.18,-,<a href='/diesel-spray-combustion/sandia-cv/combustion-vessel-geometry/1997-to-2009/1997-to-2007/' target='_blank'>Inj. Char.</a>,-,-,-,0.051,-,-,-,-,24.91,-,-,-,-,-,-,-,-,<a href='/cvdata/assets/datafiles/press/akcdh8L-press.txt' target='_blank'>PvsT</a>,-,-,-,-,-,-,-,-,-,-,-
408,21,950,14.8,0.180-a,-,140,>4,CN80,373,Sandia,#AJCDH8LL,-,<a href= '/diesel-spray-combustion/experimental-diagnostics/lift-off-length/' target='_blank'>LO</a> ; <a href= '/diesel-spray-combustion/experimental-diagnostics/light-based-ignition-delay/' target='_blank'>ID</a>,-,21,-,O2 = 21.00;N2 = 69.33;CO2 = 6.11;H2O = 3.56;,-,29.47,955.8,1.5,&plusmn; 0.6,965.7,927.1,14.75,0.02,&plusmn; 0.01,15.23,15.21,4.01,1.009,-,-,-,-,-,<a href= '/diesel-spray-combustion/sandia-cv/combustion-vessel-geometry/' target='_blank'>Vesssel Geometry</a>,143.2;<a href= '/cvdata/assets/datafiles/fuelpress/AJCDH8L-fuelP.txt' target='_blank'>fuel pressure vs time</a>,0.5,&plusmn; 0.6,373,-,-,-,-,-,-,-,-,4.82,0.13,-,42.83,-,-,0.77,-,-,-,0.18,-,<a href='/diesel-spray-combustion/sandia-cv/combustion-vessel-geometry/1997-to-2009/1997-to-2007/' target='_blank'>Inj. Char.</a>,-,-,-,0.051,-,-,-,-,21.26,-,-,-,-,-,-,-,-,<a href='/cvdata/assets/datafiles/press/ajcdh8L-press.txt' target='_blank'>PvsT</a>,-,-,-,-,-,-,-,-,-,-,-
409,21,1000,14.8,0.180-a,-,140,>4,CN80,373,Sandia,#AICDH8LL,-,<a href= '/diesel-spray-combustion/experimental-diagnostics/lift-off-length/' target='_blank'>LO</a>; <a href= '/diesel-spray-combustion/experimental-diagnostics/light-based-ignition-delay/' target='_blank'>ID</a>; <a href= '/diesel-spray-combustion/experimental-diagnostics/soot/' target='_blank'>SO</a>,-,21,-,O2 = 21.00;N2 = 69.33;CO2 = 6.11;H2O = 3.56;,-,29.47,1003.5,1.6,&plusmn; 0.1,1011.1,970.5,14.79,0.02,&plusmn; 0.00,15.14,15.29,4.23,1.01,-,-,-,-,-,<a href= '/diesel-spray-combustion/sandia-cv/combustion-vessel-geometry/' target='_blank'>Vesssel Geometry</a>,144.4;<a href= '/cvdata/assets/datafiles/fuelpress/AICDH8L-fuelP.txt' target='_blank'>fuel pressure vs time</a>,1.3,&plusmn; 0.5,373,-,-,-,-,-,-,-,-,5.35,0.26,-,47.56,-,-,0.77,-,-,-,0.18,-,<a href='/diesel-spray-combustion/sandia-cv/combustion-vessel-geometry/1997-to-2009/1997-to-2007/' target='_blank'>Inj. Char.</a>,-,-,-,0.051,-,-,-,-,18.32,-,-,-,-,-,-,-,-,<a href='/cvdata/assets/datafiles/press/aicdh8L-press.txt' target='_blank'>PvsT</a>,-,-,-,-,-,-,-,-,<a href='/cvdata/assets/datafiles/soot/aicdh8l.jpg' target='_blank'>img</a> <a href='/cvdata/assets/datafiles/soot/aicdh8l-img.zip' target='_blank'>f<sub>v</sub></a> <a href='/cvdata/assets/datafiles/soot/aicdh8l.png' target='_blank'>png-img</a> <a href='/cvdata/assets/datafiles/soot/aicdh8l-png2fvNotes.txt' target='_blank'>png2fv</a>,-,-
410,21,1100,14.8,0.180-a,-,140,>4,CN80,373,Sandia,#AGCDH8LL,-,<a href= '/diesel-spray-combustion/experimental-diagnostics/lift-off-length/' target='_blank'>LO</a> ; <a href= '/diesel-spray-combustion/experimental-diagnostics/light-based-ignition-delay/' target='_blank'>ID</a>,-,21,-,O2 = 21.00;N2 = 69.33;CO2 = 6.11;H2O = 3.56;,-,29.47,1104.5,2,&plusmn; 0.8,1114.1,1062.1,14.76,0.02,&plusmn; 0.01,15.18,15.35,4.64,1.01,-,-,-,-,-,<a href= '/diesel-spray-combustion/sandia-cv/combustion-vessel-geometry/' target='_blank'>Vesssel Geometry</a>,144.4;<a href= '/cvdata/assets/datafiles/fuelpress/AGCDH8L-fuelP.txt' target='_blank'>fuel pressure vs time</a>,0.8,&plusmn; 0.7,373,-,-,-,-,-,-,-,-,4.96,0.05,-,44.12,-,-,0.77,-,-,-,0.18,-,<a href='/diesel-spray-combustion/sandia-cv/combustion-vessel-geometry/1997-to-2009/1997-to-2007/' target='_blank'>Inj. Char.</a>,-,-,-,0.05,-,-,-,-,14.69,-,-,-,-,-,-,-,-,<a href='/cvdata/assets/datafiles/press/agcdh8L-press.txt' target='_blank'>PvsT</a>,-,-,-,-,-,-,-,-,-,-,-
411,21,1200,14.8,0.180-a,-,140,>4,CN80,373,Sandia,#AECDH8LL,-,<a href= '/diesel-spray-combustion/experimental-diagnostics/lift-off-length/' target='_blank'>LO</a> ; <a href= '/diesel-spray-combustion/experimental-diagnostics/light-based-ignition-delay/' target='_blank'>ID</a>,-,21,-,O2 = 21.00;N2 = 69.33;CO2 = 6.11;H2O = 3.56;,-,29.47,1203,1.5,&plusmn; 0.6,1212.2,1150.4,14.77,0.02,&plusmn; 0.01,15.15,15.44,5.06,1.01,-,-,-,-,-,<a href= '/diesel-spray-combustion/sandia-cv/combustion-vessel-geometry/' target='_blank'>Vesssel Geometry</a>,143.9;<a href= '/cvdata/assets/datafiles/fuelpress/AECDH8L-fuelP.txt' target='_blank'>fuel pressure vs time</a>,0.4,&plusmn; 0.6,373,-,-,-,-,-,-,-,-,4.98,0.02,-,44.36,-,-,0.77,-,-,-,0.18,-,<a href='/diesel-spray-combustion/sandia-cv/combustion-vessel-geometry/1997-to-2009/1997-to-2007/' target='_blank'>Inj. Char.</a>,-,-,-,0.05,-,-,-,-,11.68,-,-,-,-,-,-,-,-,<a href='/cvdata/assets/datafiles/press/aecdh8L-press.txt' target='_blank'>PvsT</a>,-,-,-,-,-,-,-,-,-,-,-
412,21,1300,14.8,0.180-a,-,140,>4,CN80,373,Sandia,#ACCDH8LL,-,<a href= '/diesel-spray-combustion/experimental-diagnostics/lift-off-length/' target='_blank'>LO</a> ; <a href= '/diesel-spray-combustion/experimental-diagnostics/light-based-ignition-delay/' target='_blank'>ID</a>,-,21,-,O2 = 21.00;N2 = 69.33;CO2 = 6.11;H2O = 3.56;,-,29.47,1306,1.5,&plusmn; 0.6,1315,1242.5,14.75,0.01,&plusmn; 0.01,15.09,15.5,5.49,1.01,-,-,-,-,-,<a href= '/diesel-spray-combustion/sandia-cv/combustion-vessel-geometry/' target='_blank'>Vesssel Geometry</a>,145.2;<a href= '/cvdata/assets/datafiles/fuelpress/ACCDH8L-fuelP.txt' target='_blank'>fuel pressure vs time</a>,0.6,&plusmn; 0.6,373,-,-,-,-,-,-,-,-,4.98,0.04,-,44.42,-,-,0.77,-,-,-,0.18,-,<a href='/diesel-spray-combustion/sandia-cv/combustion-vessel-geometry/1997-to-2009/1997-to-2007/' target='_blank'>Inj. Char.</a>,-,-,-,0.05,-,-,-,-,9.11,-,-,-,-,-,-,-,-,<a href='/cvdata/assets/datafiles/press/accdh8L-press.txt' target='_blank'>PvsT</a>,-,-,-,-,-,-,-,-,-,-,-
413,21,800,30,0.180-a,-,140,>4,CN80,373,Sandia,#AMDDH8LL,-,<a href= '/diesel-spray-combustion/experimental-diagnostics/lift-off-length/' target='_blank'>LO</a> ; <a href= '/diesel-spray-combustion/experimental-diagnostics/light-based-ignition-delay/' target='_blank'>ID</a>,-,21,-,O2 = 21.00;N2 = 69.33;CO2 = 6.11;H2O = 3.56;,-,29.47,801.1,0.8,&plusmn; 0.8,808.1,781.9,30.03,0.05,&plusmn; 0.05,30.83,30.76,6.91,1.018,-,-,-,-,-,<a href= '/diesel-spray-combustion/sandia-cv/combustion-vessel-geometry/' target='_blank'>Vesssel Geometry</a>,147.1;<a href= '/cvdata/assets/datafiles/fuelpress/AMDDH8L-fuelP.txt' target='_blank'>fuel pressure vs time</a>,0.1,&plusmn; 0.5,373,-,-,-,-,-,-,-,-,5.33,0.02,-,47.85,-,-,0.77,-,-,-,0.18,-,<a href='/diesel-spray-combustion/sandia-cv/combustion-vessel-geometry/1997-to-2009/1997-to-2007/' target='_blank'>Inj. Char.</a>,-,-,-,0.05,-,-,-,-,22.44,-,-,-,-,-,-,-,-,<a href='/cvdata/assets/datafiles/press/amddh8L-press.txt' target='_blank'>PvsT</a>,-,-,-,-,-,-,-,-,-,-,-
414,21,850,30,0.180-a,-,140,>4,CN80,373,Sandia,#ALDDH8LL,-,<a href= '/diesel-spray-combustion/experimental-diagnostics/lift-off-length/' target='_blank'>LO</a> ; <a href= '/diesel-spray-combustion/experimental-diagnostics/light-based-ignition-delay/' target='_blank'>ID</a>,-,21,-,O2 = 21.00;N2 = 69.33;CO2 = 6.11;H2O = 3.56;,-,29.47,850.4,1.2,&plusmn; 1.2,856.2,826.9,30,0.03,&plusmn; 0.03,30.63,30.85,7.33,1.019,-,-,-,-,-,<a href= '/diesel-spray-combustion/sandia-cv/combustion-vessel-geometry/' target='_blank'>Vesssel Geometry</a>,148.0;<a href= '/cvdata/assets/datafiles/fuelpress/ALDDH8L-fuelP.txt' target='_blank'>fuel pressure vs time</a>,1.3,&plusmn; 1.7,373,-,-,-,-,-,-,-,-,5.53,0.36,-,49.65,-,-,0.77,-,-,-,0.18,-,<a href='/diesel-spray-combustion/sandia-cv/combustion-vessel-geometry/1997-to-2009/1997-to-2007/' target='_blank'>Inj. Char.</a>,-,-,-,0.05,-,-,-,-,17.29,-,-,-,-,-,-,-,-,<a href='/cvdata/assets/datafiles/press/alddh8L-press.txt' target='_blank'>PvsT</a>,-,-,-,-,-,-,-,-,-,-,-
415,21,900,30,0.180-a,-,140,>4,CN80,373,Sandia,#AKDDH8LL,-,<a href= '/diesel-spray-combustion/experimental-diagnostics/lift-off-length/' target='_blank'>LO</a> ; <a href= '/diesel-spray-combustion/experimental-diagnostics/light-based-ignition-delay/' target='_blank'>ID</a>,-,21,-,O2 = 21.00;N2 = 69.33;CO2 = 6.11;H2O = 3.56;,-,29.47,901.5,0.1,&plusmn; 0.1,907.2,873.3,29.97,0.01,&plusmn; 0.01,30.55,30.94,7.77,1.02,-,-,-,-,-,<a href= '/diesel-spray-combustion/sandia-cv/combustion-vessel-geometry/' target='_blank'>Vesssel Geometry</a>,146.8;<a href= '/cvdata/assets/datafiles/fuelpress/AKDDH8L-fuelP.txt' target='_blank'>fuel pressure vs time</a>,0.3,&plusmn; 0.7,373,-,-,-,-,-,-,-,-,4.94,0.1,-,44.43,-,-,0.77,-,-,-,0.18,-,<a href='/diesel-spray-combustion/sandia-cv/combustion-vessel-geometry/1997-to-2009/1997-to-2007/' target='_blank'>Inj. Char.</a>,-,-,-,0.05,-,-,-,-,14.18,-,-,-,-,-,-,-,-,<a href='/cvdata/assets/datafiles/press/akddh8L-press.txt' target='_blank'>PvsT</a>,-,-,-,-,-,-,-,-,-,-,-
416,21,1000,30,0.180-a,-,140,>4,CN80,373,Sandia,#AIDDH8LL,-,<a href= '/diesel-spray-combustion/experimental-diagnostics/lift-off-length/' target='_blank'>LO</a> ; <a href= '/diesel-spray-combustion/experimental-diagnostics/light-based-ignition-delay/' target='_blank'>ID</a>,-,21,-,O2 = 21.00;N2 = 69.33;CO2 = 6.11;H2O = 3.56;,-,29.47,1001.1,2,&plusmn; 2.0,1006.4,962.7,30,0.03,&plusmn; 0.03,30.51,31.2,8.65,1.021,-,-,-,-,-,<a href= '/diesel-spray-combustion/sandia-cv/combustion-vessel-geometry/' target='_blank'>Vesssel Geometry</a>,145.6;<a href= '/cvdata/assets/datafiles/fuelpress/AIDDH8L-fuelP.txt' target='_blank'>fuel pressure vs time</a>,0.4,&plusmn; 0.8,373,-,-,-,-,-,-,-,-,4.93,0.08,-,44.46,-,-,0.77,-,-,-,0.18,-,<a href='/diesel-spray-combustion/sandia-cv/combustion-vessel-geometry/1997-to-2009/1997-to-2007/' target='_blank'>Inj. Char.</a>,-,-,-,0.05,-,-,-,-,10.82,-,-,-,-,-,-,-,-,<a href='/cvdata/assets/datafiles/press/aiddh8L-press.txt' target='_blank'>PvsT</a>,-,-,-,-,-,-,-,-,-,-,-
417,21,1100,30,0.180-a,-,140,>4,CN80,373,Sandia,#AGDDH8LL,-,<a href= '/diesel-spray-combustion/experimental-diagnostics/lift-off-length/' target='_blank'>LO</a> ; <a href= '/diesel-spray-combustion/experimental-diagnostics/light-based-ignition-delay/' target='_blank'>ID</a>,-,21,-,O2 = 21.00;N2 = 69.33;CO2 = 6.11;H2O = 3.56;,-,29.47,1098.9,3.3,&plusmn; 3.3,1104.2,1049.8,30.05,0.08,&plusmn; 0.08,30.52,31.45,9.51,1.021,-,-,-,-,-,<a href= '/diesel-spray-combustion/sandia-cv/combustion-vessel-geometry/' target='_blank'>Vesssel Geometry</a>,148.1;<a href= '/cvdata/assets/datafiles/fuelpress/AGDDH8L-fuelP.txt' target='_blank'>fuel pressure vs time</a>,1,&plusmn; 1.4,373,-,-,-,-,-,-,-,-,4.94,0.03,-,44.7,-,-,0.77,-,-,-,0.18,-,<a href='/diesel-spray-combustion/sandia-cv/combustion-vessel-geometry/1997-to-2009/1997-to-2007/' target='_blank'>Inj. Char.</a>,-,-,-,0.05,-,-,-,-,8.03,-,-,-,-,-,-,-,-,<a href='/cvdata/assets/datafiles/press/agddh8L-press.txt' target='_blank'>PvsT</a>,-,-,-,-,-,-,-,-,-,-,-
418,21,1200,30,0.180-a,-,140,>4,CN80,373,Sandia,#AEDDH8LL,-,<a href= '/diesel-spray-combustion/experimental-diagnostics/lift-off-length/' target='_blank'>LO</a> ; <a href= '/diesel-spray-combustion/experimental-diagnostics/light-based-ignition-delay/' target='_blank'>ID</a>,-,21,-,O2 = 21.00;N2 = 69.33;CO2 = 6.11;H2O = 3.56;,-,29.47,1192.4,0.7,&plusmn; 0.7,1197.6,1132.8,30.04,0.01,&plusmn; 0.01,30.47,31.62,10.33,1.022,-,-,-,-,-,<a href= '/diesel-spray-combustion/sandia-cv/combustion-vessel-geometry/' target='_blank'>Vesssel Geometry</a>,148.6;<a href= '/cvdata/assets/datafiles/fuelpress/AEDDH8L-fuelP.txt' target='_blank'>fuel pressure vs time</a>,0.2,&plusmn; 0.6,373,-,-,-,-,-,-,-,-,4.58,0.37,-,41.56,-,-,0.77,-,-,-,0.18,-,<a href='/diesel-spray-combustion/sandia-cv/combustion-vessel-geometry/1997-to-2009/1997-to-2007/' target='_blank'>Inj. Char.</a>,-,-,-,0.049,-,-,-,-,6.76,-,-,-,-,-,-,-,-,<a href='/cvdata/assets/datafiles/press/aeddh8L-press.txt' target='_blank'>PvsT</a>,-,-,-,-,-,-,-,-,-,-,-
419,21,970,24.3,0.180-a,-,140,>4,CN80,373,Sandia,#AJSDH8LL,-,<a href= '/diesel-spray-combustion/experimental-diagnostics/lift-off-length/' target='_blank'>LO</a> ; <a href= '/diesel-spray-combustion/experimental-diagnostics/light-based-ignition-delay/' target='_blank'>ID</a>,-,21,-,O2 = 21.00;N2 = 69.33;CO2 = 6.11;H2O = 3.56;,-,29.47,971.3,2.2,&plusmn; 0.2,979.7,937.9,24.27,0.06,&plusmn; 0.01,24.94,25.13,6.76,1.016,-,-,-,-,-,<a href= '/diesel-spray-combustion/sandia-cv/combustion-vessel-geometry/' target='_blank'>Vesssel Geometry</a>,146.1;<a href= '/cvdata/assets/datafiles/fuelpress/AJSDH8L-fuelP.txt' target='_blank'>fuel pressure vs time</a>,1.5,&plusmn; 0.5,373,-,-,-,-,-,-,-,-,5.52,0.21,-,49.47,-,-,0.77,-,-,-,0.18,-,<a href='/diesel-spray-combustion/sandia-cv/combustion-vessel-geometry/1997-to-2009/1997-to-2007/' target='_blank'>Inj. Char.</a>,-,-,-,0.05,-,-,-,-,NaN,-,-,-,-,-,-,-,-,<a href='/cvdata/assets/datafiles/press/ajsdh8L-press.txt' target='_blank'>PvsT</a>,-,-,-,-,-,-,-,-,-,-,-
420,15,850,14.8,0.180-a,-,140,>4,CN80,373,Sandia,#JLCDH8LL,-,<a href= '/diesel-spray-combustion/experimental-diagnostics/lift-off-length/' target='_blank'>LO</a> ; <a href= '/diesel-spray-combustion/experimental-diagnostics/light-based-ignition-delay/' target='_blank'>ID</a>,-,15,-,O2 = 15.00;N2 = 75.15;CO2 = 6.22;H2O = 3.62;,-,29.24,853.2,1.4,&plusmn; 0.6,863.8,832.6,14.79,0.02,&plusmn; 0.01,15.36,15.16,3.62,1.009,-,-,-,-,-,<a href= '/diesel-spray-combustion/sandia-cv/combustion-vessel-geometry/' target='_blank'>Vesssel Geometry</a>,145.2;<a href= '/cvdata/assets/datafiles/fuelpress/JLCDH8L-fuelP.txt' target='_blank'>fuel pressure vs time</a>,0.7,&plusmn; 0.7,373,-,-,-,-,-,-,-,-,5.39,0.23,-,47.79,-,-,0.77,-,-,-,0.18,-,<a href='/diesel-spray-combustion/sandia-cv/combustion-vessel-geometry/1997-to-2009/1997-to-2007/' target='_blank'>Inj. Char.</a>,-,-,-,0.051,-,-,-,-,41.92,-,-,-,-,-,-,-,-,<a href='/cvdata/assets/datafiles/press/jlcdh8L-press.txt' target='_blank'>PvsT</a>,-,-,-,-,-,-,-,-,-,-,-
421,15,900,14.8,0.180-a,-,140,>4,CN80,373,Sandia,#JKCDH8LL,-,<a href= '/diesel-spray-combustion/experimental-diagnostics/lift-off-length/' target='_blank'>LO</a> ; <a href= '/diesel-spray-combustion/experimental-diagnostics/light-based-ignition-delay/' target='_blank'>ID</a>,-,15,-,O2 = 15.00;N2 = 75.15;CO2 = 6.22;H2O = 3.62;,-,29.24,903.9,2.1,&plusmn; 0.8,914.5,879.5,14.78,0.03,&plusmn; 0.01,15.32,15.19,3.83,1.009,-,-,-,-,-,<a href= '/diesel-spray-combustion/sandia-cv/combustion-vessel-geometry/' target='_blank'>Vesssel Geometry</a>,144.4;<a href= '/cvdata/assets/datafiles/fuelpress/JKCDH8L-fuelP.txt' target='_blank'>fuel pressure vs time</a>,0.9,&plusmn; 0.7,373,-,-,-,-,-,-,-,-,5.21,0.47,-,46.25,-,-,0.77,-,-,-,0.18,-,<a href='/diesel-spray-combustion/sandia-cv/combustion-vessel-geometry/1997-to-2009/1997-to-2007/' target='_blank'>Inj. Char.</a>,-,-,-,0.051,-,-,-,-,35.21,-,-,-,-,-,-,-,-,<a href='/cvdata/assets/datafiles/press/jkcdh8L-press.txt' target='_blank'>PvsT</a>,-,-,-,-,-,-,-,-,-,-,-
422,15,1000,14.8,0.180-a,-,140,>4,CN80,373,Sandia,#JICDH8LL,-,<a href= '/diesel-spray-combustion/experimental-diagnostics/lift-off-length/' target='_blank'>LO</a> ; <a href= '/diesel-spray-combustion/experimental-diagnostics/light-based-ignition-delay/' target='_blank'>ID</a>,-,15,-,O2 = 15.00;N2 = 75.15;CO2 = 6.22;H2O = 3.62;,-,29.24,1002,1.5,&plusmn; 0.1,1012.6,969.1,14.78,0.02,&plusmn; 0.00,15.28,15.28,4.25,1.01,-,-,-,-,-,<a href= '/diesel-spray-combustion/sandia-cv/combustion-vessel-geometry/' target='_blank'>Vesssel Geometry</a>,145.1;<a href= '/cvdata/assets/datafiles/fuelpress/JICDH8L-fuelP.txt' target='_blank'>fuel pressure vs time</a>,0.5,&plusmn; 0.4,373,-,-,-,-,-,-,-,-,5.39,0.25,-,47.88,-,-,0.77,-,-,-,0.18,-,<a href='/diesel-spray-combustion/sandia-cv/combustion-vessel-geometry/1997-to-2009/1997-to-2007/' target='_blank'>Inj. Char.</a>,-,-,-,0.051,-,-,-,-,26.2,-,-,-,-,-,-,-,-,<a href='/cvdata/assets/datafiles/press/jicdh8L-press.txt' target='_blank'>PvsT</a>,-,-,-,-,-,-,-,-,-,-,-
423,15,1100,14.8,0.180-a,-,140,>4,CN80,373,Sandia,#JGCDH8LL,-,<a href= '/diesel-spray-combustion/experimental-diagnostics/lift-off-length/' target='_blank'>LO</a> ; <a href= '/diesel-spray-combustion/experimental-diagnostics/light-based-ignition-delay/' target='_blank'>ID</a>,-,15,-,O2 = 15.00;N2 = 75.15;CO2 = 6.22;H2O = 3.62;,-,29.24,1100,4.9,&plusmn; 2.4,1108.2,1058.2,14.78,0.02,&plusmn; 0.01,15.14,15.36,4.67,1.01,-,-,-,-,-,<a href= '/diesel-spray-combustion/sandia-cv/combustion-vessel-geometry/' target='_blank'>Vesssel Geometry</a>,144.7;<a href= '/cvdata/assets/datafiles/fuelpress/JGCDH8L-fuelP.txt' target='_blank'>fuel pressure vs time</a>,0.3,&plusmn; 0.5,373,-,-,-,-,-,-,-,-,4.21,0.09,-,37.49,-,-,0.77,-,-,-,0.18,-,<a href='/diesel-spray-combustion/sandia-cv/combustion-vessel-geometry/1997-to-2009/1997-to-2007/' target='_blank'>Inj. Char.</a>,-,-,-,0.05,-,-,-,-,20.77,-,-,-,-,-,-,-,-,<a href='/cvdata/assets/datafiles/press/jgcdh8L-press.txt' target='_blank'>PvsT</a>,-,-,-,-,-,-,-,-,-,-,-
424,15,1200,14.8,0.180-a,-,140,>4,CN80,373,Sandia,#JECDH8LL,-,<a href= '/diesel-spray-combustion/experimental-diagnostics/lift-off-length/' target='_blank'>LO</a> ; <a href= '/diesel-spray-combustion/experimental-diagnostics/light-based-ignition-delay/' target='_blank'>ID</a>,-,15,-,O2 = 15.00;N2 = 75.15;CO2 = 6.22;H2O = 3.62;,-,29.24,1194.9,3.6,&plusmn; 1.4,1201.2,1143.6,14.78,0.01,&plusmn; 0.00,15.04,15.44,5.07,1.01,-,-,-,-,-,<a href= '/diesel-spray-combustion/sandia-cv/combustion-vessel-geometry/' target='_blank'>Vesssel Geometry</a>,145.1;<a href= '/cvdata/assets/datafiles/fuelpress/JECDH8L-fuelP.txt' target='_blank'>fuel pressure vs time</a>,0.3,&plusmn; 0.5,373,-,-,-,-,-,-,-,-,10.13,2.03,-,90.32,-,-,0.77,-,-,-,0.18,-,<a href='/diesel-spray-combustion/sandia-cv/combustion-vessel-geometry/1997-to-2009/1997-to-2007/' target='_blank'>Inj. Char.</a>,-,-,-,0.05,-,-,-,-,17.1,-,-,-,-,-,-,-,-,<a href='/cvdata/assets/datafiles/press/jecdh8L-press.txt' target='_blank'>PvsT</a>,-,-,-,-,-,-,-,-,-,-,-
425,15,1300,14.8,0.180-a,-,140,>4,CN80,373,Sandia,#JCCDH8LL,-,<a href= '/diesel-spray-combustion/experimental-diagnostics/lift-off-length/' target='_blank'>LO</a> ; <a href= '/diesel-spray-combustion/experimental-diagnostics/light-based-ignition-delay/' target='_blank'>ID</a>,-,15,-,O2 = 15.00;N2 = 75.15;CO2 = 6.22;H2O = 3.62;,-,29.24,1292.6,3.6,&plusmn; 3.6,1298.4,1230.4,14.82,0.03,&plusmn; 0.03,15.04,15.57,5.5,1.011,-,-,-,-,-,<a href= '/diesel-spray-combustion/sandia-cv/combustion-vessel-geometry/' target='_blank'>Vesssel Geometry</a>,144.9;<a href= '/cvdata/assets/datafiles/fuelpress/JCCDH8L-fuelP.txt' target='_blank'>fuel pressure vs time</a>,1,&plusmn; 1.4,373,-,-,-,-,-,-,-,-,5.29,0.12,-,47.2,-,-,0.77,-,-,-,0.18,-,<a href='/diesel-spray-combustion/sandia-cv/combustion-vessel-geometry/1997-to-2009/1997-to-2007/' target='_blank'>Inj. Char.</a>,-,-,-,0.05,-,-,-,-,12.85,-,-,-,-,-,-,-,-,<a href='/cvdata/assets/datafiles/press/jccdh8L-press.txt' target='_blank'>PvsT</a>,-,-,-,-,-,-,-,-,-,-,-
426,15,1000,7.3,0.180-a,-,140,>4,CN80,373,Sandia,#JIBDH8L,-,<a href= '/diesel-spray-combustion/experimental-diagnostics/lift-off-length/' target='_blank'>LO</a> ; <a href= '/diesel-spray-combustion/experimental-diagnostics/light-based-ignition-delay/' target='_blank'>ID</a>,-,-,-,-,-,-,-,-,-,1015,974,-,-,-,7.62,7.5,2.08,1.005,-,-,-,-,-,-,139.08,-,-,-,-,-,-,-,-,<a href= '/diesel-spray-combustion/sandia-cv/injector-characterization/' target='_blank'>rate of injection</a>,-,-,5.7,-,-,48.8,-,-,-,-,-,-,-,-,-,-,-,-,0.051,-,-,-,-,44.8,-,-,-,-,-,-,-,-, <a href='/cvdata/assets/datafiles/press/JIBDH8L-press.txt' target='_blank'>PvsT</a>,-,-,-,-,-,-,-,-,-,-,-
427,15,1000,30,0.180-a,-,140,>4,CN80,373,Sandia,#JIDDH8L,-,<a href= '/diesel-spray-combustion/experimental-diagnostics/lift-off-length/' target='_blank'>LO</a> ; <a href= '/diesel-spray-combustion/experimental-diagnostics/light-based-ignition-delay/' target='_blank'>ID</a>,-,-,-,-,-,-,-,-,-,999,962,-,-,-,30.5,31.2,8.7,1.021,-,-,-,-,-,-,145.7,-,-,-,-,-,-,-,-,<a href= '/diesel-spray-combustion/sandia-cv/injector-characterization/' target='_blank'>rate of injection</a>,-,-,5.5,-,-,48,-,-,-,-,-,-,-,-,-,-,-,-,0.051,-,-,-,-,14.4,-,-,-,-,-,-,-,-, <a href='/cvdata/assets/datafiles/press/JIDDH8L-press.txt' target='_blank'>PvsT</a>,-,-,-,-,-,-,-,-,-,-,-
428,15,970,24.3,0.180-a,-,140,>4,CN80,373,Sandia,#JJSDH8LL,-,<a href= '/diesel-spray-combustion/experimental-diagnostics/lift-off-length/' target='_blank'>LO</a> ; <a href= '/diesel-spray-combustion/experimental-diagnostics/light-based-ignition-delay/' target='_blank'>ID</a>,-,15,-,O2 = 15.00;N2 = 75.15;CO2 = 6.22;H2O = 3.62;,-,29.24,972.5,2.3,&plusmn; 0.2,980.3,939.1,24.26,0.04,&plusmn; 0.00,24.87,25.12,6.82,1.017,-,-,-,-,-,<a href= '/diesel-spray-combustion/sandia-cv/combustion-vessel-geometry/' target='_blank'>Vesssel Geometry</a>,146.3;<a href= '/cvdata/assets/datafiles/fuelpress/JJSDH8L-fuelP.txt' target='_blank'>fuel pressure vs time</a>,1.2,&plusmn; 0.5,373,-,-,-,-,-,-,-,-,5.57,0.54,-,49.93,-,-,0.77,-,-,-,0.18,-,<a href='/diesel-spray-combustion/sandia-cv/combustion-vessel-geometry/1997-to-2009/1997-to-2007/' target='_blank'>Inj. Char.</a>,-,-,-,0.05,-,-,-,-,19.32,-,-,-,-,-,-,-,-,<a href='/cvdata/assets/datafiles/press/jjsdh8L-press.txt' target='_blank'>PvsT</a>,-,-,-,-,-,-,-,-,-,-,-
429,21,950,7.3,0.180-a,-,140,>4,BM88,373,Sandia,#AJBDHBLL,-,<a href= '/diesel-spray-combustion/experimental-diagnostics/lift-off-length/' target='_blank'>LO</a> ; <a href= '/diesel-spray-combustion/experimental-diagnostics/light-based-ignition-delay/' target='_blank'>ID</a>,-,21,-,O2 = 21.00;N2 = 69.33;CO2 = 6.11;H2O = 3.56;,-,29.47,952.1,2.1,&plusmn; 0.8,976.8,929.6,7.31,0.01,&plusmn; 0.00,7.92,7.48,1.97,1.005,-,-,-,-,-,<a href= '/diesel-spray-combustion/sandia-cv/combustion-vessel-geometry/' target='_blank'>Vesssel Geometry</a>,141.2;<a href= '/cvdata/assets/datafiles/fuelpress/AJBDHBL-fuelP.txt' target='_blank'>fuel pressure vs time</a>,1.5,&plusmn; 1.0,373,-,-,-,-,-,-,-,-,6.64,0.09,-,65.5,-,-,0.77,-,-,-,0.18,-,<a href='/diesel-spray-combustion/sandia-cv/combustion-vessel-geometry/1997-to-2009/1997-to-2007/' target='_blank'>Inj. Char.</a>,-,-,-,0.051,-,-,-,-,46.82,-,-,-,-,-,-,-,-,<a href='/cvdata/assets/datafiles/press/ajbdhBL-press.txt' target='_blank'>PvsT</a>,-,-,-,-,-,-,-,-,-,-,-
430,21,1000,7.3,0.180-a,-,140,>4,BM88,373,Sandia,#AIBDHBLL,-,<a href= '/diesel-spray-combustion/experimental-diagnostics/lift-off-length/' target='_blank'>LO</a> ; <a href= '/diesel-spray-combustion/experimental-diagnostics/light-based-ignition-delay/' target='_blank'>ID</a>,-,21,-,O2 = 21.00;N2 = 69.33;CO2 = 6.11;H2O = 3.56;,-,29.47,1000.6,1.4,&plusmn; 0.6,1018.9,974.7,7.31,0.01,&plusmn; 0.00,7.74,7.5,2.07,1.005,-,-,-,-,-,<a href= '/diesel-spray-combustion/sandia-cv/combustion-vessel-geometry/' target='_blank'>Vesssel Geometry</a>,142.9;<a href= '/cvdata/assets/datafiles/fuelpress/AIBDHBL-fuelP.txt' target='_blank'>fuel pressure vs time</a>,2.1,&plusmn; 1.2,373,-,-,-,-,-,-,-,-,5.7,0.05,-,56.23,-,-,0.77,-,-,-,0.18,-,<a href='/diesel-spray-combustion/sandia-cv/combustion-vessel-geometry/1997-to-2009/1997-to-2007/' target='_blank'>Inj. Char.</a>,-,-,-,0.051,-,-,-,-,35.82,-,-,-,-,-,-,-,-,<a href='/cvdata/assets/datafiles/press/aibdhBL-press.txt' target='_blank'>PvsT</a>,-,-,-,-,-,-,-,-,-,-,-
431,21,1050,7.3,0.180-a,-,140,>4,BM88,373,Sandia,#AHBDHBLL,-,<a href= '/diesel-spray-combustion/experimental-diagnostics/lift-off-length/' target='_blank'>LO</a> ; <a href= '/diesel-spray-combustion/experimental-diagnostics/light-based-ignition-delay/' target='_blank'>ID</a>,-,21,-,O2 = 21.00;N2 = 69.33;CO2 = 6.11;H2O = 3.56;,-,29.47,1051.1,3.6,&plusmn; 1.5,1065.9,1021.6,7.31,0.01,&plusmn; 0.00,7.64,7.52,2.18,1.005,-,-,-,-,-,<a href= '/diesel-spray-combustion/sandia-cv/combustion-vessel-geometry/' target='_blank'>Vesssel Geometry</a>,141.6;<a href= '/cvdata/assets/datafiles/fuelpress/AHBDHBL-fuelP.txt' target='_blank'>fuel pressure vs time</a>,1.1,&plusmn; 0.9,373,-,-,-,-,-,-,-,-,6.17,0.06,-,60.95,-,-,0.77,-,-,-,0.18,-,<a href='/diesel-spray-combustion/sandia-cv/combustion-vessel-geometry/1997-to-2009/1997-to-2007/' target='_blank'>Inj. Char.</a>,-,-,-,0.051,-,-,-,-,29.26,-,-,-,-,-,-,-,-,<a href='/cvdata/assets/datafiles/press/ahbdhBL-press.txt' target='_blank'>PvsT</a>,-,-,-,-,-,-,-,-,-,-,-
432,21,1100,7.3,0.180-a,-,140,>4,BM88,373,Sandia,#AGBDHBLL,-,<a href= '/diesel-spray-combustion/experimental-diagnostics/lift-off-length/' target='_blank'>LO</a> ; <a href= '/diesel-spray-combustion/experimental-diagnostics/light-based-ignition-delay/' target='_blank'>ID</a>,-,21,-,O2 = 21.00;N2 = 69.33;CO2 = 6.11;H2O = 3.56;,-,29.47,1098.6,1.8,&plusmn; 0.7,1113.2,1065.4,7.31,0.01,&plusmn; 0.00,7.63,7.54,2.28,1.005,-,-,-,-,-,<a href= '/diesel-spray-combustion/sandia-cv/combustion-vessel-geometry/' target='_blank'>Vesssel Geometry</a>,141.2;<a href= '/cvdata/assets/datafiles/fuelpress/AGBDHBL-fuelP.txt' target='_blank'>fuel pressure vs time</a>,0.6,&plusmn; 0.7,373,-,-,-,-,-,-,-,-,6.12,0.07,-,60.45,-,-,0.77,-,-,-,0.18,-,<a href='/diesel-spray-combustion/sandia-cv/combustion-vessel-geometry/1997-to-2009/1997-to-2007/' target='_blank'>Inj. Char.</a>,-,-,-,0.051,-,-,-,-,24.27,-,-,-,-,-,-,-,-,<a href='/cvdata/assets/datafiles/press/agbdhBL-press.txt' target='_blank'>PvsT</a>,-,-,-,-,-,-,-,-,-,-,-
433,21,1200,7.3,0.180-a,-,140,>4,BM88,373,Sandia,#AEBDHBLL,-,<a href= '/diesel-spray-combustion/experimental-diagnostics/lift-off-length/' target='_blank'>LO</a> ; <a href= '/diesel-spray-combustion/experimental-diagnostics/light-based-ignition-delay/' target='_blank'>ID</a>,-,21,-,O2 = 21.00;N2 = 69.33;CO2 = 6.11;H2O = 3.56;,-,29.47,1202,1,&plusmn; 0.4,1216.1,1160.3,7.31,0.01,&plusmn; 0.00,7.6,7.57,2.49,1.005,-,-,-,-,-,<a href= '/diesel-spray-combustion/sandia-cv/combustion-vessel-geometry/' target='_blank'>Vesssel Geometry</a>,141.1;<a href= '/cvdata/assets/datafiles/fuelpress/AEBDHBL-fuelP.txt' target='_blank'>fuel pressure vs time</a>,0.5,&plusmn; 0.6,373,-,-,-,-,-,-,-,-,6.03,0.12,-,59.64,-,-,0.77,-,-,-,0.18,-,<a href='/diesel-spray-combustion/sandia-cv/combustion-vessel-geometry/1997-to-2009/1997-to-2007/' target='_blank'>Inj. Char.</a>,-,-,-,0.051,-,-,-,-,15.88,-,-,-,-,-,-,-,-,<a href='/cvdata/assets/datafiles/press/aebdhBL-press.txt' target='_blank'>PvsT</a>,-,-,-,-,-,-,-,-,-,-,-
434,21,800,14.8,0.180-a,-,140,>4,BM88,373,Sandia,#AMCDHBLL,-,<a href= '/diesel-spray-combustion/experimental-diagnostics/lift-off-length/' target='_blank'>LO</a> ; <a href= '/diesel-spray-combustion/experimental-diagnostics/light-based-ignition-delay/' target='_blank'>ID</a>,-,21,-,O2 = 21.00;N2 = 69.33;CO2 = 6.11;H2O = 3.56;,-,29.47,800,1.4,&plusmn; 0.5,809.4,783.4,14.8,0.02,&plusmn; 0.01,15.33,15.12,3.37,1.009,-,-,-,-,-,<a href= '/diesel-spray-combustion/sandia-cv/combustion-vessel-geometry/' target='_blank'>Vesssel Geometry</a>,141.5;<a href= '/cvdata/assets/datafiles/fuelpress/AMCDHBL-fuelP.txt' target='_blank'>fuel pressure vs time</a>,0.5,&plusmn; 0.6,373,-,-,-,-,-,-,-,-,6.23,0.08,-,61.83,-,-,0.77,-,-,-,0.18,-,<a href='/diesel-spray-combustion/sandia-cv/combustion-vessel-geometry/1997-to-2009/1997-to-2007/' target='_blank'>Inj. Char.</a>,-,-,-,0.051,-,-,-,-,77.96,-,-,-,-,-,-,-,-,<a href='/cvdata/assets/datafiles/press/amcdhBL-press.txt' target='_blank'>PvsT</a>,-,-,-,-,-,-,-,-,-,-,-
435,21,850,14.8,0.180-a,-,140,>4,BM88,373,Sandia,#ALCDHBLL,-,<a href= '/diesel-spray-combustion/experimental-diagnostics/lift-off-length/' target='_blank'>LO</a> ; <a href= '/diesel-spray-combustion/experimental-diagnostics/light-based-ignition-delay/' target='_blank'>ID</a>,-,21,-,O2 = 21.00;N2 = 69.33;CO2 = 6.11;H2O = 3.56;,-,29.47,851.5,1.4,&plusmn; 0.2,854.7,831,14.8,0.02,&plusmn; 0.00,14.97,15.16,3.59,1.009,-,-,-,-,-,<a href= '/diesel-spray-combustion/sandia-cv/combustion-vessel-geometry/' target='_blank'>Vesssel Geometry</a>,144.0;<a href= '/cvdata/assets/datafiles/fuelpress/ALCDHBL-fuelP.txt' target='_blank'>fuel pressure vs time</a>,1.4,&plusmn; 0.6,373,-,-,-,-,-,-,-,-,5.52,0.12,-,54.75,-,-,0.77,-,-,-,0.18,-,<a href='/diesel-spray-combustion/sandia-cv/combustion-vessel-geometry/1997-to-2009/1997-to-2007/' target='_blank'>Inj. Char.</a>,-,-,-,0.051,-,-,-,-,49.67,-,-,-,-,-,-,-,-,<a href='/cvdata/assets/datafiles/press/alcdhBL-press.txt' target='_blank'>PvsT</a>,-,-,-,-,-,-,-,-,-,-,-
436,21,900,14.8,0.180-a,-,140,>4,BM88,373,Sandia,#AKCDHBLL,-,<a href= '/diesel-spray-combustion/experimental-diagnostics/lift-off-length/' target='_blank'>LO</a> ; <a href= '/diesel-spray-combustion/experimental-diagnostics/light-based-ignition-delay/' target='_blank'>ID</a>,-,21,-,O2 = 21.00;N2 = 69.33;CO2 = 6.11;H2O = 3.56;,-,29.47,901.5,0.9,&plusmn; 0.4,911.6,877.3,14.79,0.02,&plusmn; 0.01,15.3,15.2,3.8,1.009,-,-,-,-,-,<a href= '/diesel-spray-combustion/sandia-cv/combustion-vessel-geometry/' target='_blank'>Vesssel Geometry</a>,142.3;<a href= '/cvdata/assets/datafiles/fuelpress/AKCDHBL-fuelP.txt' target='_blank'>fuel pressure vs time</a>,0.3,&plusmn; 0.5,373,-,-,-,-,-,-,-,-,5.64,0.03,-,56.05,-,-,0.77,-,-,-,0.18,-,<a href='/diesel-spray-combustion/sandia-cv/combustion-vessel-geometry/1997-to-2009/1997-to-2007/' target='_blank'>Inj. Char.</a>,-,-,-,0.051,-,-,-,-,35.34,-,-,-,-,-,-,-,-,<a href='/cvdata/assets/datafiles/press/akcdhBL-press.txt' target='_blank'>PvsT</a>,-,-,-,-,-,-,-,-,-,-,-
437,21,950,14.8,0.180-a,-,140,>4,BM88,373,Sandia,#AJCDHBLL,-,<a href= '/diesel-spray-combustion/experimental-diagnostics/lift-off-length/' target='_blank'>LO</a> ; <a href= '/diesel-spray-combustion/experimental-diagnostics/light-based-ignition-delay/' target='_blank'>ID</a>,-,21,-,O2 = 21.00;N2 = 69.33;CO2 = 6.11;H2O = 3.56;,-,29.47,950.8,1.2,&plusmn; 0.5,961,922.3,14.81,0.02,&plusmn; 0.01,15.31,15.26,4.01,1.009,-,-,-,-,-,<a href= '/diesel-spray-combustion/sandia-cv/combustion-vessel-geometry/' target='_blank'>Vesssel Geometry</a>,144.4;<a href= '/cvdata/assets/datafiles/fuelpress/AJCDHBL-fuelP.txt' target='_blank'>fuel pressure vs time</a>,1.9,&plusmn; 1.2,373,-,-,-,-,-,-,-,-,5.63,0.07,-,55.95,-,-,0.77,-,-,-,0.18,-,<a href='/diesel-spray-combustion/sandia-cv/combustion-vessel-geometry/1997-to-2009/1997-to-2007/' target='_blank'>Inj. Char.</a>,-,-,-,0.051,-,-,-,-,27.65,-,-,-,-,-,-,-,-,<a href='/cvdata/assets/datafiles/press/ajcdhBL-press.txt' target='_blank'>PvsT</a>,-,-,-,-,-,-,-,-,-,-,-
438,21,1000,14.8,0.180-a,-,140,>4,BM88,373,Sandia,#AICDHBLL,-,<a href= '/diesel-spray-combustion/experimental-diagnostics/lift-off-length/' target='_blank'>LO</a> ; <a href= '/diesel-spray-combustion/experimental-diagnostics/light-based-ignition-delay/' target='_blank'>ID</a>,-,21,-,O2 = 21.00;N2 = 69.33;CO2 = 6.11;H2O = 3.56;,-,29.47,1003,1.6,&plusmn; 0.2,1010.6,969.8,14.8,0.02,&plusmn; 0.00,15.16,15.3,4.23,1.01,-,-,-,-,-,<a href= '/diesel-spray-combustion/sandia-cv/combustion-vessel-geometry/' target='_blank'>Vesssel Geometry</a>,143.4;<a href= '/cvdata/assets/datafiles/fuelpress/AICDHBL-fuelP.txt' target='_blank'>fuel pressure vs time</a>,2.2,&plusmn; 0.6,373,-,-,-,-,-,-,-,-,5.26,0.14,-,52.28,-,-,0.77,-,-,-,0.18,-,<a href='/diesel-spray-combustion/sandia-cv/combustion-vessel-geometry/1997-to-2009/1997-to-2007/' target='_blank'>Inj. Char.</a>,-,-,-,0.051,-,-,-,-,21.7,-,-,-,-,-,-,-,-,<a href='/cvdata/assets/datafiles/press/aicdhBL-press.txt' target='_blank'>PvsT</a>,-,-,-,-,-,-,-,-,-,-,-
439,21,1100,14.8,0.180-a,-,140,>4,BM88,373,Sandia,#AGCDHBLL,-,<a href= '/diesel-spray-combustion/experimental-diagnostics/lift-off-length/' target='_blank'>LO</a> ; <a href= '/diesel-spray-combustion/experimental-diagnostics/light-based-ignition-delay/' target='_blank'>ID</a>,-,21,-,O2 = 21.00;N2 = 69.33;CO2 = 6.11;H2O = 3.56;,-,29.47,1100.5,2.8,&plusmn; 1.1,1108.5,1058.8,14.79,0.01,&plusmn; 0.01,15.14,15.37,4.64,1.01,-,-,-,-,-,<a href= '/diesel-spray-combustion/sandia-cv/combustion-vessel-geometry/' target='_blank'>Vesssel Geometry</a>,142.0;<a href= '/cvdata/assets/datafiles/fuelpress/AGCDHBL-fuelP.txt' target='_blank'>fuel pressure vs time</a>,0.8,&plusmn; 0.7,373,-,-,-,-,-,-,-,-,5.11,0.06,-,50.87,-,-,0.77,-,-,-,0.18,-,<a href='/diesel-spray-combustion/sandia-cv/combustion-vessel-geometry/1997-to-2009/1997-to-2007/' target='_blank'>Inj. Char.</a>,-,-,-,0.05,-,-,-,-,15.29,-,-,-,-,-,-,-,-,<a href='/cvdata/assets/datafiles/press/agcdhBL-press.txt' target='_blank'>PvsT</a>,-,-,-,-,-,-,-,-,-,-,-
440,21,1200,14.8,0.180-a,-,140,>4,BM88,373,Sandia,#AECDHBLL,-,<a href= '/diesel-spray-combustion/experimental-diagnostics/lift-off-length/' target='_blank'>LO</a> ; <a href= '/diesel-spray-combustion/experimental-diagnostics/light-based-ignition-delay/' target='_blank'>ID</a>,-,21,-,O2 = 21.00;N2 = 69.33;CO2 = 6.11;H2O = 3.56;,-,29.47,1199.3,1.9,&plusmn; 0.7,1206.9,1147.5,14.79,0.02,&plusmn; 0.01,15.11,15.46,5.06,1.01,-,-,-,-,-,<a href= '/diesel-spray-combustion/sandia-cv/combustion-vessel-geometry/' target='_blank'>Vesssel Geometry</a>,144.8;<a href= '/cvdata/assets/datafiles/fuelpress/AECDHBL-fuelP.txt' target='_blank'>fuel pressure vs time</a>,2.1,&plusmn; 1.2,373,-,-,-,-,-,-,-,-,5.15,0.05,-,51.42,-,-,0.77,-,-,-,0.18,-,<a href='/diesel-spray-combustion/sandia-cv/combustion-vessel-geometry/1997-to-2009/1997-to-2007/' target='_blank'>Inj. Char.</a>,-,-,-,0.05,-,-,-,-,10.7,-,-,-,-,-,-,-,-,<a href='/cvdata/assets/datafiles/press/aecdhBL-press.txt' target='_blank'>PvsT</a>,-,-,-,-,-,-,-,-,-,-,-
441,21,1300,14.8,0.180-a,-,140,>4,BM88,373,Sandia,#ACCDHBLL,-,<a href= '/diesel-spray-combustion/experimental-diagnostics/lift-off-length/' target='_blank'>LO</a> ; <a href= '/diesel-spray-combustion/experimental-diagnostics/light-based-ignition-delay/' target='_blank'>ID</a>,-,21,-,O2 = 21.00;N2 = 69.33;CO2 = 6.11;H2O = 3.56;,-,29.47,1299.7,1.5,&plusmn; 0.6,1307,1236.8,14.8,0.02,&plusmn; 0.01,15.08,15.55,5.48,1.01,-,-,-,-,-,<a href= '/diesel-spray-combustion/sandia-cv/combustion-vessel-geometry/' target='_blank'>Vesssel Geometry</a>,144.3;<a href= '/cvdata/assets/datafiles/fuelpress/ACCDHBL-fuelP.txt' target='_blank'>fuel pressure vs time</a>,2.2,&plusmn; 1.3,373,-,-,-,-,-,-,-,-,5.1,0.03,-,50.97,-,-,0.77,-,-,-,0.18,-,<a href='/diesel-spray-combustion/sandia-cv/combustion-vessel-geometry/1997-to-2009/1997-to-2007/' target='_blank'>Inj. Char.</a>,-,-,-,0.05,-,-,-,-,8.24,-,-,-,-,-,-,-,-,<a href='/cvdata/assets/datafiles/press/accdhBL-press.txt' target='_blank'>PvsT</a>,-,-,-,-,-,-,-,-,-,-,-
442,21,1000,30,0.180-a,-,140,>4,BM88,373,Sandia,#AIDDHBLL,-,<a href= '/diesel-spray-combustion/experimental-diagnostics/lift-off-length/' target='_blank'>LO</a> ; <a href= '/diesel-spray-combustion/experimental-diagnostics/light-based-ignition-delay/' target='_blank'>ID</a>,-,21,-,O2 = 21.00;N2 = 69.33;CO2 = 6.11;H2O = 3.56;,-,29.47,1000,2,&plusmn; 2.0,1004.5,961.8,30.01,0.06,&plusmn; 0.06,30.44,31.2,8.64,1.021,-,-,-,-,-,<a href= '/diesel-spray-combustion/sandia-cv/combustion-vessel-geometry/' target='_blank'>Vesssel Geometry</a>,146.7;<a href= '/cvdata/assets/datafiles/fuelpress/AIDDHBL-fuelP.txt' target='_blank'>fuel pressure vs time</a>,0.1,&plusmn; 0.5,373,-,-,-,-,-,-,-,-,5.83,0.37,-,58.85,-,-,0.77,-,-,-,0.18,-,<a href='/diesel-spray-combustion/sandia-cv/combustion-vessel-geometry/1997-to-2009/1997-to-2007/' target='_blank'>Inj. Char.</a>,-,-,-,0.05,-,-,-,-,12.19,-,-,-,-,-,-,-,-,<a href='/cvdata/assets/datafiles/press/aiddhBL-press.txt' target='_blank'>PvsT</a>,-,-,-,-,-,-,-,-,-,-,-
443,21,900,30,0.180-a,-,140,>4,BM88,373,Sandia,#AKDDHBLL,-,<a href= '/diesel-spray-combustion/experimental-diagnostics/lift-off-length/' target='_blank'>LO</a> ; <a href= '/diesel-spray-combustion/experimental-diagnostics/light-based-ignition-delay/' target='_blank'>ID</a>,-,21,-,O2 = 21.00;N2 = 69.33;CO2 = 6.11;H2O = 3.56;,-,29.47,901.6,1.3,&plusmn; 1.3,906.3,873.5,29.96,0.04,&plusmn; 0.04,30.44,30.93,7.77,1.02,-,-,-,-,-,<a href= '/diesel-spray-combustion/sandia-cv/combustion-vessel-geometry/' target='_blank'>Vesssel Geometry</a>,145.5;<a href= '/cvdata/assets/datafiles/fuelpress/AKDDHBL-fuelP.txt' target='_blank'>fuel pressure vs time</a>,0.6,&plusmn; 1.0,373,-,-,-,-,-,-,-,-,5.24,0.32,-,52.75,-,-,0.77,-,-,-,0.18,-,<a href='/diesel-spray-combustion/sandia-cv/combustion-vessel-geometry/1997-to-2009/1997-to-2007/' target='_blank'>Inj. Char.</a>,-,-,-,0.05,-,-,-,-,20.13,-,-,-,-,-,-,-,-,<a href='/cvdata/assets/datafiles/press/akddhBL-press.txt' target='_blank'>PvsT</a>,-,-,-,-,-,-,-,-,-,-,-
444,21,850,30,0.180-a,-,140,>4,BM88,373,Sandia,#ALDDHBLL,-,<a href= '/diesel-spray-combustion/experimental-diagnostics/lift-off-length/' target='_blank'>LO</a> ; <a href= '/diesel-spray-combustion/experimental-diagnostics/light-based-ignition-delay/' target='_blank'>ID</a>,-,21,-,O2 = 21.00;N2 = 69.33;CO2 = 6.11;H2O = 3.56;,-,29.47,853,0.2,&plusmn; 0.2,857.6,829.7,29.91,0.02,&plusmn; 0.02,30.41,30.75,7.33,1.019,-,-,-,-,-,<a href= '/diesel-spray-combustion/sandia-cv/combustion-vessel-geometry/' target='_blank'>Vesssel Geometry</a>,145.5;<a href= '/cvdata/assets/datafiles/fuelpress/ALDDHBL-fuelP.txt' target='_blank'>fuel pressure vs time</a>,0.2,&plusmn; 0.6,373,-,-,-,-,-,-,-,-,5.25,0.1,-,52.79,-,-,0.77,-,-,-,0.18,-,<a href='/diesel-spray-combustion/sandia-cv/combustion-vessel-geometry/1997-to-2009/1997-to-2007/' target='_blank'>Inj. Char.</a>,-,-,-,0.05,-,-,-,-,28.11,-,-,-,-,-,-,-,-,<a href='/cvdata/assets/datafiles/press/alddhBL-press.txt' target='_blank'>PvsT</a>,-,-,-,-,-,-,-,-,-,-,-
445,21,1100,30,0.180-a,-,140,>4,BM88,373,Sandia,#AGDDHBLL,-,<a href= '/diesel-spray-combustion/experimental-diagnostics/lift-off-length/' target='_blank'>LO</a> ; <a href= '/diesel-spray-combustion/experimental-diagnostics/light-based-ignition-delay/' target='_blank'>ID</a>,-,21,-,O2 = 21.00;N2 = 69.33;CO2 = 6.11;H2O = 3.56;,-,29.47,1096.6,6.4,&plusmn; 6.4,1100.9,1047.9,30.02,0.04,&plusmn; 0.04,30.41,31.42,9.49,1.021,-,-,-,-,-,<a href= '/diesel-spray-combustion/sandia-cv/combustion-vessel-geometry/' target='_blank'>Vesssel Geometry</a>,147.0;<a href= '/cvdata/assets/datafiles/fuelpress/AGDDHBL-fuelP.txt' target='_blank'>fuel pressure vs time</a>,0,&plusmn; 0.4,373,-,-,-,-,-,-,-,-,5.35,0.31,-,54.16,-,-,0.77,-,-,-,0.18,-,<a href='/diesel-spray-combustion/sandia-cv/combustion-vessel-geometry/1997-to-2009/1997-to-2007/' target='_blank'>Inj. Char.</a>,-,-,-,0.05,-,-,-,-,7.94,-,-,-,-,-,-,-,-,<a href='/cvdata/assets/datafiles/press/agddhBL-press.txt' target='_blank'>PvsT</a>,-,-,-,-,-,-,-,-,-,-,-
446,21,1200,30,0.180-a,-,140,>4,BM88,373,Sandia,#AEDDHBLL,-,<a href= '/diesel-spray-combustion/experimental-diagnostics/lift-off-length/' target='_blank'>LO</a> ; <a href= '/diesel-spray-combustion/experimental-diagnostics/light-based-ignition-delay/' target='_blank'>ID</a>,-,21,-,O2 = 21.00;N2 = 69.33;CO2 = 6.11;H2O = 3.56;,-,29.47,1200.4,0,&plusmn; 0.0,1204.5,1139.8,30.02,0,&plusmn; 0.00,30.36,31.61,10.39,1.022,-,-,-,-,-,<a href= '/diesel-spray-combustion/sandia-cv/combustion-vessel-geometry/' target='_blank'>Vesssel Geometry</a>,150.1;<a href= '/cvdata/assets/datafiles/fuelpress/AEDDHBL-fuelP.txt' target='_blank'>fuel pressure vs time</a>,0,&plusmn; 0.4,373,-,-,-,-,-,-,-,-,5.25,0,-,53.35,-,-,0.77,-,-,-,0.18,-,<a href='/diesel-spray-combustion/sandia-cv/combustion-vessel-geometry/1997-to-2009/1997-to-2007/' target='_blank'>Inj. Char.</a>,-,-,-,0.049,-,-,-,-,6.28,-,-,-,-,-,-,-,-,<a href='/cvdata/assets/datafiles/press/aeddhBL-press.txt' target='_blank'>PvsT</a>,-,-,-,-,-,-,-,-,-,-,-
447,21,800,30,0.180-a,-,140,>4,BM88,373,Sandia,#AMDDHBLL,-,<a href= '/diesel-spray-combustion/experimental-diagnostics/lift-off-length/' target='_blank'>LO</a> ; <a href= '/diesel-spray-combustion/experimental-diagnostics/light-based-ignition-delay/' target='_blank'>ID</a>,-,21,-,O2 = 21.00;N2 = 69.33;CO2 = 6.11;H2O = 3.56;,-,29.47,800.8,1.7,&plusmn; 1.1,805,781.7,30.02,0.06,&plusmn; 0.04,30.5,30.75,6.91,1.018,-,-,-,-,-,<a href= '/diesel-spray-combustion/sandia-cv/combustion-vessel-geometry/' target='_blank'>Vesssel Geometry</a>,144.6;<a href= '/cvdata/assets/datafiles/fuelpress/AMDDHBL-fuelP.txt' target='_blank'>fuel pressure vs time</a>,0.1,&plusmn; 0.4,373,-,-,-,-,-,-,-,-,5.19,0.05,-,52.15,-,-,0.77,-,-,-,0.18,-,<a href='/diesel-spray-combustion/sandia-cv/combustion-vessel-geometry/1997-to-2009/1997-to-2007/' target='_blank'>Inj. Char.</a>,-,-,-,0.05,-,-,-,-,42.08,-,-,-,-,-,-,-,-,<a href='/cvdata/assets/datafiles/press/amddhBL-press.txt' target='_blank'>PvsT</a>,-,-,-,-,-,-,-,-,-,-,-
448,21,1060,18.8,0.180-a,-,60,>4,BM88,373,Sandia,#AHMLHBLL,-,<a href= '/diesel-spray-combustion/experimental-diagnostics/lift-off-length/' target='_blank'>LO</a> ; <a href= '/diesel-spray-combustion/experimental-diagnostics/light-based-ignition-delay/' target='_blank'>ID</a>,-,21,-,O2 = 21.00;N2 = 69.33;CO2 = 6.11;H2O = 3.56;,-,29.47,1061.1,1.8,&plusmn; 0.2,1066.8,1021.1,18.79,0.03,&plusmn; 0.00,19.12,19.53,5.7,1.013,-,-,-,-,-,<a href= '/diesel-spray-combustion/sandia-cv/combustion-vessel-geometry/' target='_blank'>Vesssel Geometry</a>,71.2;<a href= '/cvdata/assets/datafiles/fuelpress/AHMLHBL-fuelP.txt' target='_blank'>fuel pressure vs time</a>,1.2,&plusmn; 0.5,373,-,-,-,-,-,-,-,-,5.23,0.53,-,35.93,-,-,0.77,-,-,-,0.18,-,<a href='/diesel-spray-combustion/sandia-cv/combustion-vessel-geometry/1997-to-2009/1997-to-2007/' target='_blank'>Inj. Char.</a>,-,-,-,0.073,-,-,-,-,10.96,-,-,-,-,-,-,-,-,<a href='/cvdata/assets/datafiles/press/ahmlhBL-press.txt' target='_blank'>PvsT</a>,-,-,-,-,-,-,-,-,-,-,-
449,21,970,24.3,0.180-a,-,140,>4,BM88,373,Sandia,#AJSDHBL,-,<a href= '/diesel-spray-combustion/experimental-diagnostics/lift-off-length/' target='_blank'>LO</a> ; <a href= '/diesel-spray-combustion/experimental-diagnostics/light-based-ignition-delay/' target='_blank'>ID</a>,-,-,-,-,-,-,-,-,-,975,937,-,-,-,24.75,25.2,6.76,1.016,-,-,-,-,-,-,144.76,-,-,-,-,-,-,-,-,<a href= '/diesel-spray-combustion/sandia-cv/injector-characterization/' target='_blank'>rate of injection</a>,-,-,5.5,-,-,53.4,-,-,-,-,-,-,-,-,-,-,-,-,0.051,-,-,-,-,16.6,-,-,-,-,-,-,-,-, <a href='/cvdata/assets/datafiles/press/ajsdhBL-press.txt' target='_blank'>PvsT</a>,-,-,-,-,-,-,-,-,-,-,-
450,21,970,24.3,0.180-a,-,90,>4,BM88,373,Sandia,#AJSFHBLL,-,<a href= '/diesel-spray-combustion/experimental-diagnostics/lift-off-length/' target='_blank'>LO</a> ; <a href= '/diesel-spray-combustion/experimental-diagnostics/light-based-ignition-delay/' target='_blank'>ID</a>,-,21,-,O2 = 21.00;N2 = 69.33;CO2 = 6.11;H2O = 3.56;,-,29.47,972.3,2.2,&plusmn; 0.3,978.9,939,24.26,0.05,&plusmn; 0.01,24.78,25.12,6.76,1.016,-,-,-,-,-,<a href= '/diesel-spray-combustion/sandia-cv/combustion-vessel-geometry/' target='_blank'>Vesssel Geometry</a>,100.1;<a href= '/cvdata/assets/datafiles/fuelpress/AJSFHBL-fuelP.txt' target='_blank'>fuel pressure vs time</a>,2.4,&plusmn; 0.8,373,-,-,-,-,-,-,-,-,4.83,0.15,-,39.56,-,-,0.77,-,-,-,0.18,-,<a href='/diesel-spray-combustion/sandia-cv/combustion-vessel-geometry/1997-to-2009/1997-to-2007/' target='_blank'>Inj. Char.</a>,-,-,-,0.061,-,-,-,-,15.56,-,-,-,-,-,-,-,-,<a href='/cvdata/assets/datafiles/press/ajsfhBL-press.txt' target='_blank'>PvsT</a>,-,-,-,-,-,-,-,-,-,-,-
451,15,850,14.8,0.180-a,-,140,>4,BM88,373,Sandia,#JLCDHBLL,-,<a href= '/diesel-spray-combustion/experimental-diagnostics/lift-off-length/' target='_blank'>LO</a> ; <a href= '/diesel-spray-combustion/experimental-diagnostics/light-based-ignition-delay/' target='_blank'>ID</a>,-,15,-,O2 = 15.00;N2 = 75.15;CO2 = 6.22;H2O = 3.62;,-,29.24,853.4,0.9,&plusmn; 0.4,861.9,832.8,14.79,0.01,&plusmn; 0.00,15.24,15.16,3.62,1.009,-,-,-,-,-,<a href= '/diesel-spray-combustion/sandia-cv/combustion-vessel-geometry/' target='_blank'>Vesssel Geometry</a>,143.1;<a href= '/cvdata/assets/datafiles/fuelpress/JLCDHBL-fuelP.txt' target='_blank'>fuel pressure vs time</a>,0.8,&plusmn; 0.7,373,-,-,-,-,-,-,-,-,5.49,0.15,-,54.45,-,-,0.77,-,-,-,0.18,-,<a href='/diesel-spray-combustion/sandia-cv/combustion-vessel-geometry/1997-to-2009/1997-to-2007/' target='_blank'>Inj. Char.</a>,-,-,-,0.051,-,-,-,-,61.92,-,-,-,-,-,-,-,-,<a href='/cvdata/assets/datafiles/press/jlcdhBL-press.txt' target='_blank'>PvsT</a>,-,-,-,-,-,-,-,-,-,-,-
452,15,900,14.8,0.180-a,-,140,>4,BM88,373,Sandia,#JKCDHBLL,-,<a href= '/diesel-spray-combustion/experimental-diagnostics/lift-off-length/' target='_blank'>LO</a> ; <a href= '/diesel-spray-combustion/experimental-diagnostics/light-based-ignition-delay/' target='_blank'>ID</a>,-,15,-,O2 = 15.00;N2 = 75.15;CO2 = 6.22;H2O = 3.62;,-,29.24,903.9,1.4,&plusmn; 0.6,913.1,879.1,14.79,0.02,&plusmn; 0.01,15.25,15.21,3.84,1.009,-,-,-,-,-,<a href= '/diesel-spray-combustion/sandia-cv/combustion-vessel-geometry/' target='_blank'>Vesssel Geometry</a>,142.4;<a href= '/cvdata/assets/datafiles/fuelpress/JKCDHBL-fuelP.txt' target='_blank'>fuel pressure vs time</a>,1,&plusmn; 0.8,373,-,-,-,-,-,-,-,-,5.63,0.08,-,55.97,-,-,0.77,-,-,-,0.18,-,<a href='/diesel-spray-combustion/sandia-cv/combustion-vessel-geometry/1997-to-2009/1997-to-2007/' target='_blank'>Inj. Char.</a>,-,-,-,0.051,-,-,-,-,45.02,-,-,-,-,-,-,-,-,<a href='/cvdata/assets/datafiles/press/jkcdhBL-press.txt' target='_blank'>PvsT</a>,-,-,-,-,-,-,-,-,-,-,-
453,15,1000,14.8,0.180-a,-,140,>4,BM88,373,Sandia,#JICDHBLL,-,<a href= '/diesel-spray-combustion/experimental-diagnostics/lift-off-length/' target='_blank'>LO</a> ; <a href= '/diesel-spray-combustion/experimental-diagnostics/light-based-ignition-delay/' target='_blank'>ID</a>,-,15,-,O2 = 15.00;N2 = 75.15;CO2 = 6.22;H2O = 3.62;,-,29.24,1002.2,1.3,&plusmn; 0.3,1010.2,969.3,14.79,0.02,&plusmn; 0.00,15.17,15.29,4.26,1.01,-,-,-,-,-,<a href= '/diesel-spray-combustion/sandia-cv/combustion-vessel-geometry/' target='_blank'>Vesssel Geometry</a>,144.1;<a href= '/cvdata/assets/datafiles/fuelpress/JICDHBL-fuelP.txt' target='_blank'>fuel pressure vs time</a>,2.4,&plusmn; 0.9,373,-,-,-,-,-,-,-,-,5.37,0.24,-,53.47,-,-,0.77,-,-,-,0.18,-,<a href='/diesel-spray-combustion/sandia-cv/combustion-vessel-geometry/1997-to-2009/1997-to-2007/' target='_blank'>Inj. Char.</a>,-,-,-,0.051,-,-,-,-,27.46,-,-,-,-,-,-,-,-,<a href='/cvdata/assets/datafiles/press/jicdhBL-press.txt' target='_blank'>PvsT</a>,-,-,-,-,-,-,-,-,-,-,-
454,15,1100,14.8,0.180-a,-,140,>4,BM88,373,Sandia,#JGCDHBLL,-,<a href= '/diesel-spray-combustion/experimental-diagnostics/lift-off-length/' target='_blank'>LO</a> ; <a href= '/diesel-spray-combustion/experimental-diagnostics/light-based-ignition-delay/' target='_blank'>ID</a>,-,15,-,O2 = 15.00;N2 = 75.15;CO2 = 6.22;H2O = 3.62;,-,29.24,1101.3,0.7,&plusmn; 0.3,1110.2,1059.1,14.8,0.01,&plusmn; 0.00,15.19,15.39,4.68,1.01,-,-,-,-,-,<a href= '/diesel-spray-combustion/sandia-cv/combustion-vessel-geometry/' target='_blank'>Vesssel Geometry</a>,143.2;<a href= '/cvdata/assets/datafiles/fuelpress/JGCDHBL-fuelP.txt' target='_blank'>fuel pressure vs time</a>,1.1,&plusmn; 0.8,373,-,-,-,-,-,-,-,-,5.35,0.12,-,53.26,-,-,0.77,-,-,-,0.18,-,<a href='/diesel-spray-combustion/sandia-cv/combustion-vessel-geometry/1997-to-2009/1997-to-2007/' target='_blank'>Inj. Char.</a>,-,-,-,0.05,-,-,-,-,18.9,-,-,-,-,-,-,-,-,<a href='/cvdata/assets/datafiles/press/jgcdhBL-press.txt' target='_blank'>PvsT</a>,-,-,-,-,-,-,-,-,-,-,-
455,15,1200,14.8,0.180-a,-,140,>4,BM88,373,Sandia,#JECDHBLL,-,<a href= '/diesel-spray-combustion/experimental-diagnostics/lift-off-length/' target='_blank'>LO</a> ; <a href= '/diesel-spray-combustion/experimental-diagnostics/light-based-ignition-delay/' target='_blank'>ID</a>,-,15,-,O2 = 15.00;N2 = 75.15;CO2 = 6.22;H2O = 3.62;,-,29.24,1200.7,0.8,&plusmn; 0.3,1206.3,1148.4,14.8,0.01,&plusmn; 0.00,15.03,15.48,5.11,1.01,-,-,-,-,-,<a href= '/diesel-spray-combustion/sandia-cv/combustion-vessel-geometry/' target='_blank'>Vesssel Geometry</a>,143.1;<a href= '/cvdata/assets/datafiles/fuelpress/JECDHBL-fuelP.txt' target='_blank'>fuel pressure vs time</a>,1.5,&plusmn; 1.0,373,-,-,-,-,-,-,-,-,4.83,0.09,-,48.17,-,-,0.77,-,-,-,0.18,-,<a href='/diesel-spray-combustion/sandia-cv/combustion-vessel-geometry/1997-to-2009/1997-to-2007/' target='_blank'>Inj. Char.</a>,-,-,-,0.05,-,-,-,-,13.31,-,-,-,-,-,-,-,-,<a href='/cvdata/assets/datafiles/press/jecdhBL-press.txt' target='_blank'>PvsT</a>,-,-,-,-,-,-,-,-,-,-,-
456,15,1300,14.8,0.180-a,-,140,>4,BM88,373,Sandia,#JCCDHBLL,-,<a href= '/diesel-spray-combustion/experimental-diagnostics/lift-off-length/' target='_blank'>LO</a> ; <a href= '/diesel-spray-combustion/experimental-diagnostics/light-based-ignition-delay/' target='_blank'>ID</a>,-,15,-,O2 = 15.00;N2 = 75.15;CO2 = 6.22;H2O = 3.62;,-,29.24,1301.6,1.4,&plusmn; 0.5,1307,1238.6,14.8,0.01,&plusmn; 0.00,15.01,15.56,5.54,1.011,-,-,-,-,-,<a href= '/diesel-spray-combustion/sandia-cv/combustion-vessel-geometry/' target='_blank'>Vesssel Geometry</a>,144.0;<a href= '/cvdata/assets/datafiles/fuelpress/JCCDHBL-fuelP.txt' target='_blank'>fuel pressure vs time</a>,1.4,&plusmn; 1.0,373,-,-,-,-,-,-,-,-,4.77,0.07,-,47.72,-,-,0.77,-,-,-,0.18,-,<a href='/diesel-spray-combustion/sandia-cv/combustion-vessel-geometry/1997-to-2009/1997-to-2007/' target='_blank'>Inj. Char.</a>,-,-,-,0.05,-,-,-,-,9.9,-,-,-,-,-,-,-,-,<a href='/cvdata/assets/datafiles/press/jccdhBL-press.txt' target='_blank'>PvsT</a>,-,-,-,-,-,-,-,-,-,-,-
457,15,1000,7.3,0.180-a,-,140,>4,BM88,373,Sandia,#JIBDHBLL,-,<a href= '/diesel-spray-combustion/experimental-diagnostics/lift-off-length/' target='_blank'>LO</a> ; <a href= '/diesel-spray-combustion/experimental-diagnostics/light-based-ignition-delay/' target='_blank'>ID</a>,-,15,-,O2 = 15.00;N2 = 75.15;CO2 = 6.22;H2O = 3.62;,-,29.24,1004.9,1.9,&plusmn; 0.8,1027.7,979,7.26,0.01,&plusmn; 0.00,7.79,7.45,2.08,1.005,-,-,-,-,-,<a href= '/diesel-spray-combustion/sandia-cv/combustion-vessel-geometry/' target='_blank'>Vesssel Geometry</a>,140.3;<a href= '/cvdata/assets/datafiles/fuelpress/JIBDHBL-fuelP.txt' target='_blank'>fuel pressure vs time</a>,1.9,&plusmn; 1.2,373,-,-,-,-,-,-,-,-,6.27,0.05,-,61.92,-,-,0.77,-,-,-,0.18,-,<a href='/diesel-spray-combustion/sandia-cv/combustion-vessel-geometry/1997-to-2009/1997-to-2007/' target='_blank'>Inj. Char.</a>,-,-,-,0.051,-,-,-,-,46.46,-,-,-,-,-,-,-,-,<a href='/cvdata/assets/datafiles/press/jibdhBL-press.txt' target='_blank'>PvsT</a>,-,-,-,-,-,-,-,-,-,-,-
458,15,1000,30,0.180-a,-,140,>4,BM88,373,Sandia,#JIDDHBLL,-,<a href= '/diesel-spray-combustion/experimental-diagnostics/lift-off-length/' target='_blank'>LO</a> ; <a href= '/diesel-spray-combustion/experimental-diagnostics/light-based-ignition-delay/' target='_blank'>ID</a>,-,15,-,O2 = 15.00;N2 = 75.15;CO2 = 6.22;H2O = 3.62;,-,29.24,1000,2.6,&plusmn; 2.6,1004.2,962.1,30.02,0.07,&plusmn; 0.07,30.42,31.2,8.72,1.021,-,-,-,-,-,<a href= '/diesel-spray-combustion/sandia-cv/combustion-vessel-geometry/' target='_blank'>Vesssel Geometry</a>,146.6;<a href= '/cvdata/assets/datafiles/fuelpress/JIDDHBL-fuelP.txt' target='_blank'>fuel pressure vs time</a>,0.5,&plusmn; 0.9,373,-,-,-,-,-,-,-,-,6.15,1.78,-,62.14,-,-,0.77,-,-,-,0.18,-,<a href='/diesel-spray-combustion/sandia-cv/combustion-vessel-geometry/1997-to-2009/1997-to-2007/' target='_blank'>Inj. Char.</a>,-,-,-,0.05,-,-,-,-,15.83,-,-,-,-,-,-,-,-,<a href='/cvdata/assets/datafiles/press/jiddhBL-press.txt' target='_blank'>PvsT</a>,-,-,-,-,-,-,-,-,-,-,-
459,15,970,24.3,0.180-a,-,140,>4,BM88,373,Sandia,#JJSDHBLL,-,<a href= '/diesel-spray-combustion/experimental-diagnostics/lift-off-length/' target='_blank'>LO</a> ; <a href= '/diesel-spray-combustion/experimental-diagnostics/light-based-ignition-delay/' target='_blank'>ID</a>,-,15,-,O2 = 15.00;N2 = 75.15;CO2 = 6.22;H2O = 3.62;,-,29.24,972.4,2.6,&plusmn; 0.4,979.4,938.9,24.27,0.06,&plusmn; 0.01,24.82,25.13,6.82,1.017,-,-,-,-,-,<a href= '/diesel-spray-combustion/sandia-cv/combustion-vessel-geometry/' target='_blank'>Vesssel Geometry</a>,148.4;<a href= '/cvdata/assets/datafiles/fuelpress/JJSDHBL-fuelP.txt' target='_blank'>fuel pressure vs time</a>,3,&plusmn; 0.9,373,-,-,-,-,-,-,-,-,5.35,0.13,-,53.74,-,-,0.77,-,-,-,0.18,-,<a href='/diesel-spray-combustion/sandia-cv/combustion-vessel-geometry/1997-to-2009/1997-to-2007/' target='_blank'>Inj. Char.</a>,-,-,-,0.05,-,-,-,-,21.19,-,-,-,-,-,-,-,-,<a href='/cvdata/assets/datafiles/press/jjsdhBL-press.txt' target='_blank'>PvsT</a>,-,-,-,-,-,-,-,-,-,-,-
460,21,950,7.3,0.180-a,-,140,>4,GE80,373,Sandia,#AJBDHGLL,-,<a href= '/diesel-spray-combustion/experimental-diagnostics/lift-off-length/' target='_blank'>LO</a> ; <a href= '/diesel-spray-combustion/experimental-diagnostics/light-based-ignition-delay/' target='_blank'>ID</a>,-,21,-,O2 = 21.00;N2 = 69.33;CO2 = 6.11;H2O = 3.56;,-,29.47,952.4,2.1,&plusmn; 0.8,973.1,929.9,7.29,0.01,&plusmn; 0.00,7.8,7.47,1.97,1.004,-,-,-,-,-,<a href= '/diesel-spray-combustion/sandia-cv/combustion-vessel-geometry/' target='_blank'>Vesssel Geometry</a>,142.0;<a href= '/cvdata/assets/datafiles/fuelpress/AJBDHGL-fuelP.txt' target='_blank'>fuel pressure vs time</a>,2.8,&plusmn; 1.5,373,-,-,-,-,-,-,-,-,6.61,0.18,-,63.43,-,-,0.77,-,-,-,0.18,-,<a href='/diesel-spray-combustion/sandia-cv/combustion-vessel-geometry/1997-to-2009/1997-to-2007/' target='_blank'>Inj. Char.</a>,-,-,-,0.051,-,-,-,-,79.7,-,-,-,-,-,-,-,-,<a href='/cvdata/assets/datafiles/press/ajbdhGL-press.txt' target='_blank'>PvsT</a>,-,-,-,-,-,-,-,-,-,-,-
461,21,1000,7.3,0.180-a,-,140,>4,GE80,373,Sandia,#AIBDHGLL,-,<a href= '/diesel-spray-combustion/experimental-diagnostics/lift-off-length/' target='_blank'>LO</a> ; <a href= '/diesel-spray-combustion/experimental-diagnostics/light-based-ignition-delay/' target='_blank'>ID</a>,-,21,-,O2 = 21.00;N2 = 69.33;CO2 = 6.11;H2O = 3.56;,-,29.47,1001.1,1.1,&plusmn; 0.5,1022,975.2,7.29,0.01,&plusmn; 0.00,7.79,7.48,2.07,1.005,-,-,-,-,-,<a href= '/diesel-spray-combustion/sandia-cv/combustion-vessel-geometry/' target='_blank'>Vesssel Geometry</a>,139.8;<a href= '/cvdata/assets/datafiles/fuelpress/AIBDHGL-fuelP.txt' target='_blank'>fuel pressure vs time</a>,1.6,&plusmn; 1.0,373,-,-,-,-,-,-,-,-,6.1,0.06,-,58.57,-,-,0.77,-,-,-,0.18,-,<a href='/diesel-spray-combustion/sandia-cv/combustion-vessel-geometry/1997-to-2009/1997-to-2007/' target='_blank'>Inj. Char.</a>,-,-,-,0.051,-,-,-,-,57.42,-,-,-,-,-,-,-,-,<a href='/cvdata/assets/datafiles/press/aibdhGL-press.txt' target='_blank'>PvsT</a>,-,-,-,-,-,-,-,-,-,-,-
462,21,1050,7.3,0.180-a,-,140,>4,GE80,373,Sandia,#AHBDHGLL,-,<a href= '/diesel-spray-combustion/experimental-diagnostics/lift-off-length/' target='_blank'>LO</a> ; <a href= '/diesel-spray-combustion/experimental-diagnostics/light-based-ignition-delay/' target='_blank'>ID</a>,-,21,-,O2 = 21.00;N2 = 69.33;CO2 = 6.11;H2O = 3.56;,-,29.47,1051.8,2.8,&plusmn; 1.1,1069.9,1022.2,7.26,0.01,&plusmn; 0.00,7.67,7.47,2.16,1.005,-,-,-,-,-,<a href= '/diesel-spray-combustion/sandia-cv/combustion-vessel-geometry/' target='_blank'>Vesssel Geometry</a>,141.0;<a href= '/cvdata/assets/datafiles/fuelpress/AHBDHGL-fuelP.txt' target='_blank'>fuel pressure vs time</a>,1.8,&plusmn; 1.1,373,-,-,-,-,-,-,-,-,5.63,0.05,-,54.07,-,-,0.77,-,-,-,0.18,-,<a href='/diesel-spray-combustion/sandia-cv/combustion-vessel-geometry/1997-to-2009/1997-to-2007/' target='_blank'>Inj. Char.</a>,-,-,-,0.051,-,-,-,-,42.15,-,-,-,-,-,-,-,-,<a href='/cvdata/assets/datafiles/press/ahbdhGL-press.txt' target='_blank'>PvsT</a>,-,-,-,-,-,-,-,-,-,-,-
463,21,1100,7.3,0.180-a,-,140,>4,GE80,373,Sandia,#AGBDHGLL,-,<a href= '/diesel-spray-combustion/experimental-diagnostics/lift-off-length/' target='_blank'>LO</a> ; <a href= '/diesel-spray-combustion/experimental-diagnostics/light-based-ignition-delay/' target='_blank'>ID</a>,-,21,-,O2 = 21.00;N2 = 69.33;CO2 = 6.11;H2O = 3.56;,-,29.47,1103.2,1.8,&plusmn; 0.7,1121.1,1069.7,7.26,0.01,&plusmn; 0.00,7.64,7.48,2.27,1.005,-,-,-,-,-,<a href= '/diesel-spray-combustion/sandia-cv/combustion-vessel-geometry/' target='_blank'>Vesssel Geometry</a>,140.9;<a href= '/cvdata/assets/datafiles/fuelpress/AGBDHGL-fuelP.txt' target='_blank'>fuel pressure vs time</a>,2.4,&plusmn; 1.4,373,-,-,-,-,-,-,-,-,5.61,0.05,-,53.86,-,-,0.77,-,-,-,0.18,-,<a href='/diesel-spray-combustion/sandia-cv/combustion-vessel-geometry/1997-to-2009/1997-to-2007/' target='_blank'>Inj. Char.</a>,-,-,-,0.051,-,-,-,-,33.77,-,-,-,-,-,-,-,-,<a href='/cvdata/assets/datafiles/press/agbdhGL-press.txt' target='_blank'>PvsT</a>,-,-,-,-,-,-,-,-,-,-,-
464,21,1200,7.3,0.180-a,-,140,>4,GE80,373,Sandia,#AEBDHGLL,-,<a href= '/diesel-spray-combustion/experimental-diagnostics/lift-off-length/' target='_blank'>LO</a> ; <a href= '/diesel-spray-combustion/experimental-diagnostics/light-based-ignition-delay/' target='_blank'>ID</a>,-,21,-,O2 = 21.00;N2 = 69.33;CO2 = 6.11;H2O = 3.56;,-,29.47,1198.4,2.2,&plusmn; 0.9,1213,1157.1,7.27,0.01,&plusmn; 0.00,7.56,7.53,2.47,1.005,-,-,-,-,-,<a href= '/diesel-spray-combustion/sandia-cv/combustion-vessel-geometry/' target='_blank'>Vesssel Geometry</a>,141.4;<a href= '/cvdata/assets/datafiles/fuelpress/AEBDHGL-fuelP.txt' target='_blank'>fuel pressure vs time</a>,1.6,&plusmn; 1.0,373,-,-,-,-,-,-,-,-,4.98,0.13,-,47.9,-,-,0.77,-,-,-,0.18,-,<a href='/diesel-spray-combustion/sandia-cv/combustion-vessel-geometry/1997-to-2009/1997-to-2007/' target='_blank'>Inj. Char.</a>,-,-,-,0.051,-,-,-,-,21.15,-,-,-,-,-,-,-,-,<a href='/cvdata/assets/datafiles/press/aebdhGL-press.txt' target='_blank'>PvsT</a>,-,-,-,-,-,-,-,-,-,-,-
465,21,800,14.8,0.180-a,-,140,>4,GE80,373,Sandia,#AMCDHGLL,-,<a href= '/diesel-spray-combustion/experimental-diagnostics/lift-off-length/' target='_blank'>LO</a> ; <a href= '/diesel-spray-combustion/experimental-diagnostics/light-based-ignition-delay/' target='_blank'>ID</a>,-,21,-,O2 = 21.00;N2 = 69.33;CO2 = 6.11;H2O = 3.56;,-,29.47,800.7,1.1,&plusmn; 0.5,809.9,783.8,14.8,0.02,&plusmn; 0.01,15.32,15.11,3.37,1.009,-,-,-,-,-,<a href= '/diesel-spray-combustion/sandia-cv/combustion-vessel-geometry/' target='_blank'>Vesssel Geometry</a>,142.6;<a href= '/cvdata/assets/datafiles/fuelpress/AMCDHGL-fuelP.txt' target='_blank'>fuel pressure vs time</a>,1.9,&plusmn; 1.2,373,-,-,-,-,-,-,-,-,5.38,0.1,-,51.89,-,-,0.77,-,-,-,0.18,-,<a href='/diesel-spray-combustion/sandia-cv/combustion-vessel-geometry/1997-to-2009/1997-to-2007/' target='_blank'>Inj. Char.</a>,-,-,-,0.051,-,-,-,-,66.64,-,-,-,-,-,-,-,-,<a href='/cvdata/assets/datafiles/press/amcdhGL-press.txt' target='_blank'>PvsT</a>,-,-,-,-,-,-,-,-,-,-,-
466,21,850,14.8,0.180-a,-,140,>4,GE80,373,Sandia,#ALCDHGL,-,<a href= '/diesel-spray-combustion/experimental-diagnostics/lift-off-length/' target='_blank'>LO</a> ; <a href= '/diesel-spray-combustion/experimental-diagnostics/light-based-ignition-delay/' target='_blank'>ID</a>,-,-,-,-,-,-,-,-,-,861,830,-,-,-,15.35,15.2,3.58,1.009,-,-,-,-,-,-,141.58,-,-,-,-,-,-,-,-,<a href= '/diesel-spray-combustion/sandia-cv/injector-characterization/' target='_blank'>rate of injection</a>,-,-,5.7,-,-,54,-,-,-,-,-,-,-,-,-,-,-,-,0.051,-,-,-,-,51.1,-,-,-,-,-,-,-,-, <a href='/cvdata/assets/datafiles/press/alcdhGL-press.txt' target='_blank'>PvsT</a>,-,-,-,-,-,-,-,-,-,-,-
467,21,900,14.8,0.180-a,-,140,>4,GE80,373,Sandia,#AKCDHGLL,-,<a href= '/diesel-spray-combustion/experimental-diagnostics/lift-off-length/' target='_blank'>LO</a> ; <a href= '/diesel-spray-combustion/experimental-diagnostics/light-based-ignition-delay/' target='_blank'>ID</a>,-,21,-,O2 = 21.00;N2 = 69.33;CO2 = 6.11;H2O = 3.56;,-,29.47,901.4,0.9,&plusmn; 0.4,911.5,876.9,14.8,0.02,&plusmn; 0.01,15.32,15.21,3.8,1.009,-,-,-,-,-,<a href= '/diesel-spray-combustion/sandia-cv/combustion-vessel-geometry/' target='_blank'>Vesssel Geometry</a>,142.0;<a href= '/cvdata/assets/datafiles/fuelpress/AKCDHGL-fuelP.txt' target='_blank'>fuel pressure vs time</a>,3.2,&plusmn; 1.7,373,-,-,-,-,-,-,-,-,5.33,0.15,-,51.46,-,-,0.77,-,-,-,0.18,-,<a href='/diesel-spray-combustion/sandia-cv/combustion-vessel-geometry/1997-to-2009/1997-to-2007/' target='_blank'>Inj. Char.</a>,-,-,-,0.051,-,-,-,-,43.15,-,-,-,-,-,-,-,-,<a href='/cvdata/assets/datafiles/press/akcdhGL-press.txt' target='_blank'>PvsT</a>,-,-,-,-,-,-,-,-,-,-,-
468,21,950,14.8,0.180-a,-,140,>4,GE80,373,Sandia,#AJCDHGLL,-,<a href= '/diesel-spray-combustion/experimental-diagnostics/lift-off-length/' target='_blank'>LO</a> ; <a href= '/diesel-spray-combustion/experimental-diagnostics/light-based-ignition-delay/' target='_blank'>ID</a>,-,21,-,O2 = 21.00;N2 = 69.33;CO2 = 6.11;H2O = 3.56;,-,29.47,952.8,1.1,&plusmn; 0.5,963.1,924.2,14.78,0,&plusmn; 0.00,15.29,15.24,4.01,1.009,-,-,-,-,-,<a href= '/diesel-spray-combustion/sandia-cv/combustion-vessel-geometry/' target='_blank'>Vesssel Geometry</a>,144.7;<a href= '/cvdata/assets/datafiles/fuelpress/AJCDHGL-fuelP.txt' target='_blank'>fuel pressure vs time</a>,2,&plusmn; 1.4,373,-,-,-,-,-,-,-,-,5.47,0.18,-,52.84,-,-,0.77,-,-,-,0.18,-,<a href='/diesel-spray-combustion/sandia-cv/combustion-vessel-geometry/1997-to-2009/1997-to-2007/' target='_blank'>Inj. Char.</a>,-,-,-,0.051,-,-,-,-,34.02,-,-,-,-,-,-,-,-,<a href='/cvdata/assets/datafiles/press/ajcdhGL-press.txt' target='_blank'>PvsT</a>,-,-,-,-,-,-,-,-,-,-,-
469,21,1000,14.8,0.180-a,-,140,>4,GE80,373,Sandia,#AICDHGLL,-,<a href= '/diesel-spray-combustion/experimental-diagnostics/lift-off-length/' target='_blank'>LO</a> ; <a href= '/diesel-spray-combustion/experimental-diagnostics/light-based-ignition-delay/' target='_blank'>ID</a>,-,21,-,O2 = 21.00;N2 = 69.33;CO2 = 6.11;H2O = 3.56;,-,29.47,1002.5,1.3,&plusmn; 0.1,1004.8,969.3,14.79,0.02,&plusmn; 0.00,14.9,15.3,4.22,1.01,-,-,-,-,-,<a href= '/diesel-spray-combustion/sandia-cv/combustion-vessel-geometry/' target='_blank'>Vesssel Geometry</a>,143.3;<a href= '/cvdata/assets/datafiles/fuelpress/AICDHGL-fuelP.txt' target='_blank'>fuel pressure vs time</a>,2,&plusmn; 0.5,373,-,-,-,-,-,-,-,-,5.23,0.11,-,50.55,-,-,0.77,-,-,-,0.18,-,<a href='/diesel-spray-combustion/sandia-cv/combustion-vessel-geometry/1997-to-2009/1997-to-2007/' target='_blank'>Inj. Char.</a>,-,-,-,0.051,-,-,-,-,26.61,-,-,-,-,-,-,-,-,<a href='/cvdata/assets/datafiles/press/aicdhGL-press.txt' target='_blank'>PvsT</a>,-,-,-,-,-,-,-,-,-,-,-
470,21,1100,14.8,0.180-a,-,140,>4,GE80,373,Sandia,#AGCDHGLL,-,<a href= '/diesel-spray-combustion/experimental-diagnostics/lift-off-length/' target='_blank'>LO</a> ; <a href= '/diesel-spray-combustion/experimental-diagnostics/light-based-ignition-delay/' target='_blank'>ID</a>,-,21,-,O2 = 21.00;N2 = 69.33;CO2 = 6.11;H2O = 3.56;,-,29.47,1100.4,1.2,&plusmn; 0.5,1108.7,1058.2,14.8,0.02,&plusmn; 0.01,15.17,15.39,4.64,1.01,-,-,-,-,-,<a href= '/diesel-spray-combustion/sandia-cv/combustion-vessel-geometry/' target='_blank'>Vesssel Geometry</a>,142.8;<a href= '/cvdata/assets/datafiles/fuelpress/AGCDHGL-fuelP.txt' target='_blank'>fuel pressure vs time</a>,1.7,&plusmn; 1.1,373,-,-,-,-,-,-,-,-,5.01,0.12,-,48.59,-,-,0.77,-,-,-,0.18,-,<a href='/diesel-spray-combustion/sandia-cv/combustion-vessel-geometry/1997-to-2009/1997-to-2007/' target='_blank'>Inj. Char.</a>,-,-,-,0.05,-,-,-,-,19.18,-,-,-,-,-,-,-,-,<a href='/cvdata/assets/datafiles/press/agcdhGL-press.txt' target='_blank'>PvsT</a>,-,-,-,-,-,-,-,-,-,-,-
471,21,1200,14.8,0.180-a,-,140,4,GE80,373,Sandia,#AECDHGLL,-,<a href= '/diesel-spray-combustion/experimental-diagnostics/lift-off-length/' target='_blank'>LO</a> ; <a href= '/diesel-spray-combustion/experimental-diagnostics/light-based-ignition-delay/' target='_blank'>ID</a>,-,21,-,O2 = 21.00;N2 = 69.33;CO2 = 6.11;H2O = 3.56;,-,29.47,1200.1,1.8,&plusmn; 0.4,1206.3,1147.8,14.8,0.01,&plusmn; 0.00,15.05,15.47,5.06,1.01,-,-,-,-,-,<a href= '/diesel-spray-combustion/sandia-cv/combustion-vessel-geometry/' target='_blank'>Vesssel Geometry</a>,145.1;<a href= '/cvdata/assets/datafiles/fuelpress/AECDHGL-fuelP.txt' target='_blank'>fuel pressure vs time</a>,1.2,&plusmn; 0.6,373,-,-,-,-,-,-,-,-,4.63,0.08,-,44.94,-,-,0.77,-,-,-,0.18,-,<a href='/diesel-spray-combustion/sandia-cv/combustion-vessel-geometry/1997-to-2009/1997-to-2007/' target='_blank'>Inj. Char.</a>,-,-,-,0.05,-,-,-,-,12.61,-,-,-,-,-,-,-,-,<a href='/cvdata/assets/datafiles/press/aecdhGL-press.txt' target='_blank'>PvsT</a>,-,-,-,-,-,-,-,-,-,-,-
472,21,1300,14.8,0.180-a,-,140,4,GE80,373,Sandia,#ACCDHGLL,-,<a href= '/diesel-spray-combustion/experimental-diagnostics/lift-off-length/' target='_blank'>LO</a> ; <a href= '/diesel-spray-combustion/experimental-diagnostics/light-based-ignition-delay/' target='_blank'>ID</a>,-,21,-,O2 = 21.00;N2 = 69.33;CO2 = 6.11;H2O = 3.56;,-,29.47,1301.5,0.8,&plusmn; 0.3,1307.6,1238.2,14.79,0.02,&plusmn; 0.01,15.03,15.55,5.49,1.01,-,-,-,-,-,<a href= '/diesel-spray-combustion/sandia-cv/combustion-vessel-geometry/' target='_blank'>Vesssel Geometry</a>,144.9;<a href= '/cvdata/assets/datafiles/fuelpress/ACCDHGL-fuelP.txt' target='_blank'>fuel pressure vs time</a>,1.5,&plusmn; 1.0,373,-,-,-,-,-,-,-,-,4.49,0.16,-,43.65,-,-,0.77,-,-,-,0.18,-,<a href='/diesel-spray-combustion/sandia-cv/combustion-vessel-geometry/1997-to-2009/1997-to-2007/' target='_blank'>Inj. Char.</a>,-,-,-,0.05,-,-,-,-,9.66,-,-,-,-,-,-,-,-,<a href='/cvdata/assets/datafiles/press/accdhGL-press.txt' target='_blank'>PvsT</a>,-,-,-,-,-,-,-,-,-,-,-
473,21,800,30,0.180-a,-,130,>4,GE80,373,Sandia,#AMDDHGLL,-,<a href= '/diesel-spray-combustion/experimental-diagnostics/lift-off-length/' target='_blank'>LO</a> ; <a href= '/diesel-spray-combustion/experimental-diagnostics/light-based-ignition-delay/' target='_blank'>ID</a>,-,21,-,O2 = 21.00;N2 = 69.33;CO2 = 6.11;H2O = 3.56;,-,29.47,801.3,0.5,&plusmn; 0.5,807.2,782.3,29.98,0.02,&plusmn; 0.02,30.65,30.71,6.9,1.018,-,-,-,-,-,<a href= '/diesel-spray-combustion/sandia-cv/combustion-vessel-geometry/' target='_blank'>Vesssel Geometry</a>,142.7;<a href= '/cvdata/assets/datafiles/fuelpress/AMDDHGL-fuelP.txt' target='_blank'>fuel pressure vs time</a>,2.9,&plusmn; 3.3,373,-,-,-,-,-,-,-,-,5.62,0.05,-,54.9,-,-,0.77,-,-,-,0.18,-,<a href='/diesel-spray-combustion/sandia-cv/combustion-vessel-geometry/1997-to-2009/1997-to-2007/' target='_blank'>Inj. Char.</a>,-,-,-,0.05,-,-,-,-,28.54,-,-,-,-,-,-,-,-,<a href='/cvdata/assets/datafiles/press/amddhGL-press.txt' target='_blank'>PvsT</a>,-,-,-,-,-,-,-,-,-,-,-
474,21,850,30,0.180-a,-,140,>4,GE80,373,Sandia,#ALDDHGLL,-,<a href= '/diesel-spray-combustion/experimental-diagnostics/lift-off-length/' target='_blank'>LO</a> ; <a href= '/diesel-spray-combustion/experimental-diagnostics/light-based-ignition-delay/' target='_blank'>ID</a>,-,21,-,O2 = 21.00;N2 = 69.33;CO2 = 6.11;H2O = 3.56;,-,29.47,850.1,0.8,&plusmn; 0.8,855,826.7,30.01,0.02,&plusmn; 0.02,30.54,30.86,7.33,1.019,-,-,-,-,-,<a href= '/diesel-spray-combustion/sandia-cv/combustion-vessel-geometry/' target='_blank'>Vesssel Geometry</a>,146.8;<a href= '/cvdata/assets/datafiles/fuelpress/ALDDHGL-fuelP.txt' target='_blank'>fuel pressure vs time</a>,0.3,&plusmn; 0.7,373,-,-,-,-,-,-,-,-,5.06,0.27,-,49.47,-,-,0.77,-,-,-,0.18,-,<a href='/diesel-spray-combustion/sandia-cv/combustion-vessel-geometry/1997-to-2009/1997-to-2007/' target='_blank'>Inj. Char.</a>,-,-,-,0.05,-,-,-,-,23.39,-,-,-,-,-,-,-,-,<a href='/cvdata/assets/datafiles/press/alddhGL-press.txt' target='_blank'>PvsT</a>,-,-,-,-,-,-,-,-,-,-,-
475,21,900,30,0.180-a,-,140,>4,GE80,373,Sandia,#AKDDHGLL,-,<a href= '/diesel-spray-combustion/experimental-diagnostics/lift-off-length/' target='_blank'>LO</a> ; <a href= '/diesel-spray-combustion/experimental-diagnostics/light-based-ignition-delay/' target='_blank'>ID</a>,-,21,-,O2 = 21.00;N2 = 69.33;CO2 = 6.11;H2O = 3.56;,-,29.47,901.3,1.7,&plusmn; 1.7,906.2,873,29.96,0.05,&plusmn; 0.05,30.47,30.93,7.77,1.02,-,-,-,-,-,<a href= '/diesel-spray-combustion/sandia-cv/combustion-vessel-geometry/' target='_blank'>Vesssel Geometry</a>,147.6;<a href= '/cvdata/assets/datafiles/fuelpress/AKDDHGL-fuelP.txt' target='_blank'>fuel pressure vs time</a>,0,&plusmn; 0.4,373,-,-,-,-,-,-,-,-,5.19,0.02,-,50.84,-,-,0.77,-,-,-,0.18,-,<a href='/diesel-spray-combustion/sandia-cv/combustion-vessel-geometry/1997-to-2009/1997-to-2007/' target='_blank'>Inj. Char.</a>,-,-,-,0.05,-,-,-,-,18.71,-,-,-,-,-,-,-,-,<a href='/cvdata/assets/datafiles/press/akddhGL-press.txt' target='_blank'>PvsT</a>,-,-,-,-,-,-,-,-,-,-,-
476,21,1000,30,0.180-a,-,140,>4,GE80,373,Sandia,#AIDDHGLL,-,<a href= '/diesel-spray-combustion/experimental-diagnostics/lift-off-length/' target='_blank'>LO</a> ; <a href= '/diesel-spray-combustion/experimental-diagnostics/light-based-ignition-delay/' target='_blank'>ID</a>,-,21,-,O2 = 21.00;N2 = 69.33;CO2 = 6.11;H2O = 3.56;,-,29.47,999.5,3.5,&plusmn; 1.7,1004,961.2,30,0.08,&plusmn; 0.04,30.43,31.2,8.63,1.021,-,-,-,-,-,<a href= '/diesel-spray-combustion/sandia-cv/combustion-vessel-geometry/' target='_blank'>Vesssel Geometry</a>,146.5;<a href= '/cvdata/assets/datafiles/fuelpress/AIDDHGL-fuelP.txt' target='_blank'>fuel pressure vs time</a>,0.6,&plusmn; 0.7,373,-,-,-,-,-,-,-,-,5.24,0.05,-,51.52,-,-,0.77,-,-,-,0.18,-,<a href='/diesel-spray-combustion/sandia-cv/combustion-vessel-geometry/1997-to-2009/1997-to-2007/' target='_blank'>Inj. Char.</a>,-,-,-,0.05,-,-,-,-,13.7,-,-,-,-,-,-,-,-,<a href='/cvdata/assets/datafiles/press/aiddhGL-press.txt' target='_blank'>PvsT</a>,-,-,-,-,-,-,-,-,-,-,-
477,21,1100,30,0.180-a,-,140,>4,GE80,373,Sandia,#AGDDHGLL,-,<a href= '/diesel-spray-combustion/experimental-diagnostics/lift-off-length/' target='_blank'>LO</a> ; <a href= '/diesel-spray-combustion/experimental-diagnostics/light-based-ignition-delay/' target='_blank'>ID</a>,-,21,-,O2 = 21.00;N2 = 69.33;CO2 = 6.11;H2O = 3.56;,-,29.47,1099.5,3.5,&plusmn; 3.5,1104,1050.7,29.98,0.03,&plusmn; 0.03,30.39,31.38,9.5,1.021,-,-,-,-,-,<a href= '/diesel-spray-combustion/sandia-cv/combustion-vessel-geometry/' target='_blank'>Vesssel Geometry</a>,149.0;<a href= '/cvdata/assets/datafiles/fuelpress/AGDDHGL-fuelP.txt' target='_blank'>fuel pressure vs time</a>,0.5,&plusmn; 0.9,373,-,-,-,-,-,-,-,-,5.25,0.03,-,51.73,-,-,0.77,-,-,-,0.18,-,<a href='/diesel-spray-combustion/sandia-cv/combustion-vessel-geometry/1997-to-2009/1997-to-2007/' target='_blank'>Inj. Char.</a>,-,-,-,0.05,-,-,-,-,9.88,-,-,-,-,-,-,-,-,<a href='/cvdata/assets/datafiles/press/agddhGL-press.txt' target='_blank'>PvsT</a>,-,-,-,-,-,-,-,-,-,-,-
478,21,1200,30,0.180-a,-,140,>4,GE80,373,Sandia,#AEDDHGLL,-,<a href= '/diesel-spray-combustion/experimental-diagnostics/lift-off-length/' target='_blank'>LO</a> ; <a href= '/diesel-spray-combustion/experimental-diagnostics/light-based-ignition-delay/' target='_blank'>ID</a>,-,21,-,O2 = 21.00;N2 = 69.33;CO2 = 6.11;H2O = 3.56;,-,29.47,1201.7,1.5,&plusmn; 1.5,1206,1141.2,29.95,0.05,&plusmn; 0.05,30.31,31.54,10.38,1.022,-,-,-,-,-,<a href= '/diesel-spray-combustion/sandia-cv/combustion-vessel-geometry/' target='_blank'>Vesssel Geometry</a>,148.7;<a href= '/cvdata/assets/datafiles/fuelpress/AEDDHGL-fuelP.txt' target='_blank'>fuel pressure vs time</a>,0.2,&plusmn; 0.6,373,-,-,-,-,-,-,-,-,5.14,0.02,-,50.82,-,-,0.77,-,-,-,0.18,-,<a href='/diesel-spray-combustion/sandia-cv/combustion-vessel-geometry/1997-to-2009/1997-to-2007/' target='_blank'>Inj. Char.</a>,-,-,-,0.049,-,-,-,-,7.51,-,-,-,-,-,-,-,-,<a href='/cvdata/assets/datafiles/press/aeddhGL-press.txt' target='_blank'>PvsT</a>,-,-,-,-,-,-,-,-,-,-,-
479,21,1060,18.8,0.180-a,-,60,>4,GE80,373,Sandia,#AHMLHGLL,-,<a href= '/diesel-spray-combustion/experimental-diagnostics/lift-off-length/' target='_blank'>LO</a> ; <a href= '/diesel-spray-combustion/experimental-diagnostics/light-based-ignition-delay/' target='_blank'>ID</a>,-,21,-,O2 = 21.00;N2 = 69.33;CO2 = 6.11;H2O = 3.56;,-,29.47,1060.1,2,&plusmn; 0.4,1065.8,1020,18.8,0.03,&plusmn; 0.01,19.12,19.53,5.69,1.013,-,-,-,-,-,<a href= '/diesel-spray-combustion/sandia-cv/combustion-vessel-geometry/' target='_blank'>Vesssel Geometry</a>,70.2;<a href= '/cvdata/assets/datafiles/fuelpress/AHMLHGL-fuelP.txt' target='_blank'>fuel pressure vs time</a>,3.1,&plusmn; 1.1,373,-,-,-,-,-,-,-,-,5.02,0.12,-,33.56,-,-,0.77,-,-,-,0.18,-,<a href='/diesel-spray-combustion/sandia-cv/combustion-vessel-geometry/1997-to-2009/1997-to-2007/' target='_blank'>Inj. Char.</a>,-,-,-,0.073,-,-,-,-,13.68,-,-,-,-,-,-,-,-,<a href='/cvdata/assets/datafiles/press/ahmlhGL-press.txt' target='_blank'>PvsT</a>,-,-,-,-,-,-,-,-,-,-,-
480,21,970,24.3,0.180-a,-,140,>4,GE80,373,Sandia,#AJSDHGL,-,soot data available need to add; <a href= '/diesel-spray-combustion/experimental-diagnostics/lift-off-length/' target='_blank'>LO</a> ; <a href= '/diesel-spray-combustion/experimental-diagnostics/light-based-ignition-delay/' target='_blank'>ID</a>,-,-,-,-,-,-,-,-,-,976,937,-,-,-,24.75,25.2,6.76,1.016,-,-,-,-,-,-,143.76,-,-,-,-,-,-,-,-,<a href= '/diesel-spray-combustion/sandia-cv/injector-characterization/' target='_blank'>rate of injection</a>,-,-,5.4,-,-,50.9,-,-,-,-,-,-,-,-,-,-,-,-,0.051,-,-,-,-,19,-,-,-,-,-,-,-,-, <a href='/cvdata/assets/datafiles/press/ajsdhGL-press.txt' target='_blank'>PvsT</a>,-,-,-,-,-,-,-,-,-,-,-
481,21,970,24.3,0.180-a,-,90,>4,GE80,373,Sandia,#AJSFHGLL,-,<a href= '/diesel-spray-combustion/experimental-diagnostics/lift-off-length/' target='_blank'>LO</a> ; <a href= '/diesel-spray-combustion/experimental-diagnostics/light-based-ignition-delay/' target='_blank'>ID</a>,-,21,-,O2 = 21.00;N2 = 69.33;CO2 = 6.11;H2O = 3.56;,-,29.47,970.7,1.7,&plusmn; 0.2,977.4,937.3,24.28,0.04,&plusmn; 0.01,24.81,25.15,6.76,1.016,-,-,-,-,-,<a href= '/diesel-spray-combustion/sandia-cv/combustion-vessel-geometry/' target='_blank'>Vesssel Geometry</a>,97.8;<a href= '/cvdata/assets/datafiles/fuelpress/AJSFHGL-fuelP.txt' target='_blank'>fuel pressure vs time</a>,2.8,&plusmn; 0.8,373,-,-,-,-,-,-,-,-,5.87,0.4,-,46.74,-,-,0.77,-,-,-,0.18,-,<a href='/diesel-spray-combustion/sandia-cv/combustion-vessel-geometry/1997-to-2009/1997-to-2007/' target='_blank'>Inj. Char.</a>,-,-,-,0.061,-,-,-,-,17.84,-,-,-,-,-,-,-,-,<a href='/cvdata/assets/datafiles/press/ajsfhGL-press.txt' target='_blank'>PvsT</a>,-,-,-,-,-,-,-,-,-,-,-
482,15,850,14.8,0.180-a,-,140,>4,GE80,373,Sandia,#JLCDHGLL,-,<a href= '/diesel-spray-combustion/experimental-diagnostics/lift-off-length/' target='_blank'>LO</a> ; <a href= '/diesel-spray-combustion/experimental-diagnostics/light-based-ignition-delay/' target='_blank'>ID</a>,-,15,-,O2 = 15.00;N2 = 75.15;CO2 = 6.22;H2O = 3.62;,-,29.24,853,0.7,&plusmn; 0.3,860.2,832.4,14.79,0.01,&plusmn; 0.00,15.17,15.16,3.62,1.009,-,-,-,-,-,<a href= '/diesel-spray-combustion/sandia-cv/combustion-vessel-geometry/' target='_blank'>Vesssel Geometry</a>,142.4;<a href= '/cvdata/assets/datafiles/fuelpress/JLCDHGL-fuelP.txt' target='_blank'>fuel pressure vs time</a>,1.2,&plusmn; 0.9,373,-,-,-,-,-,-,-,-,5.71,0.06,-,55.13,-,-,0.77,-,-,-,0.18,-,<a href='/diesel-spray-combustion/sandia-cv/combustion-vessel-geometry/1997-to-2009/1997-to-2007/' target='_blank'>Inj. Char.</a>,-,-,-,0.051,-,-,-,-,75,-,-,-,-,-,-,-,-,<a href='/cvdata/assets/datafiles/press/jlcdhGL-press.txt' target='_blank'>PvsT</a>,-,-,-,-,-,-,-,-,-,-,-
483,15,900,14.8,0.180-a,-,140,>4,GE80,373,Sandia,#JKCDHGLL,-,<a href= '/diesel-spray-combustion/experimental-diagnostics/lift-off-length/' target='_blank'>LO</a> ; <a href= '/diesel-spray-combustion/experimental-diagnostics/light-based-ignition-delay/' target='_blank'>ID</a>,-,15,-,O2 = 15.00;N2 = 75.15;CO2 = 6.22;H2O = 3.62;,-,29.24,904.1,1.5,&plusmn; 0.6,912.5,879.6,14.78,0.02,&plusmn; 0.01,15.2,15.19,3.83,1.009,-,-,-,-,-,<a href= '/diesel-spray-combustion/sandia-cv/combustion-vessel-geometry/' target='_blank'>Vesssel Geometry</a>,142.2;<a href= '/cvdata/assets/datafiles/fuelpress/JKCDHGL-fuelP.txt' target='_blank'>fuel pressure vs time</a>,2,&plusmn; 1.2,373,-,-,-,-,-,-,-,-,5.68,0.05,-,54.85,-,-,0.77,-,-,-,0.18,-,<a href='/diesel-spray-combustion/sandia-cv/combustion-vessel-geometry/1997-to-2009/1997-to-2007/' target='_blank'>Inj. Char.</a>,-,-,-,0.051,-,-,-,-,60.57,-,-,-,-,-,-,-,-,<a href='/cvdata/assets/datafiles/press/jkcdhGL-press.txt' target='_blank'>PvsT</a>,-,-,-,-,-,-,-,-,-,-,-
484,15,1000,14.8,0.180-a,-,140,>4,GE80,373,Sandia,#JICDHGLL,-,<a href= '/diesel-spray-combustion/experimental-diagnostics/lift-off-length/' target='_blank'>LO</a> ; <a href= '/diesel-spray-combustion/experimental-diagnostics/light-based-ignition-delay/' target='_blank'>ID</a>,-,15,-,O2 = 15.00;N2 = 75.15;CO2 = 6.22;H2O = 3.62;,-,29.24,1001.9,1.6,&plusmn; 0.6,1011,968.8,14.79,0.01,&plusmn; 0.01,15.22,15.3,4.26,1.01,-,-,-,-,-,<a href= '/diesel-spray-combustion/sandia-cv/combustion-vessel-geometry/' target='_blank'>Vesssel Geometry</a>,145.7;<a href= '/cvdata/assets/datafiles/fuelpress/JICDHGL-fuelP.txt' target='_blank'>fuel pressure vs time</a>,1.7,&plusmn; 1.1,373,-,-,-,-,-,-,-,-,5.68,0.04,-,54.98,-,-,0.77,-,-,-,0.18,-,<a href='/diesel-spray-combustion/sandia-cv/combustion-vessel-geometry/1997-to-2009/1997-to-2007/' target='_blank'>Inj. Char.</a>,-,-,-,0.051,-,-,-,-,37.59,-,-,-,-,-,-,-,-,<a href='/cvdata/assets/datafiles/press/jicdhGL-press.txt' target='_blank'>PvsT</a>,-,-,-,-,-,-,-,-,-,-,-
485,15,1100,14.8,0.180-a,-,140,>4,GE80,373,Sandia,#JGCDHGLL,-,<a href= '/diesel-spray-combustion/experimental-diagnostics/lift-off-length/' target='_blank'>LO</a> ; <a href= '/diesel-spray-combustion/experimental-diagnostics/light-based-ignition-delay/' target='_blank'>ID</a>,-,15,-,O2 = 15.00;N2 = 75.15;CO2 = 6.22;H2O = 3.62;,-,29.24,1100.7,1.6,&plusmn; 0.6,1108,1058.8,14.79,0.02,&plusmn; 0.01,15.11,15.38,4.68,1.01,-,-,-,-,-,<a href= '/diesel-spray-combustion/sandia-cv/combustion-vessel-geometry/' target='_blank'>Vesssel Geometry</a>,142.5;<a href= '/cvdata/assets/datafiles/fuelpress/JGCDHGL-fuelP.txt' target='_blank'>fuel pressure vs time</a>,1.7,&plusmn; 1.1,373,-,-,-,-,-,-,-,-,5.02,0.13,-,48.64,-,-,0.77,-,-,-,0.18,-,<a href='/diesel-spray-combustion/sandia-cv/combustion-vessel-geometry/1997-to-2009/1997-to-2007/' target='_blank'>Inj. Char.</a>,-,-,-,0.05,-,-,-,-,25.04,-,-,-,-,-,-,-,-,<a href='/cvdata/assets/datafiles/press/jgcdhGL-press.txt' target='_blank'>PvsT</a>,-,-,-,-,-,-,-,-,-,-,-
486,15,1200,14.8,0.180-a,-,140,4,GE80,373,Sandia,#JECDHGLL,-,<a href= '/diesel-spray-combustion/experimental-diagnostics/lift-off-length/' target='_blank'>LO</a> ; <a href= '/diesel-spray-combustion/experimental-diagnostics/light-based-ignition-delay/' target='_blank'>ID</a>,-,15,-,O2 = 15.00;N2 = 75.15;CO2 = 6.22;H2O = 3.62;,-,29.24,1200.7,1.5,&plusmn; 0.6,1206.4,1148.4,14.79,0.02,&plusmn; 0.01,15.03,15.47,5.1,1.01,-,-,-,-,-,<a href= '/diesel-spray-combustion/sandia-cv/combustion-vessel-geometry/' target='_blank'>Vesssel Geometry</a>,144.3;<a href= '/cvdata/assets/datafiles/fuelpress/JECDHGL-fuelP.txt' target='_blank'>fuel pressure vs time</a>,2.1,&plusmn; 1.3,373,-,-,-,-,-,-,-,-,4.61,0.09,-,44.71,-,-,0.77,-,-,-,0.18,-,<a href='/diesel-spray-combustion/sandia-cv/combustion-vessel-geometry/1997-to-2009/1997-to-2007/' target='_blank'>Inj. Char.</a>,-,-,-,0.05,-,-,-,-,17.75,-,-,-,-,-,-,-,-,<a href='/cvdata/assets/datafiles/press/jecdhGL-press.txt' target='_blank'>PvsT</a>,-,-,-,-,-,-,-,-,-,-,-
487,15,1300,14.8,0.180-a,-,140,4,GE80,373,Sandia,#JCCDHGLL,-,<a href= '/diesel-spray-combustion/experimental-diagnostics/lift-off-length/' target='_blank'>LO</a> ; <a href= '/diesel-spray-combustion/experimental-diagnostics/light-based-ignition-delay/' target='_blank'>ID</a>,-,15,-,O2 = 15.00;N2 = 75.15;CO2 = 6.22;H2O = 3.62;,-,29.24,1300.7,1.4,&plusmn; 0.6,1306.1,1237.5,14.81,0.02,&plusmn; 0.01,15.02,15.56,5.53,1.011,-,-,-,-,-,<a href= '/diesel-spray-combustion/sandia-cv/combustion-vessel-geometry/' target='_blank'>Vesssel Geometry</a>,143.9;<a href= '/cvdata/assets/datafiles/fuelpress/JCCDHGL-fuelP.txt' target='_blank'>fuel pressure vs time</a>,2.2,&plusmn; 1.3,373,-,-,-,-,-,-,-,-,4.65,0.04,-,45.15,-,-,0.77,-,-,-,0.18,-,<a href='/diesel-spray-combustion/sandia-cv/combustion-vessel-geometry/1997-to-2009/1997-to-2007/' target='_blank'>Inj. Char.</a>,-,-,-,0.05,-,-,-,-,11.72,-,-,-,-,-,-,-,-,<a href='/cvdata/assets/datafiles/press/jccdhGL-press.txt' target='_blank'>PvsT</a>,-,-,-,-,-,-,-,-,-,-,-
488,15,1000,7.3,0.180-a,-,140,>4,GE80,373,Sandia,#JIBDHGLL,-,<a href= '/diesel-spray-combustion/experimental-diagnostics/lift-off-length/' target='_blank'>LO</a> ; <a href= '/diesel-spray-combustion/experimental-diagnostics/light-based-ignition-delay/' target='_blank'>ID</a>,-,15,-,O2 = 15.00;N2 = 75.15;CO2 = 6.22;H2O = 3.62;,-,29.24,1001.8,1.4,&plusmn; 0.6,1017.6,975.8,7.26,0.01,&plusmn; 0.00,7.63,7.46,2.08,1.005,-,-,-,-,-,<a href= '/diesel-spray-combustion/sandia-cv/combustion-vessel-geometry/' target='_blank'>Vesssel Geometry</a>,142.0;<a href= '/cvdata/assets/datafiles/fuelpress/JIBDHGL-fuelP.txt' target='_blank'>fuel pressure vs time</a>,2.4,&plusmn; 1.3,373,-,-,-,-,-,-,-,-,6.37,0.13,-,61.19,-,-,0.77,-,-,-,0.18,-,<a href='/diesel-spray-combustion/sandia-cv/combustion-vessel-geometry/1997-to-2009/1997-to-2007/' target='_blank'>Inj. Char.</a>,-,-,-,0.051,-,-,-,-,79,-,-,-,-,-,-,-,-,<a href='/cvdata/assets/datafiles/press/jibdhGL-press.txt' target='_blank'>PvsT</a>,-,-,-,-,-,-,-,-,-,-,-
489,15,1000,30,0.180-a,-,140,>4,GE80,373,Sandia,#JIDDHGLL,-,<a href= '/diesel-spray-combustion/experimental-diagnostics/lift-off-length/' target='_blank'>LO</a> ; <a href= '/diesel-spray-combustion/experimental-diagnostics/light-based-ignition-delay/' target='_blank'>ID</a>,-,15,-,O2 = 15.00;N2 = 75.15;CO2 = 6.22;H2O = 3.62;,-,29.24,1000.8,2.1,&plusmn; 2.1,1005.2,962.4,29.99,0.07,&plusmn; 0.07,30.4,31.18,8.71,1.021,-,-,-,-,-,<a href= '/diesel-spray-combustion/sandia-cv/combustion-vessel-geometry/' target='_blank'>Vesssel Geometry</a>,147.6;<a href= '/cvdata/assets/datafiles/fuelpress/JIDDHGL-fuelP.txt' target='_blank'>fuel pressure vs time</a>,1.7,&plusmn; 2.1,373,-,-,-,-,-,-,-,-,5.03,0.27,-,49.47,-,-,0.77,-,-,-,0.18,-,<a href='/diesel-spray-combustion/sandia-cv/combustion-vessel-geometry/1997-to-2009/1997-to-2007/' target='_blank'>Inj. Char.</a>,-,-,-,0.05,-,-,-,-,18.38,-,-,-,-,-,-,-,-,<a href='/cvdata/assets/datafiles/press/jiddhGL-press.txt' target='_blank'>PvsT</a>,-,-,-,-,-,-,-,-,-,-,-
490,15,970,24.3,0.180-a,-,140,>4,GE80,373,Sandia,#JJSDHGLL,-,<a href= '/diesel-spray-combustion/experimental-diagnostics/lift-off-length/' target='_blank'>LO</a> ; <a href= '/diesel-spray-combustion/experimental-diagnostics/light-based-ignition-delay/' target='_blank'>ID</a>,-,15,-,O2 = 15.00;N2 = 75.15;CO2 = 6.22;H2O = 3.62;,-,29.24,971.6,1.9,&plusmn; 0.3,978.6,938.1,24.28,0.04,&plusmn; 0.01,24.83,25.14,6.82,1.017,-,-,-,-,-,<a href= '/diesel-spray-combustion/sandia-cv/combustion-vessel-geometry/' target='_blank'>Vesssel Geometry</a>,144.5;<a href= '/cvdata/assets/datafiles/fuelpress/JJSDHGL-fuelP.txt' target='_blank'>fuel pressure vs time</a>,2.7,&plusmn; 0.8,373,-,-,-,-,-,-,-,-,5.8,0.15,-,56.61,-,-,0.77,-,-,-,0.18,-,<a href='/diesel-spray-combustion/sandia-cv/combustion-vessel-geometry/1997-to-2009/1997-to-2007/' target='_blank'>Inj. Char.</a>,-,-,-,0.05,-,-,-,-,25.75,-,-,-,-,-,-,-,-,<a href='/cvdata/assets/datafiles/press/jjsdhGL-press.txt' target='_blank'>PvsT</a>,-,-,-,-,-,-,-,-,-,-,-
491,21,1200,7.3,0.180-a,-,140,4,T70,373,Sandia,#AEBDHTLL,-,<a href= '/diesel-spray-combustion/experimental-diagnostics/lift-off-length/' target='_blank'>LO</a> ; <a href= '/diesel-spray-combustion/experimental-diagnostics/light-based-ignition-delay/' target='_blank'>ID</a>,-,21,-,O2 = 21.00;N2 = 69.33;CO2 = 6.11;H2O = 3.56;,-,29.47,1198.1,1.2,&plusmn; 0.5,1213.1,1156.7,7.27,0.01,&plusmn; 0.00,7.58,7.53,2.47,1.005,-,-,-,-,-,<a href= '/diesel-spray-combustion/sandia-cv/combustion-vessel-geometry/' target='_blank'>Vesssel Geometry</a>,140.5;<a href= '/cvdata/assets/datafiles/fuelpress/AEBDHTL-fuelP.txt' target='_blank'>fuel pressure vs time</a>,1,&plusmn; 0.8,373,-,-,-,-,-,-,-,-,4.84,0.05,-,45.18,-,-,0.77,-,-,-,0.18,-,<a href='/diesel-spray-combustion/sandia-cv/combustion-vessel-geometry/1997-to-2009/1997-to-2007/' target='_blank'>Inj. Char.</a>,-,-,-,0.051,-,-,-,-,20.51,-,-,-,-,-,-,-,-,<a href='/cvdata/assets/datafiles/press/aebdhTL-press.txt' target='_blank'>PvsT</a>,-,-,-,-,-,-,-,-,-,-,-
492,21,1100,7.3,0.180-a,-,140,>4,T70,373,Sandia,#AGBDHTLL,-,<a href= '/diesel-spray-combustion/experimental-diagnostics/lift-off-length/' target='_blank'>LO</a> ; <a href= '/diesel-spray-combustion/experimental-diagnostics/light-based-ignition-delay/' target='_blank'>ID</a>,-,21,-,O2 = 21.00;N2 = 69.33;CO2 = 6.11;H2O = 3.56;,-,29.47,1099.1,1.3,&plusmn; 0.5,1117.7,1066,7.27,0.01,&plusmn; 0.00,7.68,7.49,2.26,1.005,-,-,-,-,-,<a href= '/diesel-spray-combustion/sandia-cv/combustion-vessel-geometry/' target='_blank'>Vesssel Geometry</a>,139.7;<a href= '/cvdata/assets/datafiles/fuelpress/AGBDHTL-fuelP.txt' target='_blank'>fuel pressure vs time</a>,0.6,&plusmn; 0.6,373,-,-,-,-,-,-,-,-,5.3,0.07,-,49.4,-,-,0.77,-,-,-,0.18,-,<a href='/diesel-spray-combustion/sandia-cv/combustion-vessel-geometry/1997-to-2009/1997-to-2007/' target='_blank'>Inj. Char.</a>,-,-,-,0.051,-,-,-,-,27.48,-,-,-,-,-,-,-,-,<a href='/cvdata/assets/datafiles/press/agbdhTL-press.txt' target='_blank'>PvsT</a>,-,-,-,-,-,-,-,-,-,-,-
493,21,1050,7.3,0.180-a,-,140,>4,T70,373,Sandia,#AHBDHTLL,-,<a href= '/diesel-spray-combustion/experimental-diagnostics/lift-off-length/' target='_blank'>LO</a> ; <a href= '/diesel-spray-combustion/experimental-diagnostics/light-based-ignition-delay/' target='_blank'>ID</a>,-,21,-,O2 = 21.00;N2 = 69.33;CO2 = 6.11;H2O = 3.56;,-,29.47,1050.7,2.3,&plusmn; 0.9,1069.4,1021.2,7.27,0.01,&plusmn; 0.00,7.69,7.48,2.16,1.005,-,-,-,-,-,<a href= '/diesel-spray-combustion/sandia-cv/combustion-vessel-geometry/' target='_blank'>Vesssel Geometry</a>,140.4;<a href= '/cvdata/assets/datafiles/fuelpress/AHBDHTL-fuelP.txt' target='_blank'>fuel pressure vs time</a>,1.1,&plusmn; 0.8,373,-,-,-,-,-,-,-,-,5.81,0.05,-,54.12,-,-,0.77,-,-,-,0.18,-,<a href='/diesel-spray-combustion/sandia-cv/combustion-vessel-geometry/1997-to-2009/1997-to-2007/' target='_blank'>Inj. Char.</a>,-,-,-,0.051,-,-,-,-,37.71,-,-,-,-,-,-,-,-,<a href='/cvdata/assets/datafiles/press/ahbdhTL-press.txt' target='_blank'>PvsT</a>,-,-,-,-,-,-,-,-,-,-,-
494,21,1000,7.3,0.180-a,-,140,>4,T70,373,Sandia,#AIBDHTLL,-,<a href= '/diesel-spray-combustion/experimental-diagnostics/lift-off-length/' target='_blank'>LO</a> ; <a href= '/diesel-spray-combustion/experimental-diagnostics/light-based-ignition-delay/' target='_blank'>ID</a>,-,21,-,O2 = 21.00;N2 = 69.33;CO2 = 6.11;H2O = 3.56;,-,29.47,999.4,1.4,&plusmn; 0.6,1017.9,973.6,7.27,0.01,&plusmn; 0.00,7.71,7.47,2.06,1.005,-,-,-,-,-,<a href= '/diesel-spray-combustion/sandia-cv/combustion-vessel-geometry/' target='_blank'>Vesssel Geometry</a>,140.1;<a href= '/cvdata/assets/datafiles/fuelpress/AIBDHTL-fuelP.txt' target='_blank'>fuel pressure vs time</a>,0.7,&plusmn; 0.7,373,-,-,-,-,-,-,-,-,5.23,0.11,-,48.74,-,-,0.77,-,-,-,0.18,-,<a href='/diesel-spray-combustion/sandia-cv/combustion-vessel-geometry/1997-to-2009/1997-to-2007/' target='_blank'>Inj. Char.</a>,-,-,-,0.051,-,-,-,-,52.3,-,-,-,-,-,-,-,-,<a href='/cvdata/assets/datafiles/press/aibdhTL-press.txt' target='_blank'>PvsT</a>,-,-,-,-,-,-,-,-,-,-,-
495,21,950,7.3,0.180-a,-,140,>4,T70,373,Sandia,#AJBDHTLL,-,<a href= '/diesel-spray-combustion/experimental-diagnostics/lift-off-length/' target='_blank'>LO</a> ; <a href= '/diesel-spray-combustion/experimental-diagnostics/light-based-ignition-delay/' target='_blank'>ID</a>,-,21,-,O2 = 21.00;N2 = 69.33;CO2 = 6.11;H2O = 3.56;,-,29.47,950.1,1.7,&plusmn; 0.7,977.7,927.6,7.27,0.01,&plusmn; 0.00,7.96,7.45,1.96,1.004,-,-,-,-,-,<a href= '/diesel-spray-combustion/sandia-cv/combustion-vessel-geometry/' target='_blank'>Vesssel Geometry</a>,140.4;<a href= '/cvdata/assets/datafiles/fuelpress/AJBDHTL-fuelP.txt' target='_blank'>fuel pressure vs time</a>,0.5,&plusmn; 0.6,373,-,-,-,-,-,-,-,-,7.27,0.14,-,67.67,-,-,0.77,-,-,-,0.18,-,<a href='/diesel-spray-combustion/sandia-cv/combustion-vessel-geometry/1997-to-2009/1997-to-2007/' target='_blank'>Inj. Char.</a>,-,-,-,0.051,-,-,-,-,67.47,-,-,-,-,-,-,-,-,<a href='/cvdata/assets/datafiles/press/ajbdhTL-press.txt' target='_blank'>PvsT</a>,-,-,-,-,-,-,-,-,-,-,-
496,21,1300,14.8,0.180-a,-,140,>4,T70,373,Sandia,#ACCDHTLL,-,<a href= '/diesel-spray-combustion/experimental-diagnostics/lift-off-length/' target='_blank'>LO</a> ; <a href= '/diesel-spray-combustion/experimental-diagnostics/light-based-ignition-delay/' target='_blank'>ID</a>,-,21,-,O2 = 21.00;N2 = 69.33;CO2 = 6.11;H2O = 3.56;,-,29.47,1300.1,1.4,&plusmn; 0.2,1307.1,1236.9,14.8,0.01,&plusmn; 0.00,15.07,15.55,5.48,1.01,-,-,-,-,-,<a href= '/diesel-spray-combustion/sandia-cv/combustion-vessel-geometry/' target='_blank'>Vesssel Geometry</a>,143.4;<a href= '/cvdata/assets/datafiles/fuelpress/ACCDHTL-fuelP.txt' target='_blank'>fuel pressure vs time</a>,0.9,&plusmn; 0.5,373,-,-,-,-,-,-,-,-,5.82,0.14,-,54.86,-,-,0.77,-,-,-,0.18,-,<a href='/diesel-spray-combustion/sandia-cv/combustion-vessel-geometry/1997-to-2009/1997-to-2007/' target='_blank'>Inj. Char.</a>,-,-,-,0.05,-,-,-,-,9.54,-,-,-,-,-,-,-,-,<a href='/cvdata/assets/datafiles/press/accdhTL-press.txt' target='_blank'>PvsT</a>,-,-,-,-,-,-,-,-,-,-,-
497,21,1200,14.8,0.180-a,-,140,>4,T70,373,Sandia,#AECDHTLL,-,<a href= '/diesel-spray-combustion/experimental-diagnostics/lift-off-length/' target='_blank'>LO</a> ; <a href= '/diesel-spray-combustion/experimental-diagnostics/light-based-ignition-delay/' target='_blank'>ID</a>,-,21,-,O2 = 21.00;N2 = 69.33;CO2 = 6.11;H2O = 3.56;,-,29.47,1198.8,1.1,&plusmn; 0.1,1206.5,1146.7,14.8,0.01,&plusmn; 0.00,15.12,15.47,5.06,1.01,-,-,-,-,-,<a href= '/diesel-spray-combustion/sandia-cv/combustion-vessel-geometry/' target='_blank'>Vesssel Geometry</a>,142.7;<a href= '/cvdata/assets/datafiles/fuelpress/AECDHTL-fuelP.txt' target='_blank'>fuel pressure vs time</a>,0.9,&plusmn; 0.5,373,-,-,-,-,-,-,-,-,5.83,0.13,-,54.93,-,-,0.77,-,-,-,0.18,-,<a href='/diesel-spray-combustion/sandia-cv/combustion-vessel-geometry/1997-to-2009/1997-to-2007/' target='_blank'>Inj. Char.</a>,-,-,-,0.05,-,-,-,-,13.31,-,-,-,-,-,-,-,-,<a href='/cvdata/assets/datafiles/press/aecdhTL-press.txt' target='_blank'>PvsT</a>,-,-,-,-,-,-,-,-,-,-,-
498,21,1100,14.8,0.180-a,-,140,>4,T70,373,Sandia,#AGCDHTLL,-,<a href= '/diesel-spray-combustion/experimental-diagnostics/lift-off-length/' target='_blank'>LO</a> ; <a href= '/diesel-spray-combustion/experimental-diagnostics/light-based-ignition-delay/' target='_blank'>ID</a>,-,21,-,O2 = 21.00;N2 = 69.33;CO2 = 6.11;H2O = 3.56;,-,29.47,1099.8,1.5,&plusmn; 0.2,1107.4,1057.5,14.81,0.02,&plusmn; 0.00,15.14,15.4,4.64,1.01,-,-,-,-,-,<a href= '/diesel-spray-combustion/sandia-cv/combustion-vessel-geometry/' target='_blank'>Vesssel Geometry</a>,142.7;<a href= '/cvdata/assets/datafiles/fuelpress/AGCDHTL-fuelP.txt' target='_blank'>fuel pressure vs time</a>,1.2,&plusmn; 0.6,373,-,-,-,-,-,-,-,-,5.87,0.11,-,55.16,-,-,0.77,-,-,-,0.18,-,<a href='/diesel-spray-combustion/sandia-cv/combustion-vessel-geometry/1997-to-2009/1997-to-2007/' target='_blank'>Inj. Char.</a>,-,-,-,0.05,-,-,-,-,18.41,-,-,-,-,-,-,-,-,<a href='/cvdata/assets/datafiles/press/agcdhTL-press.txt' target='_blank'>PvsT</a>,-,-,-,-,-,-,-,-,-,-,-
499,21,1000,14.8,0.180-a,-,140,>4,T70,373,Sandia,#AICDHTLL,-,<a href= '/diesel-spray-combustion/experimental-diagnostics/lift-off-length/' target='_blank'>LO</a> ; <a href= '/diesel-spray-combustion/experimental-diagnostics/light-based-ignition-delay/' target='_blank'>ID</a>,-,21,-,O2 = 21.00;N2 = 69.33;CO2 = 6.11;H2O = 3.56;,-,29.47,1001.8,1.7,&plusmn; 0.0,1009.5,968.9,14.8,0.02,&plusmn; 0.00,15.16,15.31,4.22,1.01,-,-,-,-,-,<a href= '/diesel-spray-combustion/sandia-cv/combustion-vessel-geometry/' target='_blank'>Vesssel Geometry</a>,142.5;<a href= '/cvdata/assets/datafiles/fuelpress/AICDHTL-fuelP.txt' target='_blank'>fuel pressure vs time</a>,1.2,&plusmn; 0.4,373,-,-,-,-,-,-,-,-,5.31,0.1,-,49.88,-,-,0.77,-,-,-,0.18,-,<a href='/diesel-spray-combustion/sandia-cv/combustion-vessel-geometry/1997-to-2009/1997-to-2007/' target='_blank'>Inj. Char.</a>,-,-,-,0.051,-,-,-,-,24.68,-,-,-,-,-,-,-,-,<a href='/cvdata/assets/datafiles/press/aicdhTL-press.txt' target='_blank'>PvsT</a>,-,-,-,-,-,-,-,-,-,-,-
500,21,950,14.8,0.180-a,-,140,3,T70,373,Sandia,#AJCDHTL3,-,<a href= '/diesel-spray-combustion/experimental-diagnostics/lift-off-length/' target='_blank'>LO</a> ; <a href= '/diesel-spray-combustion/experimental-diagnostics/light-based-ignition-delay/' target='_blank'>ID</a>,-,21,-,O2 = 21.00;N2 = 69.33;CO2 = 6.11;H2O = 3.56;,-,29.47,953.3,1.7,&plusmn; 0.1,958.3,921.8,14.78,0.02,&plusmn; 0.00,15.02,15.28,4.01,1.009,-,-,-,-,-,<a href= '/diesel-spray-combustion/sandia-cv/combustion-vessel-geometry/' target='_blank'>Vesssel Geometry</a>,142.6;<a href= '/cvdata/assets/datafiles/fuelpress/AJCDHTL-fuelP.txt' target='_blank'>fuel pressure vs time</a>,1.3,&plusmn; 0.5,373,-,-,-,-,-,-,-,-,3.52,0.29,-,32.99,-,-,0.77,-,-,-,0.18,-,<a href='/diesel-spray-combustion/sandia-cv/combustion-vessel-geometry/1997-to-2009/1997-to-2007/' target='_blank'>Inj. Char.</a>,-,-,-,0.051,-,-,-,-,32.75,-,-,-,-,-,-,-,-,<a href='/cvdata/assets/datafiles/press/ajcdhTL-press.txt' target='_blank'>PvsT</a>,-,-,-,-,-,-,-,-,-,-,-
501,21,900,14.8,0.180-a,-,140,-,T70,373,Sandia,#AKCDHTL,-,<a href= '/diesel-spray-combustion/experimental-diagnostics/lift-off-length/' target='_blank'>LO</a> ; <a href= '/diesel-spray-combustion/experimental-diagnostics/light-based-ignition-delay/' target='_blank'>ID</a>,-,-,-,-,-,-,-,-,-,910,876,-,-,-,15.36,15.2,3.79,1.009,-,-,-,-,-,<a href= '/diesel-spray-combustion/sandia-cv/combustion-vessel-geometry/' target='_blank'>Vesssel Geometry</a>,140.79,-,-,-,-,-,-,-,-,<a href= '/diesel-spray-combustion/sandia-cv/injector-characterization/' target='_blank'>rate of injection</a>,-,-,3.2,-,-,28.3,-,-,-,-,-,-,-,-,-,-,-,-,0.052,-,-,-,-,44.3,-,-,-,-,-,-,-,-, <a href='/cvdata/assets/datafiles/press/akcdhTL-press.txt' target='_blank'>PvsT</a>,-,-,-,-,-,-,-,-,-,-,-
502,21,850,14.8,0.180-a,-,140,>4,T70,373,Sandia,#ALCDHTLL,-,<a href= '/diesel-spray-combustion/experimental-diagnostics/lift-off-length/' target='_blank'>LO</a> ; <a href= '/diesel-spray-combustion/experimental-diagnostics/light-based-ignition-delay/' target='_blank'>ID</a>,-,21,-,O2 = 21.00;N2 = 69.33;CO2 = 6.11;H2O = 3.56;,-,29.47,849.3,3.3,&plusmn; 1.3,858.3,828.9,14.81,0.02,&plusmn; 0.01,15.3,15.18,3.58,1.009,-,-,-,-,-,<a href= '/diesel-spray-combustion/sandia-cv/combustion-vessel-geometry/' target='_blank'>Vesssel Geometry</a>,142.2;<a href= '/cvdata/assets/datafiles/fuelpress/ALCDHTL-fuelP.txt' target='_blank'>fuel pressure vs time</a>,0.9,&plusmn; 0.7,373,-,-,-,-,-,-,-,-,5.32,0.05,-,49.81,-,-,0.77,-,-,-,0.18,-,<a href='/diesel-spray-combustion/sandia-cv/combustion-vessel-geometry/1997-to-2009/1997-to-2007/' target='_blank'>Inj. Char.</a>,-,-,-,0.051,-,-,-,-,66.04,-,-,-,-,-,-,-,-,<a href='/cvdata/assets/datafiles/press/alcdhTL-press.txt' target='_blank'>PvsT</a>,-,-,-,-,-,-,-,-,-,-,-
503,21,800,14.8,0.180-a,-,140,>4,T70,373,Sandia,#AMCDHTLL,-,<a href= '/diesel-spray-combustion/experimental-diagnostics/lift-off-length/' target='_blank'>LO</a> ; <a href= '/diesel-spray-combustion/experimental-diagnostics/light-based-ignition-delay/' target='_blank'>ID</a>,-,21,-,O2 = 21.00;N2 = 69.33;CO2 = 6.11;H2O = 3.56;,-,29.47,799.5,0.6,&plusmn; 0.6,809,782.7,14.82,0.02,&plusmn; 0.02,15.36,15.14,3.37,1.009,-,-,-,-,-,<a href= '/diesel-spray-combustion/sandia-cv/combustion-vessel-geometry/' target='_blank'>Vesssel Geometry</a>,142.7;<a href= '/cvdata/assets/datafiles/fuelpress/AMCDHTL-fuelP.txt' target='_blank'>fuel pressure vs time</a>,3.1,&plusmn; 3.5,373,-,-,-,-,-,-,-,-,6.02,0,-,56.33,-,-,0.77,-,-,-,0.18,-,<a href='/diesel-spray-combustion/sandia-cv/combustion-vessel-geometry/1997-to-2009/1997-to-2007/' target='_blank'>Inj. Char.</a>,-,-,-,0.051,-,-,-,-,91.76,-,-,-,-,-,-,-,-,<a href='/cvdata/assets/datafiles/press/amcdhTL-press.txt' target='_blank'>PvsT</a>,-,-,-,-,-,-,-,-,-,-,-
504,21,1200,30,0.180-a,-,140,>4,T70,373,Sandia,#AEDDHTLL,-,<a href= '/diesel-spray-combustion/experimental-diagnostics/lift-off-length/' target='_blank'>LO</a> ; <a href= '/diesel-spray-combustion/experimental-diagnostics/light-based-ignition-delay/' target='_blank'>ID</a>,-,21,-,O2 = 21.00;N2 = 69.33;CO2 = 6.11;H2O = 3.56;,-,29.47,1198.1,2.7,&plusmn; 2.7,1202.5,1137.7,30.04,0.1,&plusmn; 0.10,30.41,31.64,10.38,1.022,-,-,-,-,-,<a href= '/diesel-spray-combustion/sandia-cv/combustion-vessel-geometry/' target='_blank'>Vesssel Geometry</a>,148.4;<a href= '/cvdata/assets/datafiles/fuelpress/AEDDHTL-fuelP.txt' target='_blank'>fuel pressure vs time</a>,1.1,&plusmn; 1.5,373,-,-,-,-,-,-,-,-,6.19,1.26,-,59.33,-,-,0.77,-,-,-,0.18,-,<a href='/diesel-spray-combustion/sandia-cv/combustion-vessel-geometry/1997-to-2009/1997-to-2007/' target='_blank'>Inj. Char.</a>,-,-,-,0.049,-,-,-,-,7.32,-,-,-,-,-,-,-,-,<a href='/cvdata/assets/datafiles/press/aeddhTL-press.txt' target='_blank'>PvsT</a>,-,-,-,-,-,-,-,-,-,-,-
505,21,1100,30,0.180-a,-,140,>4,T70,373,Sandia,#AGDDHTLL,-,<a href= '/diesel-spray-combustion/experimental-diagnostics/lift-off-length/' target='_blank'>LO</a> ; <a href= '/diesel-spray-combustion/experimental-diagnostics/light-based-ignition-delay/' target='_blank'>ID</a>,-,21,-,O2 = 21.00;N2 = 69.33;CO2 = 6.11;H2O = 3.56;,-,29.47,1099.4,1.7,&plusmn; 0.2,1106.3,1050.5,30.03,0.04,&plusmn; 0.01,30.64,31.43,9.51,1.021,-,-,-,-,-,<a href= '/diesel-spray-combustion/sandia-cv/combustion-vessel-geometry/' target='_blank'>Vesssel Geometry</a>,148.3;<a href= '/cvdata/assets/datafiles/fuelpress/AGDDHTL-fuelP.txt' target='_blank'>fuel pressure vs time</a>,1.3,&plusmn; 0.6,373,-,-,-,-,-,-,-,-,6.5,0.27,-,62.2,-,-,0.77,-,-,-,0.18,-,<a href='/diesel-spray-combustion/sandia-cv/combustion-vessel-geometry/1997-to-2009/1997-to-2007/' target='_blank'>Inj. Char.</a>,-,-,-,0.05,-,-,-,-,10.06,-,-,-,-,-,-,-,-,<a href='/cvdata/assets/datafiles/press/agddhTL-press.txt' target='_blank'>PvsT</a>,-,-,-,-,-,-,-,-,-,-,-
506,21,1000,30,0.180-a,-,140,>4,T70,373,Sandia,#AIDDHTLL,-,<a href= '/diesel-spray-combustion/experimental-diagnostics/lift-off-length/' target='_blank'>LO</a> ; <a href= '/diesel-spray-combustion/experimental-diagnostics/light-based-ignition-delay/' target='_blank'>ID</a>,-,21,-,O2 = 21.00;N2 = 69.33;CO2 = 6.11;H2O = 3.56;,-,29.47,998.4,0.7,&plusmn; 0.7,1003.2,960.2,30.03,0.02,&plusmn; 0.02,30.5,31.23,8.63,1.021,-,-,-,-,-,<a href= '/diesel-spray-combustion/sandia-cv/combustion-vessel-geometry/' target='_blank'>Vesssel Geometry</a>,147.0;<a href= '/cvdata/assets/datafiles/fuelpress/AIDDHTL-fuelP.txt' target='_blank'>fuel pressure vs time</a>,0,&plusmn; 0.4,373,-,-,-,-,-,-,-,-,5.01,0.03,-,47.76,-,-,0.77,-,-,-,0.18,-,<a href='/diesel-spray-combustion/sandia-cv/combustion-vessel-geometry/1997-to-2009/1997-to-2007/' target='_blank'>Inj. Char.</a>,-,-,-,0.05,-,-,-,-,13.51,-,-,-,-,-,-,-,-,<a href='/cvdata/assets/datafiles/press/aiddhTL-press.txt' target='_blank'>PvsT</a>,-,-,-,-,-,-,-,-,-,-,-
507,21,900,30,0.180-a,-,140,>4,T70,373,Sandia,#AKDDHTLL,-,<a href= '/diesel-spray-combustion/experimental-diagnostics/lift-off-length/' target='_blank'>LO</a> ; <a href= '/diesel-spray-combustion/experimental-diagnostics/light-based-ignition-delay/' target='_blank'>ID</a>,-,21,-,O2 = 21.00;N2 = 69.33;CO2 = 6.11;H2O = 3.56;,-,29.47,899.3,0.6,&plusmn; 0.6,904.3,871.1,30.02,0.03,&plusmn; 0.03,30.54,30.99,7.76,1.02,-,-,-,-,-,<a href= '/diesel-spray-combustion/sandia-cv/combustion-vessel-geometry/' target='_blank'>Vesssel Geometry</a>,148.9;<a href= '/cvdata/assets/datafiles/fuelpress/AKDDHTL-fuelP.txt' target='_blank'>fuel pressure vs time</a>,0.5,&plusmn; 0.9,373,-,-,-,-,-,-,-,-,5.42,0.1,-,51.5,-,-,0.77,-,-,-,0.18,-,<a href='/diesel-spray-combustion/sandia-cv/combustion-vessel-geometry/1997-to-2009/1997-to-2007/' target='_blank'>Inj. Char.</a>,-,-,-,0.05,-,-,-,-,24.66,-,-,-,-,-,-,-,-,<a href='/cvdata/assets/datafiles/press/akddhTL-press.txt' target='_blank'>PvsT</a>,-,-,-,-,-,-,-,-,-,-,-
508,21,850,30,0.180-a,-,140,2,T70,373,Sandia,#ALDDHTL2,-,<a href= '/diesel-spray-combustion/experimental-diagnostics/lift-off-length/' target='_blank'>LO</a> ; <a href= '/diesel-spray-combustion/experimental-diagnostics/light-based-ignition-delay/' target='_blank'>ID</a>,-,21,-,O2 = 21.00;N2 = 69.33;CO2 = 6.11;H2O = 3.56;,-,29.47,849.8,0.2,&plusmn; 0.2,855.7,826.4,30.02,0.01,&plusmn; 0.01,30.67,30.87,7.33,1.019,-,-,-,-,-,<a href= '/diesel-spray-combustion/sandia-cv/combustion-vessel-geometry/' target='_blank'>Vesssel Geometry</a>,147.1;<a href= '/cvdata/assets/datafiles/fuelpress/ALDDHTL-fuelP.txt' target='_blank'>fuel pressure vs time</a>,1.5,&plusmn; 1.4,373,-,-,-,-,-,-,-,-,5.88,0.13,-,55.83,-,-,0.77,-,-,-,0.18,-,<a href='/diesel-spray-combustion/sandia-cv/combustion-vessel-geometry/1997-to-2009/1997-to-2007/' target='_blank'>Inj. Char.</a>,-,-,-,0.05,-,-,-,-,30.84,-,-,-,-,-,-,-,-,<a href='/cvdata/assets/datafiles/press/alddhTL-press.txt' target='_blank'>PvsT</a>,-,-,-,-,-,-,-,-,-,-,-
509,21,800,30,0.180-a,-,140,>4,T70,373,Sandia,#AMDDHTLL,-,<a href= '/diesel-spray-combustion/experimental-diagnostics/lift-off-length/' target='_blank'>LO</a> ; <a href= '/diesel-spray-combustion/experimental-diagnostics/light-based-ignition-delay/' target='_blank'>ID</a>,-,21,-,O2 = 21.00;N2 = 69.33;CO2 = 6.11;H2O = 3.56;,-,29.47,800.4,1.1,&plusmn; 1.1,805.8,781.4,30.03,0.04,&plusmn; 0.04,30.64,30.76,6.91,1.018,-,-,-,-,-,<a href= '/diesel-spray-combustion/sandia-cv/combustion-vessel-geometry/' target='_blank'>Vesssel Geometry</a>,146.4;<a href= '/cvdata/assets/datafiles/fuelpress/AMDDHTL-fuelP.txt' target='_blank'>fuel pressure vs time</a>,0.3,&plusmn; 0.7,373,-,-,-,-,-,-,-,-,5.73,0.14,-,54.3,-,-,0.77,-,-,-,0.18,-,<a href='/diesel-spray-combustion/sandia-cv/combustion-vessel-geometry/1997-to-2009/1997-to-2007/' target='_blank'>Inj. Char.</a>,-,-,-,0.05,-,-,-,-,49.14,-,-,-,-,-,-,-,-,<a href='/cvdata/assets/datafiles/press/amddhTL-press.txt' target='_blank'>PvsT</a>,-,-,-,-,-,-,-,-,-,-,-
510,21,1060,18.8,0.180-a,-,60,>4,T70,373,Sandia,#AHMLHTLL,-,<a href= '/diesel-spray-combustion/experimental-diagnostics/lift-off-length/' target='_blank'>LO</a> ; <a href= '/diesel-spray-combustion/experimental-diagnostics/light-based-ignition-delay/' target='_blank'>ID</a>,-,21,-,O2 = 21.00;N2 = 69.33;CO2 = 6.11;H2O = 3.56;,-,29.47,1061,1.8,&plusmn; 0.2,1066.8,1021.1,18.78,0.03,&plusmn; 0.00,19.11,19.52,5.69,1.013,-,-,-,-,-,<a href= '/diesel-spray-combustion/sandia-cv/combustion-vessel-geometry/' target='_blank'>Vesssel Geometry</a>,68.8;<a href= '/cvdata/assets/datafiles/fuelpress/AHMLHTL-fuelP.txt' target='_blank'>fuel pressure vs time</a>,1.2,&plusmn; 0.6,373,-,-,-,-,-,-,-,-,5.23,0.08,-,33.94,-,-,0.77,-,-,-,0.18,-,<a href='/diesel-spray-combustion/sandia-cv/combustion-vessel-geometry/1997-to-2009/1997-to-2007/' target='_blank'>Inj. Char.</a>,-,-,-,0.073,-,-,-,-,13.19,-,-,-,-,-,-,-,-,<a href='/cvdata/assets/datafiles/press/ahmlhTL-press.txt' target='_blank'>PvsT</a>,-,-,-,-,-,-,-,-,-,-,-
511,21,1100,18.8,0.180-a,-,140,>4,T70,373,Sandia,#AGMDHTLL,-,<a href= '/diesel-spray-combustion/experimental-diagnostics/lift-off-length/' target='_blank'>LO</a> ; <a href= '/diesel-spray-combustion/experimental-diagnostics/light-based-ignition-delay/' target='_blank'>ID</a>,-,21,-,O2 = 21.00;N2 = 69.33;CO2 = 6.11;H2O = 3.56;,-,29.47,1099.7,1.6,&plusmn; 0.2,1108.9,1055.9,18.8,0.03,&plusmn; 0.00,19.32,19.58,5.91,1.013,-,-,-,-,-,<a href= '/diesel-spray-combustion/sandia-cv/combustion-vessel-geometry/' target='_blank'>Vesssel Geometry</a>,143.3;<a href= '/cvdata/assets/datafiles/fuelpress/AGMDHTL-fuelP.txt' target='_blank'>fuel pressure vs time</a>,1.4,&plusmn; 0.6,373,-,-,-,-,-,-,-,-,6.36,0.11,-,60.03,-,-,0.77,-,-,-,0.18,-,<a href='/diesel-spray-combustion/sandia-cv/combustion-vessel-geometry/1997-to-2009/1997-to-2007/' target='_blank'>Inj. Char.</a>,-,-,-,0.05,-,-,-,-,15.31,-,-,-,-,-,-,-,-,<a href='/cvdata/assets/datafiles/press/agmdhTL-press.txt' target='_blank'>PvsT</a>,-,-,-,-,-,-,-,-,-,-,-
512,15,1000,14.8,0.180-a,-,140,>4,T70,373,Sandia,#JICDHTLL,-,<a href= '/diesel-spray-combustion/experimental-diagnostics/lift-off-length/' target='_blank'>LO</a> ; <a href= '/diesel-spray-combustion/experimental-diagnostics/light-based-ignition-delay/' target='_blank'>ID</a>,-,15,-,O2 = 15.00;N2 = 75.15;CO2 = 6.22;H2O = 3.62;,-,29.24,1001.2,2.1,&plusmn; 0.8,1010.4,968.1,14.8,0.02,&plusmn; 0.01,15.23,15.31,4.25,1.01,-,-,-,-,-,<a href= '/diesel-spray-combustion/sandia-cv/combustion-vessel-geometry/' target='_blank'>Vesssel Geometry</a>,142.2;<a href= '/cvdata/assets/datafiles/fuelpress/JICDHTL-fuelP.txt' target='_blank'>fuel pressure vs time</a>,1.3,&plusmn; 0.9,373,-,-,-,-,-,-,-,-,5.98,0.05,-,56.15,-,-,0.77,-,-,-,0.18,-,<a href='/diesel-spray-combustion/sandia-cv/combustion-vessel-geometry/1997-to-2009/1997-to-2007/' target='_blank'>Inj. Char.</a>,-,-,-,0.051,-,-,-,-,34.52,-,-,-,-,-,-,-,-,<a href='/cvdata/assets/datafiles/press/jicdhTL-press.txt' target='_blank'>PvsT</a>,-,-,-,-,-,-,-,-,-,-,-
513,15,1100,14.8,0.180-a,-,140,>4,T70,373,Sandia,#JGCDHTLL,-,<a href= '/diesel-spray-combustion/experimental-diagnostics/lift-off-length/' target='_blank'>LO</a> ; <a href= '/diesel-spray-combustion/experimental-diagnostics/light-based-ignition-delay/' target='_blank'>ID</a>,-,15,-,O2 = 15.00;N2 = 75.15;CO2 = 6.22;H2O = 3.62;,-,29.24,1099.8,1.8,&plusmn; 0.3,1109.1,1057.6,14.8,0.02,&plusmn; 0.00,15.21,15.39,4.68,1.01,-,-,-,-,-,<a href= '/diesel-spray-combustion/sandia-cv/combustion-vessel-geometry/' target='_blank'>Vesssel Geometry</a>,142.5;<a href= '/cvdata/assets/datafiles/fuelpress/JGCDHTL-fuelP.txt' target='_blank'>fuel pressure vs time</a>,1.1,&plusmn; 0.6,373,-,-,-,-,-,-,-,-,5.84,0.04,-,54.89,-,-,0.77,-,-,-,0.18,-,<a href='/diesel-spray-combustion/sandia-cv/combustion-vessel-geometry/1997-to-2009/1997-to-2007/' target='_blank'>Inj. Char.</a>,-,-,-,0.05,-,-,-,-,23.57,-,-,-,-,-,-,-,-,<a href='/cvdata/assets/datafiles/press/jgcdhTL-press.txt' target='_blank'>PvsT</a>,-,-,-,-,-,-,-,-,-,-,-
514,15,1100,30,0.180-a,-,140,>4,T70,373,Sandia,#JGDDHTLL,-,<a href= '/diesel-spray-combustion/experimental-diagnostics/lift-off-length/' target='_blank'>LO</a> ; <a href= '/diesel-spray-combustion/experimental-diagnostics/light-based-ignition-delay/' target='_blank'>ID</a>,-,15,-,O2 = 15.00;N2 = 75.15;CO2 = 6.22;H2O = 3.62;,-,29.24,1099.6,2.4,&plusmn; 0.5,1104.8,1050.6,30.02,0.06,&plusmn; 0.01,30.48,31.42,9.59,1.022,-,-,-,-,-,<a href= '/diesel-spray-combustion/sandia-cv/combustion-vessel-geometry/' target='_blank'>Vesssel Geometry</a>,147.3;<a href= '/cvdata/assets/datafiles/fuelpress/JGDDHTL-fuelP.txt' target='_blank'>fuel pressure vs time</a>,1,&plusmn; 0.6,373,-,-,-,-,-,-,-,-,6.11,0.31,-,58.41,-,-,0.77,-,-,-,0.18,-,<a href='/diesel-spray-combustion/sandia-cv/combustion-vessel-geometry/1997-to-2009/1997-to-2007/' target='_blank'>Inj. Char.</a>,-,-,-,0.05,-,-,-,-,13.37,-,-,-,-,-,-,-,-,<a href='/cvdata/assets/datafiles/press/jgddhTL-press.txt' target='_blank'>PvsT</a>,-,-,-,-,-,-,-,-,-,-,-
515,21,1000,14.8,0.071-a,-,140,>4,D2,436,Sandia,#aicdkDH,-,<a href= '/diesel-spray-combustion/experimental-diagnostics/lift-off-length/' target='_blank'>LO</a>; <a href= '/diesel-spray-combustion/experimental-diagnostics/light-based-ignition-delay/' target='_blank'>ID</a>; <a href= '/diesel-spray-combustion/experimental-diagnostics/soot/' target='_blank'>SO</a>,-,-,-,-,-,-,-,-,-,1002,967,-,-,-,14.8,15.3,4.21,1.009,-,-,-,-,-,-,143.21,-,-,-,-,-,-,-,-,-,-,-,5.9,-,-,8.2,-,-,-,-,-,-,-,-,-,-,-,-,-,-,-,-,-,18,-,-,0.46,-,-,-,-,-, <a href='/cvdata/assets/datafiles/press/aicdkDH-press.txt' target='_blank'>PvsT</a>,-,-,-,-,-,-,-,-,<a href='/cvdata/assets/datafiles/soot/aicdkdh.jpg' target='_blank'>img</a> <a href='/cvdata/assets/datafiles/soot/aicdkdh-img.zip' target='_blank'>f<sub>v</sub></a> <a href='/cvdata/assets/datafiles/soot/aicdkdh.png' target='_blank'>png-img</a> <a href='/cvdata/assets/datafiles/soot/aicdkdh-png2fvNotes.txt' target='_blank'>png2fv</a>,-,-
516,21,1000,14.8,0.050-a,-,140,>4,D2,436,Sandia,#aicdsDH,-,<a href= '/diesel-spray-combustion/experimental-diagnostics/lift-off-length/' target='_blank'>LO</a>; <a href= '/diesel-spray-combustion/experimental-diagnostics/light-based-ignition-delay/' target='_blank'>ID</a>; <a href= '/diesel-spray-combustion/experimental-diagnostics/soot/' target='_blank'>SO</a>,-,-,-,-,-,-,-,-,-,1001,967,-,-,-,14.8,15.3,4.21,1.009,-,-,-,-,-,-,143.21,-,-,-,-,-,-,-,-,-,-,-,17,-,-,11.9,-,-,-,-,-,-,-,-,-,-,-,-,-,-,-,-,-,18.1,-,-,0.46,-,-,-,-,-, <a href='/cvdata/assets/datafiles/press/aicdsDH-press.txt' target='_blank'>PvsT</a>,-,-,-,-,-,-,-,-,<a href='/cvdata/assets/datafiles/soot/aicdsdh.jpg' target='_blank'>img</a> <a href='/cvdata/assets/datafiles/soot/aicdsdh-img.zip' target='_blank'>f<sub>v</sub></a> <a href='/cvdata/assets/datafiles/soot/aicdsdh.png' target='_blank'>png-img</a> <a href='/cvdata/assets/datafiles/soot/aicdsdh-png2fvNotes.txt' target='_blank'>png2fv</a>,-,-
517,21,1000,14.8,0.180-a,-,140,>4,CN80,436,Sandia,#aicdh8H,-,not sure where the datafile for this is yet; <a href= '/diesel-spray-combustion/experimental-diagnostics/lift-off-length/' target='_blank'>LO</a>; <a href= '/diesel-spray-combustion/experimental-diagnostics/light-based-ignition-delay/' target='_blank'>ID</a>; <a href= '/diesel-spray-combustion/experimental-diagnostics/soot/' target='_blank'>SO</a>,-,-,-,-,-,-,-,-,-,1015,967,-,-,-,15.2,15.3,4.21,1.009,-,-,-,-,-,-,142.21,-,-,-,-,-,-,-,-,<a href= '/diesel-spray-combustion/sandia-cv/injector-characterization/' target='_blank'>rate of injection</a>,-,-,5.4,-,-,45,-,-,-,-,-,-,-,-,-,-,-,-,-,-,-,-,-,18.2,-,-,-,-,-,-,-,-, <a href='/cvdata/assets/datafiles/press/aicdh8H-press.txt' target='_blank'>PvsT</a>,-,-,-,-,-,-,-,-,<a href='/cvdata/assets/datafiles/soot/aicdh8h.jpg' target='_blank'>img</a> <a href='/cvdata/assets/datafiles/soot/aicdh8h-img.zip' target='_blank'>f<sub>v</sub></a> <a href='/cvdata/assets/datafiles/soot/aicdh8h.png' target='_blank'>png-img</a> <a href='/cvdata/assets/datafiles/soot/aicdh8h-png2fvNotes.txt' target='_blank'>png2fv</a>,-,-
518,0,1000,14.8,0.100-a,-,150,>4,NHPT,373,Sandia,#bicdgnl,-,<a href='/cvdata/assets/datafiles/readme/BICDGNL-readme.pdf' target='_blank'>readme</a>,-,-,-,-,-,-,-,-,-,-,967,-,-,-,-,15.3,4.33,1.01,-,-,-,-,-,-,154.33,-,-,-,-,-,-,-,-,<a href= '/sprayhroi/' target='_blank'>rate of injection</a>,-,-,6.8,-,-,17.8,-,-,0.8,-,0.86,-,-,-,<a href='/cvdata/assets/datafiles/nozgeom/nozzleDwg.PNG' target='_blank'>Drawing</a>; <a href='/cvdata/assets/datafiles/nozgeom/sacVolumeDimensions.pdf' target='_blank'>sac Vol. Dim.</a>,-,<a href='/cvdata/assets/datafiles/needlelift/aicdgnl-lift.txt' target='_blank'>needle lift</a>; <a href='/cvdata/assets/datafiles/needlelift/needleMovementSprayH.pdf' target='_blank'>explanation</a>,-,-,-,9.2;<a href= '/cvdata/assets/datafiles/liq/bicdgnl-liq.txt' target='_blank'>liquid vs time</a>,-,-,-,-,-,-,-,-,-,-,-,-,<a href='/cvdata/assets/datafiles/pen/bicdgnl-vap.txt' target='_blank'>PenvsTime</a>,-,-,<a href='/data/rayleigh2/' target='_blank'>fuel/ambient mixing</a>,-,-,-,-,-,<a href='/cvdata/assets/movies/bicdgnl-shadow.mpg' target='_blank'>schlieren</a>,<a href='/cvdata/assets/datafiles/add/bicdgnl410V.mat' target='_blank'>Matlab vapor boundary</a>
519,21,1300,14.8,0.100-a,-,150,>4,NHPT,373,Sandia,#accdgnl,-,<a href= '/diesel-spray-combustion/experimental-diagnostics/lift-off-length/' target='_blank'>LO</a> ; <a href= '/diesel-spray-combustion/experimental-diagnostics/light-based-ignition-delay/' target='_blank'>ID</a>,-,-,-,-,-,-,-,-,-,1308,1237,-,-,-,15.03,15.6,5.48,1.01,-,-,-,-,-,-,154.48,-,-,-,-,-,-,-,-,<a href= '/sprayhroi/' target='_blank'>rate of injection</a>,-,-,6.6,-,-,17.4,-,-,0.8,-,0.86,-,-,-,<a href='/cvdata/assets/datafiles/nozgeom/nozzleDwg.PNG' target='_blank'>Drawing</a>; <a href='/cvdata/assets/datafiles/nozgeom/sacVolumeDimensions.pdf' target='_blank'>sac Vol. Dim.</a>,-,<a href='/cvdata/assets/datafiles/needlelift/aicdgnl-lift.txt' target='_blank'>needle lift</a>; <a href='/cvdata/assets/datafiles/needlelift/needleMovementSprayH.pdf' target='_blank'>explanation</a>,-,0.07,-,-,-,-,7.7,-,-,0.26,-,-,-,-,-,<a href='/cvdata/assets/datafiles/press/accdgnl-press.txt' target='_blank'>PvsT</a>,-,-,-,-,-,-,-,-,-,<a href='/cvdata/assets/movies/accdgnl024.mpeg' target='_blank'>Soot </a> ,-
520,21,1200,14.8,0.100-a,-,150,>4,NHPT,373,Sandia,#aecdgnl,-,<a href= '/diesel-spray-combustion/experimental-diagnostics/lift-off-length/' target='_blank'>LO</a> ; <a href= '/diesel-spray-combustion/experimental-diagnostics/light-based-ignition-delay/' target='_blank'>ID</a>,-,-,-,-,-,-,-,-,-,1209,1148,-,-,-,15.05,15.5,5.06,1.01,-,-,-,-,-,-,155.06,-,-,-,-,-,-,-,-,<a href= '/sprayhroi/' target='_blank'>rate of injection</a>,-,-,6.9,-,-,18.1,-,-,0.8,-,0.86,-,-,-,<a href='/cvdata/assets/datafiles/nozgeom/nozzleDwg.PNG' target='_blank'>Drawing</a>; <a href='/cvdata/assets/datafiles/nozgeom/sacVolumeDimensions.pdf' target='_blank'>sac Vol. Dim.</a>,-,<a href='/cvdata/assets/datafiles/needlelift/aicdgnl-lift.txt' target='_blank'>needle lift</a>; <a href='/cvdata/assets/datafiles/needlelift/needleMovementSprayH.pdf' target='_blank'>explanation</a>,-,0.07,-,-,-,-,10,-,-,0.27,-,-,-,-,-,<a href='/cvdata/assets/datafiles/press/aecdgnl-press.txt' target='_blank'>PvsT</a>,-,-,-,-,-,-,-,-,-,-,-
521,21,1100,14.8,0.100-a,-,150,>4,NHPT,373,Sandia,#agcdgnl,-,<a href= '/diesel-spray-combustion/experimental-diagnostics/lift-off-length/' target='_blank'>LO</a> ; <a href= '/diesel-spray-combustion/experimental-diagnostics/light-based-ignition-delay/' target='_blank'>ID</a>,-,-,-,-,-,-,-,-,-,1108,1058,-,-,-,15.13,15.4,4.64,1.01,-,-,-,-,-,-,154.64,-,-,-,-,-,-,-,-,<a href= '/sprayhroi/' target='_blank'>rate of injection</a>,-,-,6.9,-,-,18.1,-,-,0.8,-,0.86,-,-,-,<a href='/cvdata/assets/datafiles/nozgeom/nozzleDwg.PNG' target='_blank'>Drawing</a>; <a href='/cvdata/assets/datafiles/nozgeom/sacVolumeDimensions.pdf' target='_blank'>sac Vol. Dim.</a>,-,<a href='/cvdata/assets/datafiles/needlelift/aicdgnl-lift.txt' target='_blank'>needle lift</a>; <a href='/cvdata/assets/datafiles/needlelift/needleMovementSprayH.pdf' target='_blank'>explanation</a>,-,0.07,-,-,-,-,13,-,-,0.38,-,-,-,-,-,<a href='/cvdata/assets/datafiles/press/agcdgnl-press.txt' target='_blank'>PvsT</a>,-,-,-,-,-,-,-,-,-,-,-
522,21,1000,14.8,0.100-a,-,150,>4,NHPT,373,Sandia,#aicdgnl,-,<a href= '/diesel-spray-combustion/experimental-diagnostics/lift-off-length/' target='_blank'>LO</a>; <a href= '/diesel-spray-combustion/experimental-diagnostics/light-based-ignition-delay/' target='_blank'>ID</a>; <a href= '/diesel-spray-combustion/experimental-diagnostics/soot/' target='_blank'>SO</a>; <a href= '/diesel-spray-combustion/experimental-diagnostics/high-speed-movies-flow-visualization/' target='_blank'>MO</a>,-,-,-,-,-,-,-,-,-,1009,967,-,-,-,15.12,15.3,4.21,1.009,-,-,-,-,-,-,150.21,-,-,-,-,-,-,-,-,<a href= '/sprayhroi/' target='_blank'>rate of injection</a>,-,-,6.8,-,-,17.8,-,-,0.8,-,0.86,-,-,-,<a href='/cvdata/assets/datafiles/nozgeom/nozzleDwg.PNG' target='_blank'>Drawing</a>; <a href='/cvdata/assets/datafiles/nozgeom/sacVolumeDimensions.pdf' target='_blank'>sac Vol. Dim.</a>,-,<a href='/cvdata/assets/datafiles/needlelift/aicdgnl-lift.txt' target='_blank'>needle lift</a>; <a href='/cvdata/assets/datafiles/needlelift/needleMovementSprayH.pdf' target='_blank'>explanation</a>,-,0.07,-,-,-,-,17,-,-,0.53,-,-,-,-,-,<a href='/cvdata/assets/datafiles/press/aicdgnl-press.txt' target='_blank'>PvsT</a>,-,-,-,-,-,-,-,-,<a href='/data/soot-data-spray-h/' target='_blank'>soot data</a> ,<a href='/cvdata/assets/movies/aicdgnl303.mpeg' target='_blank'>Soot; </a> &#32 &#32<a href='/cvdata/assets/movies/aicdgnl310.mpeg' target='_blank'>Chemi. &#32</a>,-
523,21,950,14.8,0.100-a,-,150,>4,NHPT,373,Sandia,#ajcdgnl,-,<a href= '/diesel-spray-combustion/experimental-diagnostics/lift-off-length/' target='_blank'>LO</a> ; <a href= '/diesel-spray-combustion/experimental-diagnostics/light-based-ignition-delay/' target='_blank'>ID</a>,-,-,-,-,-,-,-,-,-,960,921,-,-,-,15.09,15.3,4,1.009,-,-,-,-,-,-,154,-,-,-,-,-,-,-,-,<a href= '/sprayhroi/' target='_blank'>rate of injection</a>,-,-,6.7,-,-,17.6,-,-,0.8,-,0.86,-,-,-,<a href='/cvdata/assets/datafiles/nozgeom/nozzleDwg.PNG' target='_blank'>Drawing</a>; <a href='/cvdata/assets/datafiles/nozgeom/sacVolumeDimensions.pdf' target='_blank'>sac Vol. Dim.</a>,-,<a href='/cvdata/assets/datafiles/needlelift/aicdgnl-lift.txt' target='_blank'>needle lift</a>; <a href='/cvdata/assets/datafiles/needlelift/needleMovementSprayH.pdf' target='_blank'>explanation</a>,-,0.07,-,-,-,-,20.3,-,-,0.61,-,-,-,-,-,<a href='/cvdata/assets/datafiles/press/ajcdgnl-press.txt' target='_blank'>PvsT</a>,-,-,-,-,-,-,-,-,-,<a href='/cvdata/assets/movies/ajcdgnl008.mpeg' target='_blank'>Soot </a> ,-
524,21,900,14.8,0.100-a,-,150,>4,NHPT,373,Sandia,#akcdgnl,-,<a href= '/diesel-spray-combustion/experimental-diagnostics/lift-off-length/' target='_blank'>LO</a> ; <a href= '/diesel-spray-combustion/experimental-diagnostics/light-based-ignition-delay/' target='_blank'>ID</a>,-,-,-,-,-,-,-,-,-,908,876,-,-,-,15.13,15.2,3.79,1.009,-,-,-,-,-,-,152.79,-,-,-,-,-,-,-,-,<a href= '/sprayhroi/' target='_blank'>rate of injection</a>,-,-,6.6,-,-,17.5,-,-,0.8,-,0.86,-,-,-,<a href='/cvdata/assets/datafiles/nozgeom/nozzleDwg.PNG' target='_blank'>Drawing</a>; <a href='/cvdata/assets/datafiles/nozgeom/sacVolumeDimensions.pdf' target='_blank'>sac Vol. Dim.</a>,-,<a href='/cvdata/assets/datafiles/needlelift/aicdgnl-lift.txt' target='_blank'>needle lift</a>; <a href='/cvdata/assets/datafiles/needlelift/needleMovementSprayH.pdf' target='_blank'>explanation</a>,-,0.07,-,-,-,-,25.5,-,-,0.79,-,-,-,-,-,<a href='/cvdata/assets/datafiles/press/akcdgnl-press.txt' target='_blank'>PvsT</a>,-,-,-,-,-,-,-,-,-,<a href='/cvdata/assets/movies/akcdgnl008.mpeg' target='_blank'>Soot </a> ,-
525,21,850,14.8,0.100-a,-,150,>4,NHPT,373,Sandia,#alcdgnl,-,<a href= '/diesel-spray-combustion/experimental-diagnostics/lift-off-length/' target='_blank'>LO</a> ; <a href= '/diesel-spray-combustion/experimental-diagnostics/light-based-ignition-delay/' target='_blank'>ID</a>,-,-,-,-,-,-,-,-,-,860,830,-,-,-,15.11,15.2,3.58,1.009,-,-,-,-,-,-,151.58,-,-,-,-,-,-,-,-,<a href= '/sprayhroi/' target='_blank'>rate of injection</a>,-,-,6.7,-,-,17.6,-,-,0.8,-,0.86,-,-,-,<a href='/cvdata/assets/datafiles/nozgeom/nozzleDwg.PNG' target='_blank'>Drawing</a>; <a href='/cvdata/assets/datafiles/nozgeom/sacVolumeDimensions.pdf' target='_blank'>sac Vol. Dim.</a>,-,<a href='/cvdata/assets/datafiles/needlelift/aicdgnl-lift.txt' target='_blank'>needle lift</a>; <a href='/cvdata/assets/datafiles/needlelift/needleMovementSprayH.pdf' target='_blank'>explanation</a>,-,0.07,-,-,-,-,30.1,-,-,1.03,-,-,-,-,-,<a href='/cvdata/assets/datafiles/press/alcdgnl-press.txt' target='_blank'>PvsT</a>,-,-,-,-,-,-,-,-,-,<a href='/cvdata/assets/movies/alcdgnl305.mpeg' target='_blank'>Chemi1; </a> &#32 &#32<a href='/cvdata/assets/movies/alcdgnl308.mpeg' target='_blank'>Chemi2. &#32</a>,-
526,21,800,14.8,0.100-a,-,150,>4,NHPT,373,Sandia,#amcdgnl,-,<a href= '/diesel-spray-combustion/experimental-diagnostics/lift-off-length/' target='_blank'>LO</a> ; <a href= '/diesel-spray-combustion/experimental-diagnostics/light-based-ignition-delay/' target='_blank'>ID</a>,-,-,-,-,-,-,-,-,-,811,783,-,-,-,15.19,15.1,3.37,1.009,-,-,-,-,-,-,152.37,-,-,-,-,-,-,-,-,<a href= '/sprayhroi/' target='_blank'>rate of injection</a>,-,-,6.6,-,-,17.5,-,-,0.8,-,0.86,-,-,-,<a href='/cvdata/assets/datafiles/nozgeom/nozzleDwg.PNG' target='_blank'>Drawing</a>; <a href='/cvdata/assets/datafiles/nozgeom/sacVolumeDimensions.pdf' target='_blank'>sac Vol. Dim.</a>,-,<a href='/cvdata/assets/datafiles/needlelift/aicdgnl-lift.txt' target='_blank'>needle lift</a>; <a href='/cvdata/assets/datafiles/needlelift/needleMovementSprayH.pdf' target='_blank'>explanation</a>,-,0.07,-,-,-,-,46.2,-,-,1.65,-,-,-,-,-,<a href='/cvdata/assets/datafiles/press/amcdgnl-press.txt' target='_blank'>PvsT</a>,-,-,-,-,-,-,-,-,-,<a href='/cvdata/assets/movies/amcdgnl308.mpeg' target='_blank'>Chemi. </a> ,-
527,21,750,14.8,0.100-a,-,150,>4,NHPT,373,Sandia,#ancdgnl,-,<a href= '/diesel-spray-combustion/experimental-diagnostics/lift-off-length/' target='_blank'>LO</a> ; <a href= '/diesel-spray-combustion/experimental-diagnostics/light-based-ignition-delay/' target='_blank'>ID</a>,-,-,-,-,-,-,-,-,-,762,737,-,-,-,15.05,15.1,3.16,1.008,-,-,-,-,-,-,153.16,-,-,-,-,-,-,-,-,<a href= '/sprayhroi/' target='_blank'>rate of injection</a>,-,-,6.6,-,-,17.4,-,-,0.8,-,0.86,-,-,-,<a href='/cvdata/assets/datafiles/nozgeom/nozzleDwg.PNG' target='_blank'>Drawing</a>; <a href='/cvdata/assets/datafiles/nozgeom/sacVolumeDimensions.pdf' target='_blank'>sac Vol. Dim.</a>,-,<a href='/cvdata/assets/datafiles/needlelift/aicdgnl-lift.txt' target='_blank'>needle lift</a>; <a href='/cvdata/assets/datafiles/needlelift/needleMovementSprayH.pdf' target='_blank'>explanation</a>,-,0.07,-,-,-,-,67,-,-,2.46,-,-,-,-,-,<a href='/cvdata/assets/datafiles/press/ancdgnl-press.txt' target='_blank'>PvsT</a>,-,-,-,-,-,-,-,-,-,-,-
528,15,1000,14.8,0.100-a,-,150,>4,NHPT,373,Sandia,#jicdgnl,-,<a href= '/diesel-spray-combustion/experimental-diagnostics/lift-off-length/' target='_blank'>LO</a>; <a href= '/diesel-spray-combustion/experimental-diagnostics/light-based-ignition-delay/' target='_blank'>ID</a>; <a href= '/diesel-spray-combustion/experimental-diagnostics/soot/' target='_blank'>SO</a>; <a href= '/diesel-spray-combustion/experimental-diagnostics/high-speed-movies-flow-visualization/' target='_blank'>MO</a>,-,-,-,-,-,-,-,-,-,1010,967,-,-,-,15.09,15.3,4.25,1.01,-,-,-,-,-,-,153.25,-,-,-,-,-,-,-,-,<a href= '/sprayhroi/' target='_blank'>rate of injection</a>,-,-,6.8,-,-,17.8,-,-,0.8,-,0.86,-,-,-,<a href='/cvdata/assets/datafiles/nozgeom/nozzleDwg.PNG' target='_blank'>Drawing</a>; <a href='/cvdata/assets/datafiles/nozgeom/sacVolumeDimensions.pdf' target='_blank'>sac Vol. Dim.</a>,-,<a href='/cvdata/assets/datafiles/needlelift/aicdgnl-lift.txt' target='_blank'>needle lift</a>; <a href='/cvdata/assets/datafiles/needlelift/needleMovementSprayH.pdf' target='_blank'>explanation</a>,-,0.07,-,-,-,-,23.4,-,-,0.73,-,-,-,-,-,<a href='/cvdata/assets/datafiles/press/jicdgnl-press.txt' target='_blank'>PvsT</a>,-,-,-,-,-,-,-,-,<a href='/data/jicdgnlsoot/' target='_blank'>soot data</a> ,<a href='/cvdata/assets/movies/jicdgnl071.mpeg' target='_blank'>Soot; </a> &#32 &#32<a href='/cvdata/assets/movies/jicdgnl171.mpeg' target='_blank'>Chemi. &#32</a>,-
529,15,950,14.8,0.100-a,-,150,>4,NHPT,373,Sandia,#jjcdgnl,-,<a href= '/diesel-spray-combustion/experimental-diagnostics/light-based-ignition-delay/' target='_blank'>ID</a>,-,-,-,-,-,-,-,-,-,965,922,-,-,-,15.07,15.3,4.04,1.01,-,-,-,-,-,-,152.04,-,-,-,-,-,-,-,-,<a href= '/sprayhroi/' target='_blank'>rate of injection</a>,-,-,6.8,-,-,17.8,-,-,0.8,-,0.86,-,-,-,<a href='/cvdata/assets/datafiles/nozgeom/nozzleDwg.PNG' target='_blank'>Drawing</a>; <a href='/cvdata/assets/datafiles/nozgeom/sacVolumeDimensions.pdf' target='_blank'>sac Vol. Dim.</a>,-,<a href='/cvdata/assets/datafiles/needlelift/aicdgnl-lift.txt' target='_blank'>needle lift</a>; <a href='/cvdata/assets/datafiles/needlelift/needleMovementSprayH.pdf' target='_blank'>explanation</a>,-,0.07,-,-,-,-,-,-,-,0.85,-,-,-,-,-,<a href='/cvdata/assets/datafiles/press/jjcdgnl-press.txt' target='_blank'>PvsT</a>,-,-,-,-,-,-,-,-,-,-,-
530,15,900,14.8,0.100-a,-,150,>4,NHPT,373,Sandia,#jkcdgnl,-,<a href= '/diesel-spray-combustion/experimental-diagnostics/light-based-ignition-delay/' target='_blank'>ID</a>,-,-,-,-,-,-,-,-,-,909,876,-,-,-,15.07,15.2,3.82,1.009,-,-,-,-,-,-,153.82,-,-,-,-,-,-,-,-,<a href= '/sprayhroi/' target='_blank'>rate of injection</a>,-,-,6.8,-,-,17.8,-,-,0.8,-,0.86,-,-,-,<a href='/cvdata/assets/datafiles/nozgeom/nozzleDwg.PNG' target='_blank'>Drawing</a>; <a href='/cvdata/assets/datafiles/nozgeom/sacVolumeDimensions.pdf' target='_blank'>sac Vol. Dim.</a>,-,<a href='/cvdata/assets/datafiles/needlelift/aicdgnl-lift.txt' target='_blank'>needle lift</a>; <a href='/cvdata/assets/datafiles/needlelift/needleMovementSprayH.pdf' target='_blank'>explanation</a>,-,0.07,-,-,-,-,-,-,-,1.1,-,-,-,-,-,<a href='/cvdata/assets/datafiles/press/jkcdgnl-press.txt' target='_blank'>PvsT</a>,-,-,-,-,-,-,-,-,-,-,-
531,12,1000,14.8,0.100-a,-,150,>4,NHPT,373,Sandia,#micdgnl,-,<a href= '/diesel-spray-combustion/experimental-diagnostics/lift-off-length/' target='_blank'>LO</a>; <a href= '/diesel-spray-combustion/experimental-diagnostics/light-based-ignition-delay/' target='_blank'>ID</a>; <a href= '/diesel-spray-combustion/experimental-diagnostics/soot/' target='_blank'>SO</a>; <a href= '/diesel-spray-combustion/experimental-diagnostics/high-speed-movies-flow-visualization/' target='_blank'>MO</a>,-,-,-,-,-,-,-,-,-,1010,967,-,-,-,15.04,15.3,4.27,1.01,-,-,-,-,-,-,153.27,-,-,-,-,-,-,-,-,<a href= '/sprayhroi/' target='_blank'>rate of injection</a>,-,-,6.8,-,-,17.8,-,-,0.8,-,0.86,-,-,-,<a href='/cvdata/assets/datafiles/nozgeom/nozzleDwg.PNG' target='_blank'>Drawing</a>; <a href='/cvdata/assets/datafiles/nozgeom/sacVolumeDimensions.pdf' target='_blank'>sac Vol. Dim.</a>,-,<a href='/cvdata/assets/datafiles/needlelift/aicdgnl-lift.txt' target='_blank'>needle lift</a>; <a href='/cvdata/assets/datafiles/needlelift/needleMovementSprayH.pdf' target='_blank'>explanation</a>,-,0.07,-,-,-,-,29.2,-,-,0.947,-,-,-,-,-,<a href='/cvdata/assets/datafiles/press/micdgnl6press.txt' target='_blank'>PvsT</a>,-,-,-,-,-,-,-,-,<a href='/data/micdgnlsoot/' target='_blank'>soot data</a> ,<a href='/cvdata/assets/movies/micdgnl157.mpeg' target='_blank'>Soot; </a> &#32 &#32<a href='/cvdata/assets/movies/micdgnl232.mpeg' target='_blank'>Chemi. &#32</a>,-
532,12,950,14.8,0.100-a,-,140,>4,NHPT,373,Sandia,#mjcdgnl,-,<a href= '/diesel-spray-combustion/experimental-diagnostics/lift-off-length/' target='_blank'>LO</a> ; <a href= '/diesel-spray-combustion/experimental-diagnostics/light-based-ignition-delay/' target='_blank'>ID</a>,-,-,-,-,-,-,-,-,-,962,921,-,-,-,15.09,15.3,4.05,1.01,-,-,-,-,-,-,140.05,-,-,-,-,-,-,-,-,<a href= '/sprayhroi/' target='_blank'>rate of injection</a>,-,-,5.8,-,-,15.4,-,-,0.8,-,0.86,-,-,-,<a href='/cvdata/assets/datafiles/nozgeom/nozzleDwg.PNG' target='_blank'>Drawing</a>; <a href='/cvdata/assets/datafiles/nozgeom/sacVolumeDimensions.pdf' target='_blank'>sac Vol. Dim.</a>,-,<a href='/cvdata/assets/datafiles/needlelift/aicdgnl-lift.txt' target='_blank'>needle lift</a>; <a href='/cvdata/assets/datafiles/needlelift/needleMovementSprayH.pdf' target='_blank'>explanation</a>,-,0.07,-,-,-,-,34.3,-,-,1.13,-,-,-,-,-,<a href='/cvdata/assets/datafiles/press/mjcdgnl5press.txt' target='_blank'>PvsT</a>,-,-,-,-,-,-,-,-,-,-,-
533,12,900,14.8,0.100-a,-,140,>4,NHPT,373,Sandia,#mkcdgnl,-,<a href= '/diesel-spray-combustion/experimental-diagnostics/lift-off-length/' target='_blank'>LO</a> ; <a href= '/diesel-spray-combustion/experimental-diagnostics/light-based-ignition-delay/' target='_blank'>ID</a>,-,-,-,-,-,-,-,-,-,912,876,-,-,-,15.1,15.2,3.84,1.009,-,-,-,-,-,-,139.84,-,-,-,-,-,-,-,-,<a href= '/sprayhroi/' target='_blank'>rate of injection</a>,-,-,5.8,-,-,15.3,-,-,0.8,-,0.86,-,-,-,<a href='/cvdata/assets/datafiles/nozgeom/nozzleDwg.PNG' target='_blank'>Drawing</a>; <a href='/cvdata/assets/datafiles/nozgeom/sacVolumeDimensions.pdf' target='_blank'>sac Vol. Dim.</a>,-,<a href='/cvdata/assets/datafiles/needlelift/aicdgnl-lift.txt' target='_blank'>needle lift</a>; <a href='/cvdata/assets/datafiles/needlelift/needleMovementSprayH.pdf' target='_blank'>explanation</a>,-,0.07,-,-,-,-,47.3,-,-,1.33,-,-,-,-,-,<a href='/cvdata/assets/datafiles/press/mkcdgnl5press.txt' target='_blank'>PvsT</a>,-,-,-,-,-,-,-,-,-,-,-
534,10,1300,14.8,0.100-a,-,150,>4,NHPT,373,Sandia,#occdgnl,-,<a href= '/diesel-spray-combustion/experimental-diagnostics/light-based-ignition-delay/' target='_blank'>ID</a>,-,-,-,-,-,-,-,-,-,1308,1237,-,-,-,15.02,15.6,5.56,1.01,-,-,-,-,-,-,153.56,-,-,-,-,-,-,-,-,<a href= '/sprayhroi/' target='_blank'>rate of injection</a>,-,-,6.7,-,-,17.7,-,-,0.8,-,0.86,-,-,-,<a href='/cvdata/assets/datafiles/nozgeom/nozzleDwg.PNG' target='_blank'>Drawing</a>; <a href='/cvdata/assets/datafiles/nozgeom/sacVolumeDimensions.pdf' target='_blank'>sac Vol. Dim.</a>,-,<a href='/cvdata/assets/datafiles/needlelift/aicdgnl-lift.txt' target='_blank'>needle lift</a>; <a href='/cvdata/assets/datafiles/needlelift/needleMovementSprayH.pdf' target='_blank'>explanation</a>,-,0.07,-,-,-,-,-,-,-,0.54,-,-,-,-,-,<a href='/cvdata/assets/datafiles/press/occdgnl-press.txt' target='_blank'>PvsT</a>,-,-,-,-,-,-,-,-,-,-,-
535,10,1100,14.8,0.100-a,-,150,>4,NHPT,373,Sandia,#ogcdgnl,-,<a href= '/diesel-spray-combustion/experimental-diagnostics/lift-off-length/' target='_blank'>LO</a> ; <a href= '/diesel-spray-combustion/experimental-diagnostics/light-based-ignition-delay/' target='_blank'>ID</a>,-,-,-,-,-,-,-,-,-,1108,1058,-,-,-,15.07,15.4,4.71,1.01,-,-,-,-,-,-,153.71,-,-,-,-,-,-,-,-,<a href= '/sprayhroi/' target='_blank'>rate of injection</a>,-,-,6.8,-,-,18,-,-,0.8,-,0.86,-,-,-,<a href='/cvdata/assets/datafiles/nozgeom/nozzleDwg.PNG' target='_blank'>Drawing</a>; <a href='/cvdata/assets/datafiles/nozgeom/sacVolumeDimensions.pdf' target='_blank'>sac Vol. Dim.</a>,-,<a href='/cvdata/assets/datafiles/needlelift/aicdgnl-lift.txt' target='_blank'>needle lift</a>; <a href='/cvdata/assets/datafiles/needlelift/needleMovementSprayH.pdf' target='_blank'>explanation</a>,-,0.07,-,-,-,-,25.5,-,-,0.81,-,-,-,-,-,<a href='/cvdata/assets/datafiles/press/ogcdgnl-press.txt' target='_blank'>PvsT</a>,-,-,-,-,-,-,-,-,-,-,-
536,10,1050,14.8,0.100-a,-,150,>4,NHPT,373,Sandia,#ohcdgnl,-,<a href= '/diesel-spray-combustion/experimental-diagnostics/lift-off-length/' target='_blank'>LO</a> ; <a href= '/diesel-spray-combustion/experimental-diagnostics/light-based-ignition-delay/' target='_blank'>ID</a>,-,-,-,-,-,-,-,-,-,1063,1013,-,-,-,14.99,15.3,4.49,1.01,-,-,-,-,-,-,138.49,-,-,-,-,-,-,-,-,-,-,-,5.8,-,-,15.3,-,-,0.8,-,0.86,-,-,-,<a href='/cvdata/assets/datafiles/nozgeom/nozzleDwg.PNG' target='_blank'>Drawing</a>; <a href='/cvdata/assets/datafiles/nozgeom/sacVolumeDimensions.pdf' target='_blank'>sac Vol. Dim.</a>,-,<a href='/cvdata/assets/datafiles/needlelift/aicdgnl-lift.txt' target='_blank'>needle lift</a>; <a href='/cvdata/assets/datafiles/needlelift/needleMovementSprayH.pdf' target='_blank'>explanation</a>,-,0.07,-,-,-,-,27.6,-,-,0.95,-,-,-,-,-,<a href='/cvdata/assets/datafiles/press/ohcdgnl5press.txt' target='_blank'>PvsT</a>,-,-,-,-,-,-,-,-,-,-,-
537,10,1000,14.8,0.100-a,-,150,>4,NHPT,373,Sandia,#oicdgnl,-,<a href= '/diesel-spray-combustion/experimental-diagnostics/lift-off-length/' target='_blank'>LO</a>; <a href= '/diesel-spray-combustion/experimental-diagnostics/light-based-ignition-delay/' target='_blank'>ID</a>; <a href= '/diesel-spray-combustion/experimental-diagnostics/soot/' target='_blank'>SO</a>; <a href= '/diesel-spray-combustion/experimental-diagnostics/high-speed-movies-flow-visualization/' target='_blank'>MO</a>,-,-,-,-,-,-,-,-,-,1011,967,-,-,-,15.11,15.3,4.28,1.01,-,-,-,-,-,-,153.28,-,-,-,-,-,-,-,-,<a href= '/sprayhroi/' target='_blank'>rate of injection</a>,-,-,6.9,-,-,18.1,-,-,0.8,-,0.86,-,-,-,<a href='/cvdata/assets/datafiles/nozgeom/nozzleDwg.PNG' target='_blank'>Drawing</a>; <a href='/cvdata/assets/datafiles/nozgeom/sacVolumeDimensions.pdf' target='_blank'>sac Vol. Dim.</a>,-,<a href='/cvdata/assets/datafiles/needlelift/aicdgnl-lift.txt' target='_blank'>needle lift</a>; <a href='/cvdata/assets/datafiles/needlelift/needleMovementSprayH.pdf' target='_blank'>explanation</a>,-,0.07,-,-,-,-,35.1,-,-,1.13,-,-,-,-,-,<a href='/cvdata/assets/datafiles/press/oicdgnl6press.txt' target='_blank'>PvsT</a>,-,-,-,-,-,-,-,-,<a href='/data/oicdgnlsoot/' target='_blank'>soot data</a> ,<a href='/cvdata/assets/movies/oicdgnl027.mpeg' target='_blank'>Soot; </a> &#32 &#32<a href='/cvdata/assets/movies/oicdgnl077.mpeg' target='_blank'>Chemi. &#32</a>,-
538,10,950,14.8,0.100-a,-,150,>4,NHPT,373,Sandia,#ojcdgnl,-,<a href= '/diesel-spray-combustion/experimental-diagnostics/lift-off-length/' target='_blank'>LO</a> ; <a href= '/diesel-spray-combustion/experimental-diagnostics/light-based-ignition-delay/' target='_blank'>ID</a>,-,-,-,-,-,-,-,-,-,961,922,-,-,-,15.06,15.3,4.06,1.01,-,-,-,-,-,-,139.06,-,-,-,-,-,-,-,-,-,-,-,5.8,-,-,15.3,-,-,0.8,-,0.86,-,-,-,<a href='/cvdata/assets/datafiles/nozgeom/nozzleDwg.PNG' target='_blank'>Drawing</a>; <a href='/cvdata/assets/datafiles/nozgeom/sacVolumeDimensions.pdf' target='_blank'>sac Vol. Dim.</a>,-,<a href='/cvdata/assets/datafiles/needlelift/aicdgnl-lift.txt' target='_blank'>needle lift</a>; <a href='/cvdata/assets/datafiles/needlelift/needleMovementSprayH.pdf' target='_blank'>explanation</a>,-,0.07,-,-,-,-,42.4,-,-,1.56,-,-,-,-,-,<a href='/cvdata/assets/datafiles/press/ojcdgnl5press.txt' target='_blank'>PvsT</a>,-,-,-,-,-,-,-,-,-,-,-
539,10,900,14.8,0.100-a,-,150,>4,NHPT,373,Sandia,#okcdgnl,-,<a href= '/diesel-spray-combustion/experimental-diagnostics/lift-off-length/' target='_blank'>LO</a> ; <a href= '/diesel-spray-combustion/experimental-diagnostics/light-based-ignition-delay/' target='_blank'>ID</a>,-,-,-,-,-,-,-,-,-,910,875,-,-,-,16.01,16.3,3.85,1.009,-,-,-,-,-,-,152.85,-,-,-,-,-,-,-,-,-,-,-,5.9,-,-,15.5,-,-,0.8,-,0.86,-,-,-,<a href='/cvdata/assets/datafiles/nozgeom/nozzleDwg.PNG' target='_blank'>Drawing</a>; <a href='/cvdata/assets/datafiles/nozgeom/sacVolumeDimensions.pdf' target='_blank'>sac Vol. Dim.</a>,-,<a href='/cvdata/assets/datafiles/needlelift/aicdgnl-lift.txt' target='_blank'>needle lift</a>; <a href='/cvdata/assets/datafiles/needlelift/needleMovementSprayH.pdf' target='_blank'>explanation</a>,-,0.07,-,-,-,-,53.9,-,-,1.74,-,-,-,-,-,<a href='/cvdata/assets/datafiles/press/okcdgnl5press.txt' target='_blank'>PvsT</a>,-,-,-,-,-,-,-,-,-,-,-
540,8,1200,14.8,0.100-a,-,150,>4,NHPT,373,Sandia,#qecdgnl,-,<a href= '/diesel-spray-combustion/experimental-diagnostics/light-based-ignition-delay/' target='_blank'>ID</a>,-,-,-,-,-,-,-,-,-,1209,1148,-,-,-,15.02,15.5,5.15,1.01,-,-,-,-,-,-,154.15,-,-,-,-,-,-,-,-,<a href= '/sprayhroi/' target='_blank'>rate of injection</a>,-,-,6.8,-,-,17.9,-,-,0.8,-,0.86,-,-,-,<a href='/cvdata/assets/datafiles/nozgeom/nozzleDwg.PNG' target='_blank'>Drawing</a>; <a href='/cvdata/assets/datafiles/nozgeom/sacVolumeDimensions.pdf' target='_blank'>sac Vol. Dim.</a>,-,<a href='/cvdata/assets/datafiles/needlelift/aicdgnl-lift.txt' target='_blank'>needle lift</a>; <a href='/cvdata/assets/datafiles/needlelift/needleMovementSprayH.pdf' target='_blank'>explanation</a>,-,0.07,-,-,-,-,-,-,-,0.64,-,-,-,-,-,<a href='/cvdata/assets/datafiles/press/qecdgnl-press.txt' target='_blank'>PvsT</a>,-,-,-,-,-,-,-,-,-,-,-
541,8,1100,14.8,0.100-a,-,150,>4,NHPT,373,Sandia,#qgcdgnl,-,<a href= '/diesel-spray-combustion/experimental-diagnostics/light-based-ignition-delay/' target='_blank'>ID</a>,-,-,-,-,-,-,-,-,-,1110,1058,-,-,-,15.05,15.4,4.72,1.01,-,-,-,-,-,-,153.72,-,-,-,-,-,-,-,-,<a href= '/sprayhroi/' target='_blank'>rate of injection</a>,-,-,6.7,-,-,17.7,-,-,0.8,-,0.86,-,-,-,<a href='/cvdata/assets/datafiles/nozgeom/nozzleDwg.PNG' target='_blank'>Drawing</a>; <a href='/cvdata/assets/datafiles/nozgeom/sacVolumeDimensions.pdf' target='_blank'>sac Vol. Dim.</a>,-,<a href='/cvdata/assets/datafiles/needlelift/aicdgnl-lift.txt' target='_blank'>needle lift</a>; <a href='/cvdata/assets/datafiles/needlelift/needleMovementSprayH.pdf' target='_blank'>explanation</a>,-,0.07,-,-,-,-,-,-,-,0.99,-,-,-,-,-,<a href='/cvdata/assets/datafiles/press/qgcdgnl-press.txt' target='_blank'>PvsT</a>,-,-,-,-,-,-,-,-,-,-,-
542,8,1000,14.8,0.100-a,-,150,>4,NHPT,373,Sandia,#qicdgnl,-,<a href= '/diesel-spray-combustion/experimental-diagnostics/lift-off-length/' target='_blank'>LO</a>; <a href= '/diesel-spray-combustion/experimental-diagnostics/light-based-ignition-delay/' target='_blank'>ID</a>; <a href= '/diesel-spray-combustion/experimental-diagnostics/soot/' target='_blank'>SO</a>; <a href= '/diesel-spray-combustion/experimental-diagnostics/high-speed-movies-flow-visualization/' target='_blank'>MO</a>,-,-,-,-,-,-,-,-,-,1005,967,-,-,-,14.97,15.3,4.29,1.01,-,-,-,-,-,-,152.29,-,-,-,-,-,-,-,-,<a href= '/sprayhroi/' target='_blank'>rate of injection</a>,-,-,6.9,-,-,18.1,-,-,0.8,-,0.86,-,-,-,<a href='/cvdata/assets/datafiles/nozgeom/nozzleDwg.PNG' target='_blank'>Drawing</a>; <a href='/cvdata/assets/datafiles/nozgeom/sacVolumeDimensions.pdf' target='_blank'>sac Vol. Dim.</a>,-,<a href='/cvdata/assets/datafiles/needlelift/aicdgnl-lift.txt' target='_blank'>needle lift</a>; <a href='/cvdata/assets/datafiles/needlelift/needleMovementSprayH.pdf' target='_blank'>explanation</a>,-,0.07,-,-,-,-,42.3,-,-,1.52,-,-,-,-,-,<a href='/cvdata/assets/datafiles/press/qicdgnl-press.txt' target='_blank'>PvsT</a>,-,-,-,-,-,-,-,-,<a href='/cvdata/assets/datafiles/soot/qicdgnl.jpg' target='_blank'>img</a> <a href='/cvdata/assets/datafiles/soot/qicdgnl.txt' target='_blank'>f<sub>v</sub></a> &#32<a href='/cvdata/assets/datafiles/soot/qicdgnl_xval.txt' target='_blank'>x</a> &#32<a href='/cvdata/assets/datafiles/soot/qicdgnl_yval.txt' target='_blank'>y</a>,<a href='/cvdata/assets/movies/qicdgnl041.mpeg' target='_blank'>Chemi. &#32</a>,-
543,15,1000,30,0.100-a,-,150,>4,NHPT,373,Sandia,#jiddgnl,-,<a href= '/diesel-spray-combustion/experimental-diagnostics/lift-off-length/' target='_blank'>LO</a>; <a href= '/diesel-spray-combustion/experimental-diagnostics/light-based-ignition-delay/' target='_blank'>ID</a>; <a href= '/diesel-spray-combustion/experimental-diagnostics/soot/' target='_blank'>SO</a>; <a href= '/diesel-spray-combustion/experimental-diagnostics/high-speed-movies-flow-visualization/' target='_blank'>MO</a>,-,-,-,-,-,-,-,-,-,1010,962,-,-,-,30,31.2,8.7,1.021,-,-,-,-,-,-,155.7,-,-,-,-,-,-,-,-,<a href= '/sprayhroi/' target='_blank'>rate of injection</a>,-,-,6.8,-,-,18,-,-,0.8,-,0.86,-,-,-,<a href='/cvdata/assets/datafiles/nozgeom/nozzleDwg.PNG' target='_blank'>Drawing</a>; <a href='/cvdata/assets/datafiles/nozgeom/sacVolumeDimensions.pdf' target='_blank'>sac Vol. Dim.</a>,-,<a href='/cvdata/assets/datafiles/needlelift/aicdgnl-lift.txt' target='_blank'>needle lift</a>; <a href='/cvdata/assets/datafiles/needlelift/needleMovementSprayH.pdf' target='_blank'>explanation</a>,-,0.07,-,-,-,-,11.9,-,-,0.38,-,-,-,-,-,<a href='/cvdata/assets/datafiles/press/jiddgnl-press.txt' target='_blank'>PvsT</a>,-,-,-,-,-,-,-,-,<a href='/data/jiddgnlsoot/' target='_blank'>soot data</a> ,<a href='/cvdata/assets/movies/jiddgnl066.mpeg' target='_blank'>Soot </a> ,-
544,12,1000,30,0.100-a,-,150,>4,NHPT,373,Sandia,#middgnl,-,<a href= '/diesel-spray-combustion/experimental-diagnostics/lift-off-length/' target='_blank'>LO</a>; <a href= '/diesel-spray-combustion/experimental-diagnostics/light-based-ignition-delay/' target='_blank'>ID</a>; <a href= '/diesel-spray-combustion/experimental-diagnostics/soot/' target='_blank'>SO</a>; <a href= '/diesel-spray-combustion/experimental-diagnostics/high-speed-movies-flow-visualization/' target='_blank'>MO</a>,-,-,-,-,-,-,-,-,-,1011,962,-,-,-,30,31.2,8.74,1.021,-,-,-,-,-,-,155.74,-,-,-,-,-,-,-,-,<a href= '/sprayhroi/' target='_blank'>rate of injection</a>,-,-,6.8,-,-,17.8,-,-,0.8,-,0.86,-,-,-,<a href='/cvdata/assets/datafiles/nozgeom/nozzleDwg.PNG' target='_blank'>Drawing</a>; <a href='/cvdata/assets/datafiles/nozgeom/sacVolumeDimensions.pdf' target='_blank'>sac Vol. Dim.</a>,-,<a href='/cvdata/assets/datafiles/needlelift/aicdgnl-lift.txt' target='_blank'>needle lift</a>; <a href='/cvdata/assets/datafiles/needlelift/needleMovementSprayH.pdf' target='_blank'>explanation</a>,-,0.07,-,-,-,-,13.9,-,-,0.44,-,-,-,-,-,<a href='/cvdata/assets/datafiles/press/middgnl-press.txt' target='_blank'>PvsT</a>,-,-,-,-,-,-,-,-,<a href='/data/middgnlsoot/' target='_blank'>soot data</a> ,<a href='/cvdata/assets/movies/middgnl062.mpeg' target='_blank'>Soot </a> ,-
545,10,1000,30,0.100-a,-,150,>4,NHPT,373,Sandia,#oiddgnl,-,<a href= '/diesel-spray-combustion/experimental-diagnostics/lift-off-length/' target='_blank'>LO</a>; <a href= '/diesel-spray-combustion/experimental-diagnostics/light-based-ignition-delay/' target='_blank'>ID</a>; <a href= '/diesel-spray-combustion/experimental-diagnostics/soot/' target='_blank'>SO</a>; <a href= '/diesel-spray-combustion/experimental-diagnostics/high-speed-movies-flow-visualization/' target='_blank'>MO</a>,-,-,-,-,-,-,-,-,-,1008,962,-,-,-,30,31.2,8.76,1.021,-,-,-,-,-,-,156.76,-,-,-,-,-,-,-,-,<a href= '/sprayhroi/' target='_blank'>rate of injection</a>,-,-,6.8,-,-,18,-,-,0.8,-,0.86,-,-,-,<a href='/cvdata/assets/datafiles/nozgeom/nozzleDwg.PNG' target='_blank'>Drawing</a>; <a href='/cvdata/assets/datafiles/nozgeom/sacVolumeDimensions.pdf' target='_blank'>sac Vol. Dim.</a>,-,<a href='/cvdata/assets/datafiles/needlelift/aicdgnl-lift.txt' target='_blank'>needle lift</a>; <a href='/cvdata/assets/datafiles/needlelift/needleMovementSprayH.pdf' target='_blank'>explanation</a>,-,0.07,-,-,-,-,16.4,-,-,0.61,-,-,-,-,-,<a href='/cvdata/assets/datafiles/press/oiddgnl-press.txt' target='_blank'>PvsT</a>,-,-,-,-,-,-,-,-,<a href='/data/oiddgnlsoot/' target='_blank'>soot data</a> ,<a href='/cvdata/assets/movies/oiddgnl046.mpeg' target='_blank'>Soot </a> ,-
546,8,1000,30,0.100-a,-,150,>4,NHPT,373,Sandia,#qiddgnl,-,<a href= '/diesel-spray-combustion/experimental-diagnostics/lift-off-length/' target='_blank'>LO</a>; <a href= '/diesel-spray-combustion/experimental-diagnostics/light-based-ignition-delay/' target='_blank'>ID</a>; <a href= '/diesel-spray-combustion/experimental-diagnostics/soot/' target='_blank'>SO</a>; <a href= '/diesel-spray-combustion/experimental-diagnostics/high-speed-movies-flow-visualization/' target='_blank'>MO</a>,-,-,-,-,-,-,-,-,-,1008,962,-,-,-,30,31.2,8.79,1.021,-,-,-,-,-,-,155.79,-,-,-,-,-,-,-,-,<a href= '/sprayhroi/' target='_blank'>rate of injection</a>,-,-,6.8,-,-,18,-,-,0.8,-,0.86,-,-,-,<a href='/cvdata/assets/datafiles/nozgeom/nozzleDwg.PNG' target='_blank'>Drawing</a>; <a href='/cvdata/assets/datafiles/nozgeom/sacVolumeDimensions.pdf' target='_blank'>sac Vol. Dim.</a>,-,<a href='/cvdata/assets/datafiles/needlelift/aicdgnl-lift.txt' target='_blank'>needle lift</a>; <a href='/cvdata/assets/datafiles/needlelift/needleMovementSprayH.pdf' target='_blank'>explanation</a>,-,0.07,-,-,-,-,19.2,-,-,0.76,-,-,-,-,-,<a href='/cvdata/assets/datafiles/press/qiddgnl-press.txt' target='_blank'>PvsT</a>,-,-,-,-,-,-,-,-,<a href='/cvdata/assets/datafiles/soot/qiddgnl.jpg' target='_blank'>img</a> <a href='/cvdata/assets/datafiles/soot/qiddgnl-img.zip' target='_blank'>f<sub>v</sub></a> <a href='/cvdata/assets/datafiles/soot/qiddgnl.png' target='_blank'>png-img</a> <a href='/cvdata/assets/datafiles/soot/qiddgnl-png2fvNotes.txt' target='_blank'>png2fv</a>, <a href='/cvdata/assets/movies/qiddgnl002.mpeg' target='_blank'>Chemi. &#32</a>,-
547,0,450,3.6,0.254-s,-,140,3.5,D2,450,Sandia,cfaca,-,<a href= '/diesel-spray-combustion/experimental-diagnostics/jet-penetration/' target='_blank'>JP</a>,<a href='/references/?table_filter=2019-00089' target='_blank'><sup>1</sup></a>,-,-,-,-,-,455,-,-,-,-,3.57,-,-,-,-,-,1.002,-,-,-,-,-,-,138,-,-,-,-,-,451,-,-,-,-,-,-,-,-,-,-,-,0.71,-,0.92,-,0.241,-,-,-,-,-,-,705,-,-,-,-,-,-,-,-,-,-,-,-,-,<a href='/cvdata/assets/datafiles/pen/cfacadh-pen.txt' target='_blank'>PenvsTime</a>,-,12.44,-,-,-,-,-,-,-,-
548,0,450,7.3,0.241-s,-,140,3.5,D2,450,Sandia,cfbca,-,<a href= '/diesel-spray-combustion/experimental-diagnostics/jet-penetration/' target='_blank'>JP</a>,<a href='/references/?table_filter=2019-00089' target='_blank'><sup>1</sup></a>,-,-,-,-,-,451,-,-,-,-,7.26,-,-,-,-,-,1.003,-,-,-,-,-,-,137,-,-,-,-,-,451,-,-,-,-,-,-,-,-,-,-,-,0.71,-,0.92,-,0.241,-,-,-,-,-,-,705,-,-,-,-,-,-,-,-,-,-,-,-,-,<a href='/cvdata/assets/datafiles/pen/cfbcadh-pen.txt' target='_blank'>PenvsTime</a>,-,14.14,-,-,-,-,-,-,-,-
549,0,450,14.8,0.241-s,-,140,3.5,D2,450,Sandia,cfcca,-,<a href= '/diesel-spray-combustion/experimental-diagnostics/jet-penetration/' target='_blank'>JP</a>,<a href='/references/?table_filter=2019-00089' target='_blank'><sup>1</sup></a>,-,-,-,-,-,452,-,-,-,-,14.8,-,-,-,-,-,1.007,-,-,-,-,-,-,140,-,-,-,-,-,451,-,-,-,-,-,-,-,-,-,-,-,0.71,-,0.92,-,0.241,-,-,-,-,-,-,705,-,-,-,-,-,-,-,-,-,-,-,-,-,<a href='/cvdata/assets/datafiles/pen/cfccadh-pen.txt' target='_blank'>PenvsTime</a>,-,16.16,-,-,-,-,-,-,-,-
550,0,450,30,0.241-s,-,70,3.5,D2,450,Sandia,cfdaa,-,<a href= '/diesel-spray-combustion/experimental-diagnostics/jet-penetration/' target='_blank'>JP</a>,<a href='/references/?table_filter=2019-00089' target='_blank'><sup>1</sup></a>,-,-,-,-,-,451,-,-,-,-,30,-,-,-,-,-,1.015,-,-,-,-,-,-,76.1,-,-,-,-,-,452,-,-,-,-,-,-,-,-,-,-,-,0.71,-,0.92,-,0.241,-,-,-,-,-,-,704,-,-,-,-,-,-,-,-,-,-,-,-,-,<a href='/cvdata/assets/datafiles/pen/cfdaadh-pen.txt' target='_blank'>PenvsTime</a>,-,19.3,-,-,-,-,-,-,-,-
551,0,450,30,0.185-s,-,70,3.5,D2,450,Sandia,cfdab,-,<a href= '/diesel-spray-combustion/experimental-diagnostics/jet-penetration/' target='_blank'>JP</a>,<a href='/references/?table_filter=2019-00089' target='_blank'><sup>1</sup></a>,-,-,-,-,-,452,-,-,-,-,30,-,-,-,-,-,1.015,-,-,-,-,-,-,77.8,-,-,-,-,-,451,-,-,-,-,-,-,-,-,-,-,-,0.64,-,0.93,-,0.185,-,-,-,-,-,-,706,-,-,-,-,-,-,-,-,-,-,-,-,-,<a href='/cvdata/assets/datafiles/pen/cfdabdh-pen.txt' target='_blank'>PenvsTime</a>,-,18.74,-,-,-,-,-,-,-,-
552,0,450,30,0.241-s,-,110,3.5,D2,450,Sandia,cfdba,-,<a href= '/diesel-spray-combustion/experimental-diagnostics/jet-penetration/' target='_blank'>JP</a>,<a href='/references/?table_filter=2019-00089' target='_blank'><sup>1</sup></a>,-,-,-,-,-,451,-,-,-,-,30,-,-,-,-,-,1.015,-,-,-,-,-,-,109,-,-,-,-,-,451,-,-,-,-,-,-,-,-,-,-,-,0.71,-,0.92,-,0.241,-,-,-,-,-,-,705,-,-,-,-,-,-,-,-,-,-,-,-,-,<a href='/cvdata/assets/datafiles/pen/cfdbadh-pen.txt' target='_blank'>PenvsTime</a>,-,19.07,-,-,-,-,-,-,-,-
553,0,450,30,0.185-s,-,110,3.5,D2,450,Sandia,cfdbb,-,<a href= '/diesel-spray-combustion/experimental-diagnostics/jet-penetration/' target='_blank'>JP</a>,<a href='/references/?table_filter=2019-00089' target='_blank'><sup>1</sup></a>,-,-,-,-,-,452,-,-,-,-,30,-,-,-,-,-,1.015,-,-,-,-,-,-,107,-,-,-,-,-,451,-,-,-,-,-,-,-,-,-,-,-,0.64,-,0.93,-,0.185,-,-,-,-,-,-,707,-,-,-,-,-,-,-,-,-,-,-,-,-,<a href='/cvdata/assets/datafiles/pen/cfdbbdh-pen.txt' target='_blank'>PenvsTime</a>,-,18.4,-,-,-,-,-,-,-,-
554,0,450,30,0.241-s,-,140,3.5,D2,450,Sandia,cfdca-01,-,<a href= '/diesel-spray-combustion/experimental-diagnostics/jet-penetration/' target='_blank'>JP</a>,<a href='/references/?table_filter=2019-00089' target='_blank'><sup>1</sup></a>,-,-,-,-,-,451,-,-,-,-,29.9,-,-,-,-,-,1.015,-,-,-,-,-,-,142,-,-,-,-,-,451,-,-,-,-,-,-,-,-,-,-,-,0.71,-,0.92,-,0.241,-,-,-,-,-,-,705,-,-,-,-,-,-,-,-,-,-,-,-,-,<a href='/cvdata/assets/datafiles/pen/cfdca-01dh-pen.txt' target='_blank'>PenvsTime</a>,-,19.3,-,-,-,-,-,-,-,-
555,0,450,30,0.241-s,-,140,3.5,D2,450,Sandia,cfdca-02,-,<a href= '/diesel-spray-combustion/experimental-diagnostics/jet-penetration/' target='_blank'>JP</a>,<a href='/references/?table_filter=2019-00089' target='_blank'><sup>1</sup></a>,-,-,-,-,-,451,-,-,-,-,30,-,-,-,-,-,1.015,-,-,-,-,-,-,139,-,-,-,-,-,451,-,-,-,-,-,-,-,-,-,-,-,0.71,-,0.92,-,0.241,-,-,-,-,-,-,705,-,-,-,-,-,-,-,-,-,-,-,-,-,<a href='/cvdata/assets/datafiles/pen/cfdca-02dh-pen.txt' target='_blank'>PenvsTime</a>,-,19.07,-,-,-,-,-,-,-,-
556,0,450,30,0.241-s,-,140,3.5,D2,450,Sandia,cfdca-03,-,<a href= '/diesel-spray-combustion/experimental-diagnostics/jet-penetration/' target='_blank'>JP</a>,<a href='/references/?table_filter=2019-00089' target='_blank'><sup>1</sup></a>,-,-,-,-,-,451,-,-,-,-,30,-,-,-,-,-,1.015,-,-,-,-,-,-,141,-,-,-,-,-,451,-,-,-,-,-,-,-,-,-,-,-,0.71,-,0.92,-,0.241,-,-,-,-,-,-,705,-,-,-,-,-,-,-,-,-,-,-,-,-,<a href='/cvdata/assets/datafiles/pen/cfdca-03dh-pen.txt' target='_blank'>PenvsTime</a>,-,19.07,-,-,-,-,-,-,-,-
557,0,450,30,0.241-s,-,140,3.5,D2,450,Sandia,cfdca-04,-,<a href= '/diesel-spray-combustion/experimental-diagnostics/jet-penetration/' target='_blank'>JP</a>,<a href='/references/?table_filter=2019-00089' target='_blank'><sup>1</sup></a>,-,-,-,-,-,452,-,-,-,-,30,-,-,-,-,-,1.015,-,-,-,-,-,-,140,-,-,-,-,-,451,-,-,-,-,-,-,-,-,-,-,-,0.71,-,0.92,-,0.241,-,-,-,-,-,-,705,-,-,-,-,-,-,-,-,-,-,-,-,-,<a href='/cvdata/assets/datafiles/pen/cfdca-04dh-pen.txt' target='_blank'>PenvsTime</a>,-,20.07,-,-,-,-,-,-,-,-
558,0,450,30,0.185-s,-,140,3.5,D2,450,Sandia,cfdcb-01,-,<a href= '/diesel-spray-combustion/experimental-diagnostics/jet-penetration/' target='_blank'>JP</a>,<a href='/references/?table_filter=2019-00089' target='_blank'><sup>1</sup></a>,-,-,-,-,-,451,-,-,-,-,30,-,-,-,-,-,1.015,-,-,-,-,-,-,141,-,-,-,-,-,451,-,-,-,-,-,-,-,-,-,-,-,0.64,-,0.93,-,0.185,-,-,-,-,-,-,715,-,-,-,-,-,-,-,-,-,-,-,-,-,<a href='/cvdata/assets/datafiles/pen/cfdcb-01dh-pen.txt' target='_blank'>PenvsTime</a>,-,18.85,-,-,-,-,-,-,-,-
559,0,450,30,0.185-s,-,140,3.5,D2,450,Sandia,cfdcb-02,-,<a href= '/diesel-spray-combustion/experimental-diagnostics/jet-penetration/' target='_blank'>JP</a>,<a href='/references/?table_filter=2019-00089' target='_blank'><sup>1</sup></a>,-,-,-,-,-,451,-,-,-,-,30,-,-,-,-,-,1.015,-,-,-,-,-,-,142,-,-,-,-,-,451,-,-,-,-,-,-,-,-,-,-,-,0.64,-,0.93,-,0.185,-,-,-,-,-,-,706,-,-,-,-,-,-,-,-,-,-,-,-,-,<a href='/cvdata/assets/datafiles/pen/cfdcb-02dh-pen.txt' target='_blank'>PenvsTime</a>,-,18.4,-,-,-,-,-,-,-,-
560,0,450,58.5,0.241-s,-,70,3.5,D2,450,Sandia,cfeaa,-,<a href= '/diesel-spray-combustion/experimental-diagnostics/jet-penetration/' target='_blank'>JP</a>,<a href='/references/?table_filter=2019-00089' target='_blank'><sup>1</sup></a>,-,-,-,-,-,451,-,-,-,-,60.9,-,-,-,-,-,1.034,-,-,-,-,-,-,78.8,-,-,-,-,-,451,-,-,-,-,-,-,-,-,-,-,-,0.71,-,0.92,-,0.241,-,-,-,-,-,-,705,-,-,-,-,-,-,-,-,-,-,-,-,-,<a href='/cvdata/assets/datafiles/pen/cfeaadh-pen.txt' target='_blank'>PenvsTime</a>,-,22.62,-,-,-,-,-,-,-,-
561,0,450,58.5,0.241-s,-,110,3.5,D2,450,Sandia,cfeba,-,<a href= '/diesel-spray-combustion/experimental-diagnostics/jet-penetration/' target='_blank'>JP</a>,<a href='/references/?table_filter=2019-00089' target='_blank'><sup>1</sup></a>,-,-,-,-,-,451,-,-,-,-,60.9,-,-,-,-,-,1.034,-,-,-,-,-,-,111,-,-,-,-,-,452,-,-,-,-,-,-,-,-,-,-,-,0.71,-,0.92,-,0.241,-,-,-,-,-,-,705,-,-,-,-,-,-,-,-,-,-,-,-,-,<a href='/cvdata/assets/datafiles/pen/cfebadh-pen.txt' target='_blank'>PenvsTime</a>,-,22.62,-,-,-,-,-,-,-,-
562,0,450,58.5,0.241-s,-,140,3.5,D2,450,Sandia,cfeca-01,-,<a href= '/diesel-spray-combustion/experimental-diagnostics/jet-penetration/' target='_blank'>JP</a>,<a href='/references/?table_filter=2019-00089' target='_blank'><sup>1</sup></a>,-,-,-,-,-,451,-,-,-,-,60.6,-,-,-,-,-,1.034,-,-,-,-,-,-,142,-,-,-,-,-,451,-,-,-,-,-,-,-,-,-,-,-,0.71,-,0.92,-,0.241,-,-,-,-,-,-,704,-,-,-,-,-,-,-,-,-,-,-,-,-,<a href='/cvdata/assets/datafiles/pen/cfeca-01dh-pen.txt' target='_blank'>PenvsTime</a>,-,21.85,-,-,-,-,-,-,-,-
563,0,450,58.5,0.241-s,-,140,3.5,D2,450,Sandia,cfeca-02,-,<a href= '/diesel-spray-combustion/experimental-diagnostics/jet-penetration/' target='_blank'>JP</a>,<a href='/references/?table_filter=2019-00089' target='_blank'><sup>1</sup></a>,-,-,-,-,-,451,-,-,-,-,60.9,-,-,-,-,-,1.034,-,-,-,-,-,-,144,-,-,-,-,-,451,-,-,-,-,-,-,-,-,-,-,-,0.71,-,0.92,-,0.241,-,-,-,-,-,-,705,-,-,-,-,-,-,-,-,-,-,-,-,-,<a href='/cvdata/assets/datafiles/pen/cfeca-02dh-pen.txt' target='_blank'>PenvsTime</a>,-,21.07,-,-,-,-,-,-,-,-
564,0,450,58.5,0.185-s,-,150,3.5,D2,450,Sandia,cfecb,-,<a href= '/diesel-spray-combustion/experimental-diagnostics/jet-penetration/' target='_blank'>JP</a>,<a href='/references/?table_filter=2019-00089' target='_blank'><sup>1</sup></a>,-,-,-,-,-,451,-,-,-,-,61,-,-,-,-,-,1.034,-,-,-,-,-,-,149,-,-,-,-,-,451,-,-,-,-,-,-,-,-,-,-,-,0.64,-,0.93,-,0.185,-,-,-,-,-,-,706,-,-,-,-,-,-,-,-,-,-,-,-,-,<a href='/cvdata/assets/datafiles/pen/cfecbdh-pen.txt' target='_blank'>PenvsTime</a>,-,21.41,-,-,-,-,-,-,-,-
565,0,450,120,0.241-s,-,150,3.5,D2,450,Sandia,cffca-01,-,<a href= '/diesel-spray-combustion/experimental-diagnostics/jet-penetration/' target='_blank'>JP</a>,<a href='/references/?table_filter=2019-00089' target='_blank'><sup>1</sup></a>,-,-,-,-,-,451,-,-,-,-,121,-,-,-,-,-,1.084,-,-,-,-,-,-,151,-,-,-,-,-,451,-,-,-,-,-,-,-,-,-,-,-,0.71,-,0.92,-,0.241,-,-,-,-,-,-,705,-,-,-,-,-,-,-,-,-,-,-,-,-,<a href='/cvdata/assets/datafiles/pen/cffca-01dh-pen.txt' target='_blank'>PenvsTime</a>,-,24.6,-,-,-,-,-,-,-,-
566,0,450,120,0.241-s,-,150,3.5,D2,450,Sandia,cffca-02,-,<a href= '/diesel-spray-combustion/experimental-diagnostics/jet-penetration/' target='_blank'>JP</a>,<a href='/references/?table_filter=2019-00089' target='_blank'><sup>1</sup></a>,-,-,-,-,-,452,-,-,-,-,124,-,-,-,-,-,1.088,-,-,-,-,-,-,155,-,-,-,-,-,452,-,-,-,-,-,-,-,-,-,-,-,0.71,-,0.92,-,0.241,-,-,-,-,-,-,704,-,-,-,-,-,-,-,-,-,-,-,-,-,<a href='/cvdata/assets/datafiles/pen/cffca-02dh-pen.txt' target='_blank'>PenvsTime</a>,-,23.94,-,-,-,-,-,-,-,-
567,0,450,14.8,0.185-s,-,140,3.5,D2,450,Sandia,dfccb-01,-,<a href= '/diesel-spray-combustion/experimental-diagnostics/jet-penetration/' target='_blank'>JP</a>,<a href='/references/?table_filter=2019-00089' target='_blank'><sup>1</sup></a>,-,-,-,-,-,451,-,-,-,-,14.8,-,-,-,-,-,1.024,-,-,-,-,-,-,141,-,-,-,-,-,451,-,-,-,-,-,-,-,-,-,-,-,0.64,-,0.93,-,0.185,-,-,-,-,-,-,705,-,-,-,-,-,-,-,-,-,-,-,-,-,<a href='/cvdata/assets/datafiles/pen/dfccb-01dh-pen.txt' target='_blank'>PenvsTime</a>,-,16.5,-,-,-,-,-,-,-,-
568,0,450,14.8,0.185-s,-,140,3.5,D2,450,Sandia,dfccb-02,-,<a href= '/diesel-spray-combustion/experimental-diagnostics/jet-penetration/' target='_blank'>JP</a>,<a href='/references/?table_filter=2019-00089' target='_blank'><sup>1</sup></a>,-,-,-,-,-,451,-,-,-,-,14.8,-,-,-,-,-,1.024,-,-,-,-,-,-,141,-,-,-,-,-,451,-,-,-,-,-,-,-,-,-,-,-,0.64,-,0.93,-,0.185,-,-,-,-,-,-,705,-,-,-,-,-,-,-,-,-,-,-,-,-,<a href='/cvdata/assets/datafiles/pen/dfccb-02dh-pen.txt' target='_blank'>PenvsTime</a>,-,16.28,-,-,-,-,-,-,-,-
569,0,450,30,0.185-s,-,150,3.5,D2,450,Sandia,dfdcb,-,<a href= '/diesel-spray-combustion/experimental-diagnostics/jet-penetration/' target='_blank'>JP</a>,<a href='/references/?table_filter=2019-00089' target='_blank'><sup>1</sup></a>,-,-,-,-,-,451,-,-,-,-,30,-,-,-,-,-,1.054,-,-,-,-,-,-,149,-,-,-,-,-,451,-,-,-,-,-,-,-,-,-,-,-,0.64,-,0.93,-,0.185,-,-,-,-,-,-,705,-,-,-,-,-,-,-,-,-,-,-,-,-,<a href='/cvdata/assets/datafiles/pen/dfdcbdh-pen.txt' target='_blank'>PenvsTime</a>,-,19.18,-,-,-,-,-,-,-,-
570,0,300,58.5,0.33-s,-,140,3.5,D2,300,Sandia,012593-a,-,<a href= '/diesel-spray-combustion/experimental-diagnostics/jet-penetration/' target='_blank'>JP</a>,<a href='/references/?table_filter=2019-00089' target='_blank'><sup>1</sup></a>,-,-,-,-,-,300,-,-,-,-,63.7,-,-,-,-,-,1.002,-,-,-,-,-,-,143,-,-,-,-,-,300,-,-,-,-,-,-,-,-,-,-,-,0.66,-,0.89,-,0.33,-,-,-,-,-,-,834,-,-,-,-,-,-,-,-,-,-,-,-,-,<a href='/cvdata/assets/datafiles/pen/012593-adh-pen.txt' target='_blank'>PenvsTime</a>,-,26.67,-,-,-,-,-,-,-,-
571,0,300,58.5,0.33-s,-,140,3.5,D2,450,Sandia,012593-b,-,<a href= '/diesel-spray-combustion/experimental-diagnostics/jet-penetration/' target='_blank'>JP</a>,<a href='/references/?table_filter=2019-00089' target='_blank'><sup>1</sup></a>,-,-,-,-,-,300,-,-,-,-,51.9,-,-,-,-,-,1,-,-,-,-,-,-,142,-,-,-,-,-,300,-,-,-,-,-,-,-,-,-,-,-,0.66,-,0.89,-,0.33,-,-,-,-,-,-,834,-,-,-,-,-,-,-,-,-,-,-,-,-,<a href='/cvdata/assets/datafiles/pen/012593-bdh-pen.txt' target='_blank'>PenvsTime</a>,-,25.69,-,-,-,-,-,-,-,-
572,0,300,30,0.33-s,-,140,3.5,D2,450,Sandia,012593-c,-,<a href= '/diesel-spray-combustion/experimental-diagnostics/jet-penetration/' target='_blank'>JP</a>,<a href='/references/?table_filter=2019-00089' target='_blank'><sup>1</sup></a>,-,-,-,-,-,300,-,-,-,-,39.6,-,-,-,-,-,1,-,-,-,-,-,-,142,-,-,-,-,-,300,-,-,-,-,-,-,-,-,-,-,-,0.66,-,0.89,-,0.33,-,-,-,-,-,-,834,-,-,-,-,-,-,-,-,-,-,-,-,-,<a href='/cvdata/assets/datafiles/pen/012593-cdh-pen.txt' target='_blank'>PenvsTime</a>,-,25.25,-,-,-,-,-,-,-,-
573,0,300,30,0.33-s,-,140,3.5,D2,450,Sandia,012593-d,-,<a href= '/diesel-spray-combustion/experimental-diagnostics/jet-penetration/' target='_blank'>JP</a>,<a href='/references/?table_filter=2019-00089' target='_blank'><sup>1</sup></a>,-,-,-,-,-,300,-,-,-,-,27.9,-,-,-,-,-,1,-,-,-,-,-,-,144,-,-,-,-,-,300,-,-,-,-,-,-,-,-,-,-,-,0.66,-,0.89,-,0.33,-,-,-,-,-,-,834,-,-,-,-,-,-,-,-,-,-,-,-,-,<a href='/cvdata/assets/datafiles/pen/012593-ddh-pen.txt' target='_blank'>PenvsTime</a>,-,23.94,-,-,-,-,-,-,-,-
574,0,300,14.8,0.33-s,-,150,3.5,D2,450,Sandia,012593-e,-,<a href= '/diesel-spray-combustion/experimental-diagnostics/jet-penetration/' target='_blank'>JP</a>,<a href='/references/?table_filter=2019-00089' target='_blank'><sup>1</sup></a>,-,-,-,-,-,300,-,-,-,-,16.3,-,-,-,-,-,0.999,-,-,-,-,-,-,145,-,-,-,-,-,300,-,-,-,-,-,-,-,-,-,-,-,0.66,-,0.89,-,0.33,-,-,-,-,-,-,834,-,-,-,-,-,-,-,-,-,-,-,-,-,<a href='/cvdata/assets/datafiles/pen/012593-edh-pen.txt' target='_blank'>PenvsTime</a>,-,22.4,-,-,-,-,-,-,-,-
575,0,300,3.6,0.33-s,-,140,3.5,D2,450,Sandia,012593-f,-,<a href= '/diesel-spray-combustion/experimental-diagnostics/jet-penetration/' target='_blank'>JP</a>,<a href='/references/?table_filter=2019-00089' target='_blank'><sup>1</sup></a>,-,-,-,-,-,300,-,-,-,-,4.16,-,-,-,-,-,1,-,-,-,-,-,-,143,-,-,-,-,-,300,-,-,-,-,-,-,-,-,-,-,-,0.66,-,0.89,-,0.33,-,-,-,-,-,-,834,-,-,-,-,-,-,-,-,-,-,-,-,-,<a href='/cvdata/assets/datafiles/pen/012593-fdh-pen.txt' target='_blank'>PenvsTime</a>,-,17.4,-,-,-,-,-,-,-,-
576,0,300,80,0.33-s,-,140,3.5,D2,450,Sandia,012593-g,-,<a href= '/diesel-spray-combustion/experimental-diagnostics/jet-penetration/' target='_blank'>JP</a>,<a href='/references/?table_filter=2019-00089' target='_blank'><sup>1</sup></a>,-,-,-,-,-,300,-,-,-,-,75.3,-,-,-,-,-,1.005,-,-,-,-,-,-,144,-,-,-,-,-,300,-,-,-,-,-,-,-,-,-,-,-,0.66,-,0.89,-,0.33,-,-,-,-,-,-,834,-,-,-,-,-,-,-,-,-,-,-,-,-,<a href='/cvdata/assets/datafiles/pen/012593-gdh-pen.txt' target='_blank'>PenvsTime</a>,-,29.58,-,-,-,-,-,-,-,-
577,0,300,80,0.33-s,-,140,3.5,D2,450,Sandia,012593-h,-,<a href= '/diesel-spray-combustion/experimental-diagnostics/jet-penetration/' target='_blank'>JP</a>,<a href='/references/?table_filter=2019-00089' target='_blank'><sup>1</sup></a>,-,-,-,-,-,300,-,-,-,-,86.5,-,-,-,-,-,1.007,-,-,-,-,-,-,139,-,-,-,-,-,300,-,-,-,-,-,-,-,-,-,-,-,0.66,-,0.89,-,0.33,-,-,-,-,-,-,834,-,-,-,-,-,-,-,-,-,-,-,-,-,<a href='/cvdata/assets/datafiles/pen/012593-hdh-pen.txt' target='_blank'>PenvsTime</a>,-,28.07,-,-,-,-,-,-,-,-
578,0,300,120,0.33-s,-,140,3.5,D2,450,Sandia,012593-i,-,<a href= '/diesel-spray-combustion/experimental-diagnostics/jet-penetration/' target='_blank'>JP</a>,<a href='/references/?table_filter=2019-00089' target='_blank'><sup>1</sup></a>,-,-,-,-,-,300,-,-,-,-,122,-,-,-,-,-,1.018,-,-,-,-,-,-,141,-,-,-,-,-,300,-,-,-,-,-,-,-,-,-,-,-,0.66,-,0.89,-,0.33,-,-,-,-,-,-,834,-,-,-,-,-,-,-,-,-,-,-,-,-,<a href='/cvdata/assets/datafiles/pen/012593-idh-pen.txt' target='_blank'>PenvsTime</a>,-,28.93,-,-,-,-,-,-,-,-
579,0,300,145,0.33-s,-,140,3.5,D2,450,Sandia,012593-j,-,<a href= '/diesel-spray-combustion/experimental-diagnostics/jet-penetration/' target='_blank'>JP</a>,<a href='/references/?table_filter=2019-00089' target='_blank'><sup>1</sup></a>,-,-,-,-,-,300,-,-,-,-,145,-,-,-,-,-,1.027,-,-,-,-,-,-,141,-,-,-,-,-,300,-,-,-,-,-,-,-,-,-,-,-,0.66,-,0.89,-,0.33,-,-,-,-,-,-,834,-,-,-,-,-,-,-,-,-,-,-,-,-,<a href='/cvdata/assets/datafiles/pen/012593-jdh-pen.txt' target='_blank'>PenvsTime</a>,-,32.13,-,-,-,-,-,-,-,-
580,0,300,195,0.33-s,-,140,3.5,D2,450,Sandia,012593-k,-,<a href= '/diesel-spray-combustion/experimental-diagnostics/jet-penetration/' target='_blank'>JP</a>,<a href='/references/?table_filter=2019-00089' target='_blank'><sup>1</sup></a>,-,-,-,-,-,300,-,-,-,-,194,-,-,-,-,-,1.055,-,-,-,-,-,-,134,-,-,-,-,-,300,-,-,-,-,-,-,-,-,-,-,-,0.66,-,0.89,-,0.33,-,-,-,-,-,-,834,-,-,-,-,-,-,-,-,-,-,-,-,-,<a href='/cvdata/assets/datafiles/pen/012593-kdh-pen.txt' target='_blank'>PenvsTime</a>,-,30.54,-,-,-,-,-,-,-,-
581,15,900,22.8,0.090ks-a,A210677,150,1.5,nC12,363,Sandia,JKLDAAL1,12-Dec-09,<a href= '/cvdata/assets/datafiles/readme/jkldaAL1-notes.txt' target='_blank'>readme</a>,<a href= '/references/?table_filter=2019-00001' target='_blank'><sup>1</sup></a> <a href= '/references/?table_filter=2019-00068' target='_blank'><sup>2</sup></a>,15,0.01,O2 = 15.00; N2 = 75.15; CO2 = 6.22; H2O = 3.62;,-,29.24,889.2; <a href= '/diesel-spray-combustion/sandia-cv/thermal-distribution/thermal-distribution-for-spray-a/' target='_blank'>Temp Distr</a>,3.5,&plusmn;1.7,889.3,827.3,23.06,0.05,&plusmn;0.03,23.07,24.78,5.92,1.015,-,0.2,-,-,-,<a href= '/diesel-spray-combustion/sandia-cv/combustion-vessel-geometry/' target='_blank'>Vesssel Geometry</a>,151.2;<a href= '/cvdata/assets/datafiles/fuelpress/jkldaAL1-fuelP.txt' target='_blank'>fuel pressure vs time</a>,4.6,&plusmn;1.0,373,-,&plusmn;30,<a href= '/references/?table_filter=2019-00083' target='_blank'>Meijer 2012</a>,-,-,<a href= '/sprayaroi/' target='_blank'>rate of injection</a>,-,-,1.54,0.02,&plusmn;0.006,3.46,-,-,0.89; <a href= '/diesel-spray-combustion/sandia-cv/injector-characterization/2007-to-present/' target='_blank'>SprayA nozzle coefficients</a>,&plusmn;0.01,-,-,0.084,&plusmn;0.001,injector SN 210677; <a href= '/diesel-spray-combustion/target-condition/spray-a-nozzle-geometry/' target='_blank'>SprayA</a>,-,-,-,0.02,-,10.6;<a href= '/cvdata/assets/datafiles/liq/jkldaAL1-liq.txt' target='_blank'>liquid vs time</a>,0.27,&plusmn;0.27,16.5;<a href= '/cvdata/assets/datafiles/lift/jkldaAL1-lift.txt' target='_blank'>liftoff vs time</a>,1.17,&plusmn;1.05,0.44,0.04,&plusmn;0.02,0.43,-,-,<a href= '/cvdata/assets/datafiles/press/jkldaAL1-press.txt' target='_blank'>PvsT</a>,<a href= '/cvdata/assets/datafiles/pen/jkldaAL1-pen.txt' target='_blank'>PenvsT</a>,-,-,-,-,-,-,-,-,<a href= '/data/high-speed-movies-at-spray-a/' target='_blank'>various movies</a>,-
582,0,900,22.8,0.090ks-a,A210677,150,1.5,nC12,363,Sandia,bkldaAL1,11-Dec-09,<a href= '/cvdata/assets/datafiles/readme/bkldaAL1-notes.txt' target='_blank'>notes</a>,<a href= '/references/?table_filter=2019-00001' target='_blank'><sup>1</sup></a> <a href= '/references/?table_filter=2019-00009' target='_blank'><sup>2</sup></a>,0,&plusmn;0.01,O2 = 0.00; N2 = 89.71; CO2 = 6.52; H2O = 3.77;,-,28.68,891.9; <a href= '/diesel-spray-combustion/sandia-cv/thermal-distribution/thermal-distribution-for-spray-a/' target='_blank'>Temp Distr</a>,10,&plusmn;0.5,-,829.5,23.01,0.12,&plusmn;0.01,-,24.74,6.05,1.016,-,0.2,-,-,-,<a href= '/diesel-spray-combustion/sandia-cv/combustion-vessel-geometry/' target='_blank'>Vesssel Geometry</a>,152.7;<a href= '/cvdata/assets/datafiles/fuelpress/bkldaAL1-fuelP.txt' target='_blank'>fuelPvsTime</a>,4.4,&plusmn;0.6,373,-,&plusmn;30,<a href= '/references/?table_filter=2019-00083' target='_blank'>Meijer 2012</a>,-,-,<a href= '/sprayaroi/' target='_blank'>rate of injection</a>,-,-,1.54,0.02,&plusmn;0.001,3.46,-,-,0.89; <a href= '/diesel-spray-combustion/sandia-cv/injector-characterization/2007-to-present/' target='_blank'>SprayA nozzle coefficients</a>,&plusmn;0.01,-,-,0.084,&plusmn;0.001,injector SN 210677; <a href= '/diesel-spray-combustion/target-condition/spray-a-nozzle-geometry/' target='_blank'>SprayA</a>,-,-,-,0.02,-,10.0;<a href= '/accessory-data-reguarding-liquid-penetration-and-extinction-at-spray-a-conditions/' target='_blank'>liquid data</a>,0.41,&plusmn;0.29,-,-,-,-,-,-,-,-,-,<a href= '/cvdata/assets/datafiles/press/bkldaAL1-press.txt' target='_blank'>PvsT</a>,<a href= '/cvdata/assets/datafiles/pen/bkldaAL1-pen.txt' target='_blank'>PenvsT</a>,-,-,-,-,-,-,-,-,<a href= '/data/bkldaal1movie/' target='_blank'>various movies</a> ,<a href= '/cvdata/assets/datafiles/add/bkldaAL1183L.mat'>Matlab liquid boundary Mie-scatter</a>; <a href= '/cvdata/assets/datafiles/add/bkldaAL1302DBI.mat'>Matlab liquid boundary DBI</a>; <a href= '/cvdata/assets/datafiles/add/BKLDAAL1094jb_mm.mat'>Matlab vapor boundary</a>
583,15,900,22.8,0.090ks-a,A210676,150,1.5,nC12,363,ifpen,JKLDAAL1,12-Jan-09,<a href= '/diesel-spray-combustion/experimental-diagnostics/lift-off-length/' target='_blank'>LO</a>; <a href= '/diesel-spray-combustion/experimental-diagnostics/pressure-based-ignition-delay/' target='_blank'>IDSA</a>; <a href= '/diesel-spray-combustion/experimental-diagnostics/jet-penetration/' target='_blank'>JP</a>,<a href= '/references/?table_filter=2019-00001' target='_blank'><sup>1</sup></a>,15,&plusmn;0.15,O2 = 15.00; N2 = 71.73; CO2 = 1.71; H2O = 11.56;,-,27.72,891.4,6,&plusmn;0.2,894.2,845.2,22.28,0,&plusmn;0.00,22.28,23.5,6.01,1.01,&plusmn;0.000003,1,&plusmn;0.05,-,-,<a href= '/cvdata/cvdata_ifp/vesselGeometry.pdf' target='_blank'>Vesssel Geometry</a>,157.4;<a href= '/cvdata/cvdata_ifp/assets/datafiles/fuelpress/fuelPressure_reacting.txt' target='_blank'>fuel pressure vs time</a>,4.3,&plusmn;1.6,-,-,-,363,3,&plusmn;3,-,-,-,1.64,0.02,&plusmn;0.003,3.9,0.7,&plusmn;0.02,-,-,-,-,-,-,injector SN 210676; <a href='/diesel-spray-combustion/target-condition/spray-a-nozzle-geometry/' target='_blank'>SprayA</a>,-,-,-,-,-,-,-,-,15.4,0.8,&plusmn;0.06,0.4,0.031,&plusmn;0.010,-,-,-,<a href= '/cvdata/cvdata_ifp/assets/datafiles/press/press_reacting.txt' target='_blank'>PvsT</a>,<a href= '/cvdata/cvdata_ifp/assets/datafiles/pen/vaporPen_reacting.txt' target='_blank'>PenvsT</a>,-,-,-,-,-,-,-,-,-,-
584,0,900,22.8,0.090ks-a,A210676,150,1.5,nC12,363,ifpen,BKLDAAL1,12-Jan-09,<a href= '/diesel-spray-combustion/experimental-diagnostics/liquid-penetration-length/' target='_blank'>LLSA</a>; <a href= '/diesel-spray-combustion/experimental-diagnostics/jet-penetration/' target='_blank'>JP</a>,<a href= '/references/?table_filter=2019-00001' target='_blank'><sup>1</sup></a>,0,&plusmn;0.15,O2 = 0.00; N2 = 87.01; CO2 = 1.68; H2O = 11.32;,-,25.89,887.9,5.1,&plusmn;1.0,-,841.9,22.28,0,&plusmn;0.00,22.28,23.5,6.12,1.01,&plusmn;0.000003,1,&plusmn;0.05,-,-,<a href= '/cvdata/cvdata_ifp/vesselGeometry.pdf' target='_blank'>Vesssel Geometry</a>,158.4;<a href= '/cvdata/cvdata_ifp/assets/datafiles/fuelpress/fuelPressure_nonreacting.txt' target='_blank'>fuel pressure vs time</a>,1,&plusmn;2.0,-,-,-,363,3,&plusmn;3,-,-,-,1.64,0.02,&plusmn;0.003,-,-,-,-,-,-,-,-,-,injector SN 210676; <a href='/diesel-spray-combustion/target-condition/spray-a-nozzle-geometry/' target='_blank'>SprayA</a>,-,-,-,-,-,11.0;<a href= '/cvdata/cvdata_ifp/assets/datafiles/liq/LiquidPen_nonreacting.txt' target='_blank'>liquid vs time</a>,0.7,&plusmn;0.12,-,-,-,-,-,-,-,-,-,<a href= '/cvdata/cvdata_ifp/assets/datafiles/press/press_nonreacting.txt' target='_blank'>PvsT</a>,<a href= '/cvdata/cvdata_ifp/assets/datafiles/pen/vaporPen_nonreacting.txt' target='_blank'>PenvsT</a>,-,-,-,-,-,-,-,-,-,-
585,15,900,22.8,0.090ks-a,A210675,150,1.5,nC12,363,cmt,JKLDAAL1,2011,<a href='/cvdata/cmt/ReadMeCMT.pdf' target='_blank'>readme</a>,<a href='/references/?table_filter=2019-00095' target='_blank'><sup>1</sup></a>,15,-,O2 = 15.00; N2 = 85.00,-,28.6,896,3.5,&plusmn;2.0,897,-,22.8,0.1, &plusmn;0.2,22.8,22.8,6,-,-,0.2,&plusmn;0.1,0.3,0.2,-,150,1.2,&plusmn;0.3,386,3,-,-,-,-,<a href='https://www.cmt.upv.es/#/ecn/download/InjectionRateGenerator/InjectionRateGenerator' target='_blank'>rate of injection</a>,-,-,1.54,0.01,&plusmn;0.05,3.72,0.05,-,0.9,0.01,0.98,-,0.894,&plusmn;0.001,injector SN 210675; <a href= '/diesel-spray-combustion/target-condition/spray-a-nozzle-geometry/' target='_blank'>SprayA</a> <a href='https://www.cmt.upv.es/#/ecn/Boundaryconditions/internalGeometry/igSprayA' target='_blank'>geom</a>; 210675; <a ,-,-,-,-,density@tipTemp = 684 kg/m^3,10.8; <a href='https://www.cmt.upv.es/#/ecn/download/SprayADd/SprayADd' target='_blank'>liquid length</a>,0.1,&plusmn;0.1,16.7; <a href='https://www.cmt.upv.es/#/ecn/sprayresults/sprayA/liftofflen' target='_blank'>lift off</a>,0.8,&plusmn;0.4,-,-,-,-,-,-,-,-,-,-,-,-,-,-,-,-,-,<a href='/cvdata/cmt/ReadMeCMT.pdf' target='_blank'>add. files</a>
586,0,900,22.8,0.090ks-a,A210675,150,1.5,nC12,363,cmt,BKLDAAL1,2011,<a href='/cvdata/cmt/ReadMeCMT.pdf' target='_blank'>readme</a>,<a href='/references/?table_filter=2019-00095' target='_blank'><sup>1</sup></a>,0,-,O2 = 0.00; N2 = 100.00,-,28.01,896,3.5,&plusmn;2.0,897,-,22.8,0.1, &plusmn;0.2,22.8,22.8,6,-,-,0.2,&plusmn;0.1,0.3,0.2,-,150,1.2,&plusmn;0.3,386,3,-,-,-,-,<a href='https://www.cmt.upv.es/#/ecn/download/InjectionRateGenerator/InjectionRateGenerator' target='_blank'>rate of injection</a>,-,-,1.54,0.01,&plusmn;0.05,3.72,0.05,-,0.9,0.01,0.98,-,0.894,&plusmn;0.001,injector SN 210675; <a href= '/diesel-spray-combustion/target-condition/spray-a-nozzle-geometry/' target='_blank'>SprayA</a> <a href='https://www.cmt.upv.es/#/ecn/Boundaryconditions/internalGeometry/igSprayA' target='_blank'>geom</a>; 210675; <a,-,-,-,-,density@tipTemp = 684 kg/m^3,10.6; <a href='https://www.cmt.upv.es/#/ecn/download/SprayADd/SprayADd' target='_blank'>liquid length</a>,0.1,&plusmn;0.1,-,-,-,-,-,-,-,-,-,-,-,-,-,-,-,-,-,-,-,-,<a href='/cvdata/cmt/ReadMeCMT.pdf' target='_blank'>add. files</a>
587,15,900,22.8,0.090ks-a,A210678,150,1.5,nC12,363,cat,JKLDAAL1,2010,<a href= '/diesel-spray-combustion/experimental-diagnostics/liquid-penetration-length/' target='_blank'>LLSA</a>; <a href= '/diesel-spray-combustion/experimental-diagnostics/lift-off-length/' target='_blank'>LO</a>; <a href= '/diesel-spray-combustion/experimental-diagnostics/jet-penetration/' target='_blank'>JP</a>; <a href= '/diesel-spray-combustion/experimental-diagnostics/high-speed-movies-flow-visualization/' target='_blank'>MO</a>,<a href='/references/?table_filter=2019-00012' target='_blank'><sup>1</sup></a>,15,&plusmn;0.1,O2 = 15.00; N2 = 85.00,&plusmn;.1% O2; &plusmn;.1% N2,28.61,911,5,&plusmn;4.1,-,-,22.2,0.1,&plusmn;0.08,-,-,5.99,1.02,-,0.12,&plusmn;0.1,-,-,<a href= '/cvdata/cvdata_caterpillar/assets/images/VesselGeometry.gif' target='_blank'>Vessel Geometry</a>,150,1.6,&plusmn;1.3,-,-,-,376,-,&plusmn;5,-,-,-,-,-,-,-,-,-,-,-,-,-,<a href= '/cvdata/cvdata_caterpillar/assets/images/orifdiam.png' target='_blank'>diam vs axial pos</a>,-,injector SN 210678; <a href= '/cvdata/cvdata_caterpillar/assets/images/xray210678.png' target='_blank'>xray</a>; <a href='/diesel-spray-combustion/target-condition/spray-a-nozzle-geometry/' target='_blank'>SprayA</a>,-,-,-,-,-,8.67;<a href= '/cvdata/cvdata_caterpillar/assets/datafiles/liq/Injector 2.txt' target='_blank'>liquid vs time</a>,0.3,&plusmn;0.24,16.1,0.74,&plusmn;0.3,-,-,-,-,-,-,-,<a href= '/cvdata/cvdata_caterpillar/assets/datafiles/pen/Injector 2 penetration.txt' target='_blank'>PenvsT</a>,-,-,-,-,-,-,-,-,<a href= '/cvdata/cvdata_caterpillar/assets/movies/Injector 2.m1v' target='_blank'>schlieren</a>,-
588,0,900,22.8,0.090ks-a,A210677,150,1.5,nC12,363,cat,BKLDAAL1,2010,<a href= '/diesel-spray-combustion/experimental-diagnostics/liquid-penetration-length/' target='_blank'>LLSA</a>; <a href= '/diesel-spray-combustion/experimental-diagnostics/lift-off-length/' target='_blank'>LO</a>; <a href= '/diesel-spray-combustion/experimental-diagnostics/jet-penetration/' target='_blank'>JP</a>; <a href= '/diesel-spray-combustion/experimental-diagnostics/high-speed-movies-flow-visualization/' target='_blank'>MO</a><a href= '/diesel-spray-combustion/experimental-diagnostics/liquid-penetration-length/' target='_blank'>LLSA</a>; <a href= '/diesel-spray-combustion/experimental-diagnostics/lift-off-length/' target='_blank'>LO</a>; <a href= '/diesel-spray-combustion/experimental-diagnostics/jet-penetration/' target='_blank'>JP</a>; <a href= '/diesel-spray-combustion/experimental-diagnostics/high-speed-movies-flow-visualization/' target='_blank'>MO</a>,<a href='/references/?table_filter=2019-00012' target='_blank'><sup>1</sup></a>,0,&plusmn;0.1,O2 = 0.00; N2 = 100.00,&plusmn;.1% N2,28.01,913,3,&plusmn;2.4,-,-,22.1,0.1,&plusmn;0.08,-,-,6.104,1.021,-,0.12,&plusmn;0.1,-,-,<a href= '/cvdata/cvdata_caterpillar/assets/images/VesselGeometry.gif' target='_blank'>Vessel Geometry</a>,149.8,1,&plusmn;0.8,-,-,-,376,-,&plusmn;5,-,-,-,-,-,-,-,-,-,-,-,-,-,<a href= '/cvdata/cvdata_caterpillar/assets/images/orifdiam.png' target='_blank'>diam vs axial pos</a>,-,injector SN 210677; <a href= '/cvdata/cvdata_caterpillar/assets/images/xray210677.png' target='_blank'>xray</a>; <a href='/diesel-spray-combustion/target-condition/spray-a-nozzle-geometry/' target='_blank'>SprayA</a>,-,-,-,-,-,8,0.4,&plusmn;0.33,-,-,-,-,-,-,-,-,-,-,<a href= '/cvdata/cvdata_caterpillar/assets/datafiles/pen/Injector 3 penetration (non-reacting).txt' target='_blank'>PenvsT</a>,-,-,-,-,-,-,-,-,<a href= '/cvdata/cvdata_caterpillar/assets/movies/Injector 3 (non-reacting).m1v' target='_blank'>schlieren</a>,-
589,15,900,22.8,0.090ks-a,A210677,150,1.5,nC12,363,cat,JKLDAAL1,2010,<a href= '/diesel-spray-combustion/experimental-diagnostics/liquid-penetration-length/' target='_blank'>LLSA</a>; <a href= '/diesel-spray-combustion/experimental-diagnostics/lift-off-length/' target='_blank'>LO</a>; <a href= '/diesel-spray-combustion/experimental-diagnostics/jet-penetration/' target='_blank'>JP</a>; <a href= '/diesel-spray-combustion/experimental-diagnostics/high-speed-movies-flow-visualization/' target='_blank'>MO</a>,<a href='/references/?table_filter=2019-00012' target='_blank'><sup>1</sup></a>,15,&plusmn;0.1,O2 = 15.00; N2 = 85.00,&plusmn;.1% O2; &plusmn;.1% N2,28.61,906,2,&plusmn;1.6,-,-,22.3,0.1,&plusmn;0.08,-,-,5.993,1.02,-,0.12,&plusmn;0.1,-,-,<a href= '/cvdata/cvdata_caterpillar/assets/images/VesselGeometry.gif' target='_blank'>Vessel Geometry</a>,150,1.2,&plusmn;1.0,-,-,-,376,-,&plusmn;5,-,-,-,-,-,-,-,-,-,-,-,-,-,<a href= '/cvdata/cvdata_caterpillar/assets/images/orifdiam.png' target='_blank'>diam vs axial pos</a>,-,injector SN 210677; <a href= '/cvdata/cvdata_caterpillar/assets/images/xray210677.png' target='_blank'>xray</a>; <a href='/diesel-spray-combustion/target-condition/spray-a-nozzle-geometry/' target='_blank'>SprayA</a>,-,-,-,-,-,7.98; <a href= '/cvdata/cvdata_caterpillar/assets/datafiles/liq/Injector 3 (reacting).txt' target='_blank'>liquid vs time</a>,0.17,&plusmn;0.1,15.35,0.88,&plusmn;0.51,-,-,-,-,-,-,-,<a href= '/cvdata/cvdata_caterpillar/assets/datafiles/pen/Injector 3 penetration (reacting).txt' target='_blank'>PenvsT</a>,-,-,-,-,-,-,-,-,<a href= '/cvdata/cvdata_caterpillar/assets/movies/Injector 3 (reacting).m1v' target='_blank'>schlieren</a>,-
590,15,900,22.8,0.090ks-a,A210677,150,>4,nC12,363,Sandia,JKLDAAL4,4-Feb-11,<a href= '/cvdata/assets/datafiles/readme/jkldaAL4-notes.txt' target='_blank'>readme</a>,<a href= '/references/?table_filter=2019-00001' target='_blank'><sup>1</sup></a> <a href= '/references/?table_filter=2019-00068' target='_blank'><sup>2</sup></a>,15,0.01,O2 = 15.00; N2 = 75.15; CO2 = 6.22; H2O = 3.62;,-,29.24,902; <a href= '/diesel-spray-combustion/sandia-cv/thermal-distribution/thermal-distribution-for-spray-a/' target='_blank'>Temp Distr</a>,10.1,&plusmn;3.4,903.3,837.6,22.81,0.23,&plusmn;0.08,22.91,24.56,5.94,1.015,-,0.2,-,-,-,<a href= '/diesel-spray-combustion/sandia-cv/combustion-vessel-geometry/' target='_blank'>Vesssel Geometry</a>,152.8;<a href= '/cvdata/assets/datafiles/fuelpress/jkldaAL4-fuelP.txt' target='_blank'>fuel pressure vs time</a>,3,&plusmn;1.4,373,-,&plusmn;30,<a href= '/references/?table_filter=2019-00083' target='_blank'>Meijer 2012</a>,-,-,<a href= '/cvdata/assets/datafiles/roi/jkldaAL4-roi.txt' target='_blank'>rate of injection</a>,-,-,6.1,0.01,&plusmn;0.001,14,-,-,0.89; <a href= '/diesel-spray-combustion/sandia-cv/injector-characterization/2007-to-present/' target='_blank'>SprayA nozzle coefficients</a>,&plusmn;0.01,-,-,0.084,&plusmn;0.001,injector SN 210677; <a href= '/diesel-spray-combustion/target-condition/spray-a-nozzle-geometry/' target='_blank'>SprayA</a>,-,-,-,0.02,-,-,-,-,16.7;<a href= '/cvdata/assets/datafiles/lift/jklda_043.png' target='_blank'>steady OH chemiluminescence</a>; <a href= '/cvdata/assets/datafiles/lift/jkldaAL4-lift.txt' target='_blank'>liftoff vs time</a>,-,-,0.41,0.01,0.01,0.39,-,-,<a href= '/cvdata/assets/datafiles/press/jkldaAL4-press.txt' target='_blank'>PvsT</a>,<a href= '/cvdata/assets/datafiles/pen/jkldaAL4-pen.txt' target='_blank'>PenvsT</a>,-,-,-,-,-,-,-,-,<a href= '/data/jkldaal4movie/' target='_blank'>various movies</a> ,-
591,0,300,22.8,0.090ks-a,A210675,150,1.5,nC12,363,argonne,-,6-Mar-12,<a href= '/cvdata/argonne/assets/datafiles/readme/210675_Needle_Lift_Notes.txt ' target='_blank'>readme</a>,<a href= '/references/?table_filter=2019-00059' target='_blank'>for mixing<sup>1</sup></a> <a href='https://anl.app.box.com/v/XRaySpray/folder/34796951771' target='_blank'><sup> 2</sup></a>,0,-,N2 = 100%,-,28.02,303,-,2,-,-,22.3,-,0.2,-,-,2,0.996,0.002,-,-,-,-,-,155; <a href= '/cvdata/argonne/assets/datafiles/fuelpress/210675_Injection_Press_for_Needle_Lift.csv' target='_blank'>fuel pressure vs time</a>,-,5,343,-,15,343,-,15,-,-,-,-,-,-,-,-,-,-,-,-,-,-,-,SN 210675; <a href= '/diesel-spray-combustion/target-condition/spray-a-nozzle-geometry/' target='_blank'>Geometry</a>,-,<a href= '/cvdata/argonne/assets/datafiles/needlelift/210675_Needle_Lift_Wobble_1500bar.dat' target='_blank'>needle movement vs time</a>,0.002,-,-,-,-,-,-,-,-,-,-,-,-,-,-,-,-,-,-,<a href= '/rad675/' target='_blank'>liquid volume fraction; mass integrals</a>,-,-,<a href= '/rad675/' target='_blank'>liquid volume fraction; mass integrals</a>,-,-,<a href= '/cvdata/assets/movies/Motion_210675_0deg.avi' target='_blank'>Needle motion (0deg)</a>,-
592,0,300,22.8,0.090ks-a,A210677,150,1.5,nC12,363,argonne,-,5-Jul-11,<a href= '/cvdata/argonne/assets/datafiles/readme/210677_Needle_Lift_Notes.txt ' target='_blank'>readme</a>,<a href='https://anl.app.box.com/v/XRaySpray/folder/34796951771' target='_blank'><sup> 1</sup></a>,0,-,N2 = 100%,-,28.02,304,-,3,-,-,22,-,0.2,-,-,1.99,0.996,0.002,-,-,-,-,-,152; <a href= '/cvdata/argonne/assets/datafiles/fuelpress/210677_Injection_Press_for_Needle_Lift.csv' target='_blank'>fuel pressure vs time</a>,-,5,338,-,15,338,-,15,-,-,-,-,-,-,-,-,-,-,-,-,-,-,-,SN 210677; <a href= '/diesel-spray-combustion/target-condition/spray-a-nozzle-geometry/' target='_blank'>Geometry</a>,-,<a href= '/cvdata/argonne/assets/datafiles/needlelift/210677_Needle_Lift.csv' target='_blank'>needle movement vs time</a>,0.002,-,-,-,-,-,-,-,-,-,-,-,-,-,-,-,-,-,-,-,-,-,-,-,-,<a href= '/cvdata/assets/movies/Motion_210677_90deg.avi' target='_blank'>Needle motion (90deg)</a>; <a href= '/cvdata/assets/movies/Motion_210677_0deg_2.avi' target='_blank'>Needle motion (0deg)</a>,-
593,0,300,22.8,0.090ks-a,A210678,150,1.5,nC12,363,argonne,-,5-Jul-11,<a href= '/cvdata/argonne/assets/datafiles/readme/210678_Needle_Lift_Notes.txt ' target='_blank'>readme</a>,<a href='https://anl.app.box.com/v/XRaySpray/folder/34796951771' target='_blank'><sup> 1</sup></a>,0,-,N2 = 100%,-,28.02,304,-,3,-,-,22.1,-,0.2,-,-,2,0.996,0.002,-,-,-,-,-,152; <a href= '/cvdata/argonne/assets/datafiles/fuelpress/210678_Injection_Press_for_Needle_Lift.csv' target='_blank'>fuel pressure vs time</a>,-,5,338,-,15,338,-,15,-,-,-,-,-,-,-,-,-,-,-,-,-,-,-,SN 210678; <a href= '/diesel-spray-combustion/target-condition/spray-a-nozzle-geometry/' target='_blank'>Geometry</a>,-,<a href= '/cvdata/argonne/assets/datafiles/needlelift/210678_Needle_Lift.csv' target='_blank'>needle movement vs time</a>,0.002,-,-,-,-,-,-,-,-,-,-,-,-,-,-,-,-,-,-,-,-,-,-,-,-,<a href= '/cvdata/assets/movies/Motion_210678_90deg.avi' target='_blank'>Needle motion (90deg)</a>; <a href= '/cvdata/assets/movies/Motion_210678_0deg.avi' target='_blank'>Needle motion (0deg)</a>,-
594,0,300,22.8,0.090ks-a,A210679,150,1.5,nC12,363,argonne,-,7-Mar-11,<a href= '/cvdata/argonne/assets/datafiles/readme/210679_Needle_Lift_Notes.txt ' target='_blank'>readme</a>,<a href='https://anl.app.box.com/v/XRaySpray/folder/34796951771' target='_blank'><sup> 1</sup></a>,0,-,N2 = 100%,-,28.02,305,-,2,-,-,22.2,-,0.2,-,-,2.01,0.996,0.002,-,-,-,-,-,158; <a href= '/cvdata/argonne/assets/datafiles/fuelpress/210679_Injection_Press_for_Needle_Lift.csv' target='_blank'>fuel pressure vs time</a>,-,5,338,-,15,338,-,15,-,-,-,-,-,-,-,-,-,-,-,-,-,-,-,SN 210679; <a href= '/diesel-spray-combustion/target-condition/spray-a-nozzle-geometry/' target='_blank'>Geometry</a>,-,<a href= '/cvdata/argonne/assets/datafiles/needlelift/210678_Needle_Lift.csv' target='_blank'>needle movement vs time</a>,0.002,-,-,-,-,-,-,-,-,-,-,-,-,-,-,-,-,-,-,-,-,-,-,-,-,<a href= '/cvdata/assets/movies/Motion_210679_0deg.avi' target='_blank'>Needle motion (0deg)</a>,-
595,0,300,22.8,0.090ks-s,B211200,150,1.5,nC12,363,argonne,-,5-Jul-11,<a href= '/cvdata/argonne/assets/datafiles/readme/211200_Needle_Lift_Notes.txt ' target='_blank'>readme</a>,<a href='https://anl.app.box.com/v/XRaySpray/folder/34796946034' target='_blank'><sup> 1</sup></a>,0,-,N2 = 100%,-,28.02,304,-,3,-,-,22.2,-,0.2,-,-,2.01,0.996,0.002,-,-,-,-,-,<a href= '/cvdata/argonne/assets/datafiles/fuelpress/211200_Injection_Press_for_Needle_Lift.csv' target='_blank'>fuel pressure vs time</a>,-,5,338,-,15,338,-,15,-,-,-,-,-,-,-,-,-,-,-,-,-,-,-,SN 211200; <a href= '/diesel-spray-combustion/target-condition/spray-b-nozzle-geometry/' target='_blank'>Geometry</a>,-,<a href= '/cvdata/argonne/assets/datafiles/needlelift/211200_Needle_Lift.csv' target='_blank'>needle movement vs time</a>,0.002,-,-,-,-,-,-,-,-,-,-,-,-,-,-,-,-,-,-,-,-,-,-,-,-,-,-
596,0,300,22.8,0.090ks-s,B211201,150,1.5,nC12,363,argonne,-,7-Mar-11,<a href= '/cvdata/argonne/assets/datafiles/readme/211201_Needle_Lift_Notes.txt ' target='_blank'>readme</a>,<a href= 'https://anl.app.box.com/v/XRaySpray/folder/34796946034' target='_blank'>1</a>,0,-,N2 = 100%,-,28.02,306,-,2,-,-,22.2,-,0.2,-,-,2.01,0.996,0.002,-,-,-,-,-,155; <a href= '/cvdata/argonne/assets/datafiles/fuelpress/211201_Injection_Press_for_Needle_Lift.csv' target='_blank'>fuel pressure vs time</a>,-,5,338,-,15,338,-,15,-,-,-,-,-,-,-,-,-,-,-,-,-,-,-,SN 211201; <a href= '/diesel-spray-combustion/target-condition/spray-b-nozzle-geometry/' target='_blank'>Geometry</a>,-,<a href= '/cvdata/argonne/assets/datafiles/needlelift/211201_Needle_Lift_Wobble_1500bar.dat' target='_blank'>needle movement vs time</a>,0.002,-,-,-,-,-,-,-,-,-,-,-,-,-,-,-,-,-,-,-,-,-,-,-,-,<a href= '/cvdata/assets/movies/Motion_211201_0deg.avi' target='_blank'>Needle motion (0deg)</a>,-
597,15,750,22.8,0.090ks-a,A210677,150,>4,nC12,363,Sandia,JNLDAAL4,8-Feb-11,<a href= '/cvdata/assets/datafiles/readme/jnldaAL4-notes.txt' target='_blank'>readme</a>,<a href= '/references/?table_filter=2019-00001' target='_blank'><sup>1</sup></a> <a href= '/references/?table_filter=2019-00068' target='_blank'><sup>2</sup></a>,15,0.01,O2 = 15.00; N2 = 75.15; CO2 = 6.22; H2O = 3.62;,-,29.24,752.2; <a href= '/diesel-spray-combustion/sandia-cv/thermal-distribution/thermal-distribution-for-spray-a/' target='_blank'>Temp Distr</a>,1.7,&plusmn;0.6,753.7,717.1,22.76,0.06,&plusmn;0.02,22.9,23.88,4.93,1.013,-,0.2,-,-,-,<a href= '/diesel-spray-combustion/sandia-cv/combustion-vessel-geometry/' target='_blank'>Vesssel Geometry</a>,154.0;<a href= '/cvdata/assets/datafiles/fuelpress/jnldaAL4-fuelP.txt' target='_blank'>fuel pressure vs time</a>,2.8,&plusmn;1.3,373,-,&plusmn;30,<a href= '/references/?table_filter=2019-00083' target='_blank'>Meijer 2012</a>,-,-,<a href= '/cvdata/assets/datafiles/roi/jnldaAL4-roi.txt' target='_blank'>rate of injection</a>,-,-,6.1,0.01,&plusmn;0.001,14,-,-,0.089; <a href= '/diesel-spray-combustion/sandia-cv/injector-characterization/2007-to-present/' target='_blank'>SprayA nozzle coefficients</a>,&plusmn;0.01,-,-,0.084,0.001,injector SN 210677; <a href= '/diesel-spray-combustion/target-condition/spray-a-nozzle-geometry/' target='_blank'>SprayA</a>,-,-,-,0.02,-,-,-,-,40.8;<a href= '/cvdata/assets/datafiles/lift/jnlda_001.png' target='_blank'>steady OH chemiluminescence</a>; <a href= '/cvdata/assets/datafiles/lift/jnldaAL4-lift.txt' target='_blank'>liftoff vs time</a>,-,-,1.75,0.14,0.12,1.79,-,-,<a href= '/cvdata/assets/datafiles/press/jnldaAL4-press.txt' target='_blank'>PvsT</a>,<a href= '/cvdata/assets/datafiles/pen/jnldaAL4-pen.txt' target='_blank'>PenvsT</a>,-,-,-,-,-,-,-,-,<a href= '/cvdata/assets/movies/jnldaAL4006chemi.m1v' target='_blank'>Luminosity</a>; <a href= '/cvdata/assets/movies/jnldaAL4006schlieren.m1v' target='_blank'>schlieren</a>,-
598,15,800,22.8,0.090ks-a,A210677,150,>4,nC12,363,Sandia,JMLDAAL4,8-Feb-11,<a href= '/cvdata/assets/datafiles/readme/jmldaAL4-notes.txt' target='_blank'>readme</a>,<a href= '/references/?table_filter=2019-00001' target='_blank'><sup>1</sup></a> <a href= '/references/?table_filter=2019-00068' target='_blank'><sup>2</sup></a>,15,0.01,O2 = 15.00; N2 = 75.15; CO2 = 6.22; H2O = 3.62;,-,29.24,800.8; <a href= '/diesel-spray-combustion/sandia-cv/thermal-distribution/thermal-distribution-for-spray-a/' target='_blank'>Temp Distr</a>,8.5,&plusmn;4.3,802.3,756.2,22.76,0.07,&plusmn;0.03,22.89,24.1,5.25,1.014,-,0.2,-,-,-,<a href= '/diesel-spray-combustion/sandia-cv/combustion-vessel-geometry/' target='_blank'>Vesssel Geometry</a>,154.8;<a href= '/cvdata/assets/datafiles/fuelpress/jmldaAL4-fuelP.txt' target='_blank'>fuel pressure vs time</a>,3.3,&plusmn;2.1,373,-,&plusmn;30,<a href= '/references/?table_filter=2019-00083' target='_blank'>Meijer 2012</a>,-,-,<a href= '/cvdata/assets/datafiles/roi/jmldaAL4-roi.txt' target='_blank'>rate of injection</a>,-,-,6.1,0.01,&plusmn;0.001,14,-,-,0.089; <a href= '/diesel-spray-combustion/sandia-cv/injector-characterization/2007-to-present/' target='_blank'>SprayA nozzle coefficients</a>,&plusmn;0.01,-,-,0.084,0.001,injector SN 210677; <a href= '/diesel-spray-combustion/target-condition/spray-a-nozzle-geometry/' target='_blank'>SprayA</a>,-,-,-,0.02,-,-,-,-,26.2;<a href= '/cvdata/assets/datafiles/lift/jmlda_007.png' target='_blank'>steady OH chemiluminescence</a>; <a href= '/cvdata/assets/datafiles/lift/jmldaAL4-lift.txt' target='_blank'>liftoff vs time</a>,-,-,0.85,0.11,0.11,0.92,-,-,<a href= '/cvdata/assets/datafiles/press/jmldaAL4-press.txt' target='_blank'>PvsT</a>,<a href= '/cvdata/assets/datafiles/pen/jmldaAL4-pen.txt' target='_blank'>PenvsT</a>,-,-,-,-,-,-,-,-,<a href= '/cvdata/assets/movies/jmldaAL4010chemi.m1v' target='_blank'>Luminosity</a>; <a href= '/cvdata/assets/movies/jmldaAL4010schlieren.m1v' target='_blank'>schlieren</a>,-
599,15,850,22.8,0.090ks-a,A210677,150,>4,nC12,363,Sandia,JLLDAAL4,8-Feb-11,<a href= '/cvdata/assets/datafiles/readme/jlldaAL4-notes.txt' target='_blank'>readme</a>,<a href= '/references/?table_filter=2019-00001' target='_blank'><sup>1</sup></a> <a href= '/references/?table_filter=2019-00068' target='_blank'><sup>2</sup></a>,15,0.01,O2 = 15.00; N2 = 75.15; CO2 = 6.22; H2O = 3.62;,-,29.24,854.4; <a href= '/diesel-spray-combustion/sandia-cv/thermal-distribution/thermal-distribution-for-spray-a/' target='_blank'>Temp Distr</a>,1.8,&plusmn;0.7,855.8,799.3,22.76,0.02,&plusmn;0.01,22.87,24.33,5.61,1.015,-,0.2,-,-,-,<a href= '/diesel-spray-combustion/sandia-cv/combustion-vessel-geometry/' target='_blank'>Vesssel Geometry</a>,154.8;<a href= '/cvdata/assets/datafiles/fuelpress/jlldaAL4-fuelP.txt' target='_blank'>fuel pressure vs time</a>,1.4,&plusmn;0.9,373,-,&plusmn;30,<a href= '/references/?table_filter=2019-00083' target='_blank'>Meijer 2012</a>,-,-,<a href= '/cvdata/assets/datafiles/roi/jlldaAL4-roi.txt' target='_blank'>rate of injection</a>,-,-,6.1,0.01,&plusmn;0.001,14,-,-,0.089; <a href= '/diesel-spray-combustion/sandia-cv/injector-characterization/2007-to-present/' target='_blank'>SprayA nozzle coefficients</a>,&plusmn;0.01,-,-,0.084,0.001,injector SN 210677; <a href= '/diesel-spray-combustion/target-condition/spray-a-nozzle-geometry/' target='_blank'>SprayA</a>,-,-,-,0.02,-,-,-,-,21.0;<a href= '/cvdata/assets/datafiles/lift/jllda_001.png' target='_blank'>steady OH chemiluminescence</a>; <a href= '/cvdata/assets/datafiles/lift/jlldaAL4-lift.txt' target='_blank'>liftoff vs time</a>,-,-,0.5,0.05,0.04,0.55,-,-,<a href= '/cvdata/assets/datafiles/press/jlldaAL4-press.txt' target='_blank'>PvsT</a>,<a href= '/cvdata/assets/datafiles/pen/jlldaAL4-pen.txt' target='_blank'>PenvsT</a>,-,-,-,-,-,-,-,-,<a href= '/cvdata/assets/movies/jlldaAL4005chemi.m1v' target='_blank'>Luminosity</a>; <a href= '/cvdata/assets/movies/jlldaAL4005schlieren.m1v' target='_blank'>schlieren</a>,-
600,15,1000,22.8,0.090ks-a,A210677,150,>4,nC12,363,Sandia,JILDAAL4,8-Feb-11,<a href= '/cvdata/assets/datafiles/readme/jildaAL4-notes.txt' target='_blank'>readme</a>,<a href= '/references/?table_filter=2019-00001' target='_blank'><sup>1</sup></a> <a href= '/references/?table_filter=2019-00068' target='_blank'><sup>2</sup></a>,15,0.01,O2 = 15.00; N2 = 75.15; CO2 = 6.22; H2O = 3.62;,-,29.24,1009.4; <a href= '/diesel-spray-combustion/sandia-cv/thermal-distribution/thermal-distribution-for-spray-a/' target='_blank'>Temp Distr</a>,3.3,&plusmn;1.3,1010.7,924.1,22.71,0.06,&plusmn;0.02,22.8,24.81,6.62,1.016,-,0.2,-,-,-,<a href= '/diesel-spray-combustion/sandia-cv/combustion-vessel-geometry/' target='_blank'>Vesssel Geometry</a>,153.5;<a href= '/cvdata/assets/datafiles/fuelpress/jildaAL4-fuelP.txt' target='_blank'>fuel pressure vs time</a>,1.4,&plusmn;1.0,373,-,&plusmn;30,<a href= '/references/?table_filter=2019-00083' target='_blank'>Meijer 2012</a>,-,-,<a href= '/cvdata/assets/datafiles/roi/jildaAL4-roi.txt' target='_blank'>rate of injection</a>,-,-,6.1,0.01,&plusmn;0.001,14,-,-,0.089; <a href= '/diesel-spray-combustion/sandia-cv/injector-characterization/2007-to-present/' target='_blank'>SprayA nozzle coefficients</a>,&plusmn;0.01,-,-,0.084,0.001,injector SN 210677; <a href= '/diesel-spray-combustion/target-condition/spray-a-nozzle-geometry/' target='_blank'>SprayA</a>,-,-,-,0.02,-,-,-,-,12.2;<a href= '/cvdata/assets/datafiles/lift/jilda_001.png' target='_blank'>steady OH chemiluminescence</a>; <a href= '/cvdata/assets/datafiles/lift/jildaAL4-lift.txt' target='_blank'>liftoff vs time</a>,-,-,0.24,0.02,0.02,0.25,-,-,<a href= '/cvdata/assets/datafiles/press/jildaAL4-press.txt' target='_blank'>PvsT</a>,<a href= '/cvdata/assets/datafiles/pen/jildaAL4-pen.txt' target='_blank'>PenvsT</a>,-,-,-,-,-,-,-,-,<a href= '/cvdata/assets/movies/jildaAL4005chemi.m1v' target='_blank'>Luminosity</a>; <a href= '/cvdata/assets/movies/jildaAL4005schlieren.m1v' target='_blank'>schlieren</a>,-
601,15,1100,22.8,0.090ks-a,A210677,150,>4,nC12,363,Sandia,JGLDAAL4,8-Feb-11,<a href= '/cvdata/assets/datafiles/readme/jgldaAL4-notes.txt' target='_blank'>readme</a>,<a href= '/references/?table_filter=2019-00001' target='_blank'><sup>1</sup></a> <a href= '/references/?table_filter=2019-00068' target='_blank'><sup>2</sup></a>,15,0.01,O2 = 15.00; N2 = 75.15; CO2 = 6.22; H2O = 3.62;,-,29.24,1112.3; <a href= '/diesel-spray-combustion/sandia-cv/thermal-distribution/thermal-distribution-for-spray-a/' target='_blank'>Temp Distr</a>,9.3,&plusmn;4.7,1113.5,1006.9,22.7,0.1,&plusmn;0.05,22.77,25.07,7.3,1.017,-,0.2,-,-,-,<a href= '/diesel-spray-combustion/sandia-cv/combustion-vessel-geometry/' target='_blank'>Vesssel Geometry</a>,152.6;<a href= '/cvdata/assets/datafiles/fuelpress/jgldaAL4-fuelP.txt' target='_blank'>fuel pressure vs time</a>,1.4,&plusmn;1.1,373,-,&plusmn;30,<a href= '/references/?table_filter=2019-00083' target='_blank'>Meijer 2012</a>,-,-,<a href= '/cvdata/assets/datafiles/roi/jgldaAL4-roi.txt' target='_blank'>rate of injection</a>,-,-,6.1,0.01,&plusmn;0.001,14,-,-,0.89; <a href= '/diesel-spray-combustion/sandia-cv/injector-characterization/2007-to-present/' target='_blank'>SprayA nozzle coefficients</a>,&plusmn;0.01,-,-,0.084,0.001,injector SN 210677; <a href= '/diesel-spray-combustion/target-condition/spray-a-nozzle-geometry/' target='_blank'>SprayA</a>,-,-,-,0.02,-,-,-,-,9.9;<a href= '/cvdata/assets/datafiles/lift/jglda_002.png' target='_blank'>steady OH chemiluminescence</a>; <a href= '/cvdata/assets/datafiles/lift/jgldaAL4-lift.txt' target='_blank'>liftoff vs time</a>,-,-,0.15,0,0,0.2,-,-,<a href= '/cvdata/assets/datafiles/press/jgldaAL4-press.txt' target='_blank'>PvsT</a>,<a href= '/cvdata/assets/datafiles/pen/jgldaAL4-pen.txt' target='_blank'>PenvsT</a>,-,-,-,-,-,-,-,-,<a href= '/cvdata/assets/movies/jgldaAL4004chemi.m1v' target='_blank'>Luminosity</a>; <a href= '/cvdata/assets/movies/jgldaAL4004schlieren.m1v' target='_blank'>schlieren</a>,-
602,15,1200,22.8,0.090ks-a,A210677,150,>4,nC12,363,Sandia,JELDAAL4,8-Feb-11,<a href= '/cvdata/assets/datafiles/readme/jeldaAL4-notes.txt' target='_blank'>readme</a>,<a href= '/references/?table_filter=2019-00001' target='_blank'><sup>1</sup></a> <a href= '/references/?table_filter=2019-00068' target='_blank'><sup>2</sup></a>,15,0.01,O2 = 15.00; N2 = 75.15; CO2 = 6.22; H2O = 3.62;,-,29.24,1207.3; <a href= '/diesel-spray-combustion/sandia-cv/thermal-distribution/thermal-distribution-for-spray-a/' target='_blank'>Temp Distr</a>,3.7,&plusmn;1.5,1208.3,1083.4,22.74,0.08,&plusmn;0.03,22.8,25.34,7.94,1.017,-,0.2,-,-,-,<a href= '/diesel-spray-combustion/sandia-cv/combustion-vessel-geometry/' target='_blank'>Vesssel Geometry</a>,153.6;<a href= '/cvdata/assets/datafiles/fuelpress/jeldaAL4-fuelP.txt' target='_blank'>fuel pressure vs time</a>,3.4,&plusmn;1.7,373,-,&plusmn;30,<a href= '/references/?table_filter=2019-00083' target='_blank'>Meijer 2012</a>,-,-,<a href= '/cvdata/assets/datafiles/roi/jeldaAL4-roi.txt' target='_blank'>rate of injection</a>,-,-,6.1,0.01,&plusmn;0.001,14,-,-,0.089; <a href= '/diesel-spray-combustion/sandia-cv/injector-characterization/2007-to-present/' target='_blank'>SprayA nozzle coefficients</a>,&plusmn;0.01,-,-,0.084,0.001,injector SN 210677; <a href= '/diesel-spray-combustion/target-condition/spray-a-nozzle-geometry/' target='_blank'>SprayA</a>,-,-,-,0.02,-,-,-,-,7.6;<a href= '/cvdata/assets/datafiles/lift/jelda_001.png' target='_blank'>steady OH chemiluminescence</a>; <a href= '/cvdata/assets/datafiles/lift/jeldaAL4-lift.txt' target='_blank'>liftoff vs time</a>,-,-,0.11,0.01,0.01,0.15,-,-,<a href= '/cvdata/assets/datafiles/press/jeldaAL4-press.txt' target='_blank'>PvsT</a>,<a href= '/cvdata/assets/datafiles/pen/jeldaAL4-pen.txt' target='_blank'>PenvsT</a>,-,-,-,-,-,-,-,-,<a href= '/cvdata/assets/movies/jeldaAL4004chemi.m1v' target='_blank'>Luminosity</a>; <a href= '/cvdata/assets/movies/jeldaAL4004schlieren.m1v' target='_blank'>schlieren</a>,-
603,0,440,22.8,0.090ks-a,A210677,150,1.5,nC12,363,Sandia,CULDAAL1,8-Feb-11,<a href= '/cvdata/assets/datafiles/readme/culdaAL1-notes.txt' target='_blank'>readme</a>,<a href= '/references/?table_filter=2019-00001' target='_blank'><sup>1</sup></a>,0,-,N2 = 100.0;,-,28,435,-,&plusmn;3,-,435,22.7,-,&plusmn;0.1,-,22.7,2.93,1,-,-,-,-,-,<a href= '/diesel-spray-combustion/sandia-cv/combustion-vessel-geometry/' target='_blank'>Vesssel Geometry</a>,155.7,1.5,&plusmn;2.0,363,-,&plusmn;10,363,-,-,<a href= '/cvdata/assets/datafiles/roi/jkldaAL1-roi.txt' target='_blank'>rate of injection</a>,-,-,1.54,0.02,&plusmn;0.001,3.46,-,-,0.089; <a href= '/diesel-spray-combustion/sandia-cv/injector-characterization/2007-to-present/' target='_blank'>SprayA nozzle coefficients</a>,&plusmn;0.01,-,-,0.084,0.001,injector SN 210677; <a href= '/diesel-spray-combustion/target-condition/spray-a-nozzle-geometry/' target='_blank'>SprayA</a>,-,-,-,0.02,-,-,-,-,-,-,-,-,-,-,-,-,-,-,<a href= '/cvdata/assets/datafiles/pen/culdaAL1-pen.txt' target='_blank'>PenvsT</a>,-,-,-,-,-,-,-,-, <a href= '/cvdata/assets/movies/culdaAL1011schlieren.m1v' target='_blank'>schlieren</a>,-
604,0,900,22.8,0.090ks-a,A210677,150,>4,nC12,363,Sandia,bkldaAL4,10-Dec-09,<a href= '/cvdata/assets/datafiles/readme/bkldaAL4-notes.txt' target='_blank'>notes</a>,<a href= '/references/?table_filter=2019-00001' target='_blank'><sup>1</sup></a> <a href= '/references/?table_filter=2019-00009' target='_blank'><sup>2</sup></a>,0,&plusmn;0.01,O2 = 0.00; N2 = 89.71; CO2 = 6.52; H2O = 3.77;,-,28.68,892.3; <a href= '/diesel-spray-combustion/sandia-cv/thermal-distribution/thermal-distribution-for-spray-a/' target='_blank'>Temp Distr</a>,12.2,&plusmn;0.4,-,829.8,22.99,0.17,&plusmn;0.01,-,24.72,6.05,1.016,-,0.2,-,-,-,<a href= '/diesel-spray-combustion/sandia-cv/combustion-vessel-geometry/' target='_blank'>Vesssel Geometry</a>,150.4;<a href= '/cvdata/assets/datafiles/fuelpress/bkldaAL4-fuelP.txt' target='_blank'>fuelPvsTime</a>,6.6,&plusmn;0.6,373,-,&plusmn;30,<a href= '/references/?table_filter=2019-00083' target='_blank'>Meijer 2012</a>,-,-,<a href= '/cvdata/assets/datafiles/roi/bkldaAL4-roi.txt' target='_blank'>rate of injection</a>,-,-,6,0.01,&plusmn;0.001,13.77,-,-,0.89; <a href= '/diesel-spray-combustion/sandia-cv/injector-characterization/2007-to-present/' target='_blank'>SprayA nozzle coefficients</a>,&plusmn;0.01,-,-,0.084,&plusmn;0.001,injector SN 210677; <a href= '/diesel-spray-combustion/target-condition/spray-a-nozzle-geometry/' target='_blank'>SprayA</a>,-,-,-,0.02,-,10.4;<a href= '/bkldaal4liquid/' target='_blank'>liquid data</a>,0.49,&plusmn;0.34,-,-,-,-,-,-,-,-,-,<a href= '/cvdata/assets/datafiles/press/bkldaAL4-press.txt' target='_blank'>PvsT</a>,<a href= '/cvdata/assets/datafiles/pen/bkldaAL4-pen.txt' target='_blank'>PenvsT</a>,-,-,<a href= '/data/bkldaal4mixing/' target='_blank'>fuel/ambient mixing</a> ,-,-,-,-,-,<a href= '/data/bkldaal4movie/' target='_blank'>various movies</a> ,<a href= '/cvdata/assets/datafiles/add/bkldaAL4181L.mat'>Matlab liquid boundary Mie-scatter</a>; <a href= '/cvdata/assets/datafiles/add/bkldaAL4303DBI.mat'>Matlab liquid boundary DBI</a>; <a href= '/cvdata/assets/datafiles/add/BKLDAAL4091jb_mm.mat'>Matlab vapor boundary</a>
605,0,900,22.8,0.090ks-a,A210677,100,>4,nC12,363,Sandia,bklfaAL4,15-Dec-09,<a href= '/cvdata/assets/datafiles/readme/bklfaAL4-notes.txt' target='_blank'>notes</a>,<a href= '/references/?table_filter=2019-00001' target='_blank'><sup>1</sup></a> <a href= '/references/?table_filter=2019-00009' target='_blank'><sup>2</sup></a>,0,&plusmn;0.01,O2 = 0.00; N2 = 89.71; CO2 = 6.52; H2O = 3.77;,-,28.68,894.2,7.9,&plusmn;4.0,-,831.4,23.02,0.02,&plusmn;0.01,-,24.76,6.07,1.016,-,0.2,-,-,-,<a href= '/diesel-spray-combustion/sandia-cv/combustion-vessel-geometry/' target='_blank'>Vesssel Geometry</a>,94.5;<a href= '/cvdata/assets/datafiles/fuelpress/bklfaAL4-fuelP.txt' target='_blank'>fuelPvsTime</a>,8.5,&plusmn;4.6,373,-,&plusmn;30,<a href= '/references/?table_filter=2019-00083' target='_blank'>Meijer 2012</a>,-,-,-,-,-,5.2,-,-,-,-,-,-,-,-,-,0.084,&plusmn;0.001,injector SN 210677; <a href= '/diesel-spray-combustion/target-condition/spray-a-nozzle-geometry/' target='_blank'>SprayA</a>,-,-,-,0.02,-,10.5;<a href= '/cvdata/assets/datafiles/liq/bklfaAL4-liq.txt' target='_blank'>liquid vs time</a>,0.45,&plusmn;0.55,-,-,-,-,-,-,-,-,-,<a href= '/cvdata/assets/datafiles/press/bklfaAL4-press.txt' target='_blank'>PvsT</a>,<a href= '/cvdata/assets/datafiles/pen/bklfaAL4-pen.txt' target='_blank'>PenvsT</a>,-,-,<a href= '/data/bkldaal4mixing/' target='_blank'>fuel/ambient mixing</a>,-,-,-,-,-,<a href= '/cvdata/assets/movies/bklfaAL4029schlieren.m1v' target='_blank'>schlieren</a>,<a href= '/cvdata/assets/datafiles/add/bklfaAL4029jb_mm.mat'>Matlab vapor boundary</a>
606,0,900,22.8,0.090ks-a,A210677,50,>4,nC12,363,Sandia,bklraAL4,15-Dec-09,<a href= '/cvdata/assets/datafiles/readme/bklraAL4-notes.txt' target='_blank'>notes</a>,<a href= '/references/?table_filter=2019-00001' target='_blank'><sup>1</sup></a> <a href= '/references/?table_filter=2019-00009' target='_blank'><sup>2</sup></a>,0,&plusmn;0.01,O2 = 0.00; N2 = 89.71; CO2 = 6.52; H2O = 3.77;,-,28.68,893.3,1.3,&plusmn;0.6,-,830.6,23.04,0.02,&plusmn;0.01,-,24.78,6.07,1.016,-,0.2,-,-,-,<a href= '/diesel-spray-combustion/sandia-cv/combustion-vessel-geometry/' target='_blank'>Vesssel Geometry</a>,53.9;<a href= '/cvdata/assets/datafiles/fuelpress/bklraAL4-fuelP.txt' target='_blank'>fuelPvsTime</a>,1.1,&plusmn;0.9,373,-,&plusmn;30,<a href= '/references/?table_filter=2019-00083' target='_blank'>Meijer 2012</a>,-,-,-,-,-,5.65,-,-,-,-,-,-,-,-,-,0.084,&plusmn;0.001,injector SN 210677; <a href= '/diesel-spray-combustion/target-condition/spray-a-nozzle-geometry/' target='_blank'>SprayA</a>,-,-,-,0.02,-,10.8;<a href= '/cvdata/assets/datafiles/liq/bklraAL4-liq.txt' target='_blank'>liquid vs time</a>,0.45,&plusmn;0.62,-,-,-,-,-,-,-,-,-,<a href= '/cvdata/assets/datafiles/press/bklraAL4-press.txt' target='_blank'>PvsT</a>,<a href= '/cvdata/assets/datafiles/pen/bklraAL4-pen.txt' target='_blank'>PenvsT</a>,-,-,<a href= '/data/bkldaal4mixing/' target='_blank'>fuel/ambient mixing</a>,-,-,-,-,-,<a href= '/cvdata/assets/movies/bklraAL4029schlieren.m1v' target='_blank'>schlieren</a>,<a href= '/cvdata/assets/datafiles/add/bklraAL4029jb_mm.mat'>Matlab vapor boundary</a>
607,0,1100,15.2,0.090ks-a,A210677,150,>4,nC12,363,Sandia,bgcdaAL4,11-Dec-09,<a href= '/cvdata/assets/datafiles/readme/bgcdaAL4-notes.txt' target='_blank'>notes</a>,<a href= '/references/?table_filter=2019-00001' target='_blank'><sup>1</sup></a> <a href= '/references/?table_filter=2019-00009' target='_blank'><sup>2</sup></a>,0,&plusmn;0.01,O2 = 0.00; N2 = 89.71; CO2 = 6.52; H2O = 3.77;,-,28.68,1101,5.4,&plusmn;1.8,-,997.8,15.35,0.05,&plusmn;0.02,-,16.93,4.96,1.012,-,0.2,-,-,-,<a href= '/diesel-spray-combustion/sandia-cv/combustion-vessel-geometry/' target='_blank'>Vesssel Geometry</a>,154.3;<a href= '/cvdata/assets/datafiles/fuelpress/bgcdaAL4-fuelP.txt' target='_blank'>fuelPvsTime</a>,5.2,&plusmn;2.1,373,-,&plusmn;30,<a href= '/references/?table_filter=2019-00083' target='_blank'>Meijer 2012</a>,-,-,<a href= '/cvdata/assets/datafiles/roi/bgcdaAL4-roi.txt' target='_blank'>rate of injection</a>,-,-,6,0.01,&plusmn;0.001,13.8,-,-,0.89; <a href= '/diesel-spray-combustion/sandia-cv/injector-characterization/2007-to-present/' target='_blank'>SprayA nozzle coefficients</a>,&plusmn;0.01,-,-,0.084,&plusmn;0.001,injector SN 210677; <a href= '/diesel-spray-combustion/target-condition/spray-a-nozzle-geometry/' target='_blank'>SprayA</a>,-,-,-,0.02,-,10.4;<a href= '/cvdata/assets/datafiles/liq/bgcdaAL4-liq.txt' target='_blank'>liquid vs time</a>,0.35,&plusmn;0.45,-,-,-,-,-,-,-,-,-,<a href= '/cvdata/assets/datafiles/press/bgcdaAL4-press.txt' target='_blank'>PvsT</a>,<a href= '/cvdata/assets/datafiles/pen/bgcdaAL4-pen.txt' target='_blank'>PenvsT</a>,-,-,<a href= '/data/bkldaal4mixing/' target='_blank'>fuel/ambient mixing</a> ,-,-,-,-,-,<a href= '/cvdata/assets/movies/bgcdaAL4044schlieren.m1v' target='_blank'>schlieren</a>,<a href= '/cvdata/assets/datafiles/add/bgcdaAL4044jb_mm.mat'>Matlab vapor boundary</a>
608,0,1400,7.6,0.090ks-a,A210677,150,>4,nC12,363,Sandia,babdaAL4,10-Dec-09,<a href= '/cvdata/assets/datafiles/readme/babdaAL4-notes.txt' target='_blank'>notes</a>,<a href= '/references/?table_filter=2019-00001' target='_blank'><sup>1</sup></a> <a href= '/references/?table_filter=2019-00009' target='_blank'><sup>2</sup></a>,0,&plusmn;0.01,O2 = 0.00; N2 = 89.71; CO2 = 6.52; H2O = 3.77;,-,28.68,1429.4,8.1,&plusmn;2.0,-,1262.2,7.64,0.01,&plusmn;0.00,-,8.66,3.19,1.006,-,0.2,-,-,-,<a href= '/diesel-spray-combustion/sandia-cv/combustion-vessel-geometry/' target='_blank'>Vesssel Geometry</a>,157.3;<a href= '/cvdata/assets/datafiles/fuelpress/babdaAL4-fuelP.txt' target='_blank'>fuelPvsTime</a>,5.4,&plusmn;1.8,373,-,&plusmn;30,<a href= '/references/?table_filter=2019-00083' target='_blank'>Meijer 2012</a>,-,-,<a href= '/cvdata/assets/datafiles/roi/bkldaAL4-roi.txt' target='_blank'>rate of injection</a>,-,-,6,0.01,&plusmn;0.001,13.77,-,-,0.089; <a href= '/diesel-spray-combustion/sandia-cv/injector-characterization/2007-to-present/' target='_blank'>SprayA nozzle coefficients</a>,&plusmn;0.01,-,-,0.084,&plusmn;0.001,injector SN 210677; <a href= '/diesel-spray-combustion/target-condition/spray-a-nozzle-geometry/' target='_blank'>SprayA</a>,-,-,-,0.02,-,12.4;<a href= '/cvdata/assets/datafiles/liq/babdaAL4-liq.txt' target='_blank'>liquid vs time</a>,0.46,&plusmn;0.56,-,-,-,-,-,-,-,-,-,<a href= '/cvdata/assets/datafiles/press/babdaAL4-press.txt' target='_blank'>PvsT</a>,<a href= '/cvdata/assets/datafiles/pen/babdaAL4-pen.txt' target='_blank'>PenvsT</a>,-,-,-,-,-,-,-,-,<a href= '/cvdata/assets/movies/babdaAL4043schlieren.m1v' target='_blank'>schlieren</a>,<a href= '/cvdata/assets/datafiles/add/babdaAL4043jb_mm.mat'>Matlab vapor boundary</a>
609,0,900,7.6,0.090ks-a,A210675,150,1.5,nC12,363,Sandia,bkbdzAL1,4-Oct-11,<a href= '/cvdata/assets/datafiles/readme/bkbdzAL1-notes.txt' target='_blank'>notes</a>,<a href= '/references/?table_filter=2019-00001' target='_blank'><sup>1</sup></a> <a href= '/references/?table_filter=2019-00010' target='_blank'><sup>2</sup></a>,0,&plusmn;0.01,O2 = 0.00; N2 = 89.71; CO2 = 6.52; H2O = 3.77;,-,28.68,908.7,3.5,&plusmn;1.2,-,843.1,7.71,0.02,&plusmn;0.01,-,8.31,2.04,1.005,-,0.2,-,-,-,<a href= '/diesel-spray-combustion/sandia-cv/combustion-vessel-geometry/' target='_blank'>Vesssel Geometry</a>,148.8;<a href= '/cvdata/assets/datafiles/fuelpress/bkbdzAL1-fuelP.txt' target='_blank'>fuelPvsTime</a>,4,&plusmn;1.7,373,-,&plusmn;30,<a href= '/references/?table_filter=2019-00083' target='_blank'>Meijer 2012</a>,-,-,<a href= '/sprayaroi/' target='_blank'>rate of injection</a>,-,-,1.54,0.02,&plusmn;0.001,3.9,-,0.2,0.90; <a href= '/diesel-spray-combustion/sandia-cv/injector-characterization/2007-to-present/' target='_blank'>SprayA nozzle coefficients</a>,&plusmn;0.01,-,-,0.089,&plusmn;0.001,injector SN 210675; <a href= '/diesel-spray-combustion/target-condition/spray-a-nozzle-geometry/' target='_blank'>SprayA</a>,-,-,-,0.02,-,20.6;<a href= '/dbi675/' target='_blank'>DBI data</a>,1.34,&plusmn;1.08,-,-,-,-,-,-,-,-,-,<a href= '/cvdata/assets/datafiles/press/bkbdzAL1-press.txt' target='_blank'>PvsT</a>,-,-,-,-,-,-,-,-,-,<a href= '/cvdata/assets/movies/bkbdzAL1005diffuse.m1v' target='_blank'>back illumination</a>; <a href= '/pub-links/jm001/ldm-ht/' target='_blank'>LDM Movies</a>; <a href= '/dbi675/' target='_blank'>DBI data</a> ,<a href= '/cvdata/assets/datafiles/add/bkbdzAL1005DBI.mat'>Matlab liquid boundary</a>
610,15,1000,22.8,0.090ks-a,A210370,150,>4,SRx23,363,Sandia,jildnSRL4,15-Aug-08,<a href= '/cvdata/assets/datafiles/readme/jildnSRL4-notes.txt' target='_blank'>readme</a>,<a href='/references/?table_filter=2019-00064' target='_blank'><sup>SAEIntJFuelsLubr5(2)2012-01-0678</sup></a>,15,&plusmn;0.01,O2 = 15.00; N2 = 75.15; CO2 = 6.22; H2O = 3.62;,-,29.24,993.9,3.7,&plusmn;0.2,996.7,958,22.85,0.04,&plusmn;0.00,23.06,23.71,6.56,1.016,-,-,-,-,-,<a href= '/diesel-spray-combustion/sandia-cv/combustion-vessel-geometry/' target='_blank'>Vesssel Geometry</a>,148.7;<a href= '/cvdata/assets/datafiles/fuelpress/jildnSRL4-fuelP.txt' target='_blank'>fuel pressure vs time</a>,1.5,&plusmn;0.5,373,-,&plusmn;30,<a href= '/references/?table_filter=2019-00083' target='_blank'>Meijer 2012</a>,-,-,-,-,-,7.1,-,-,17.2,-,-,0.89; <a href= '/diesel-spray-combustion/sandia-cv/injector-characterization/2007-to-present/' target='_blank'>SprayA nozzle coefficients</a>,&plusmn;0.01,-,-,0.091,0.001,injector SN 210370; <a href= '/diesel-spray-combustion/target-condition/spray-a-nozzle-geometry/' target='_blank'>Spray A</a>,-,-,-,0.02,fuel property <a href= '/diesel-spray-combustion/sandia-cv/fuels/' target='_blank'>table</a>,-,-,-,17.4;<a href= '/cvdata/assets/datafiles/lift/jildnSRL4.png' target='_blank'>steady OH chemiluminescence</a>,1.33,0.46,0.47,0.06,0.02,0.334,-,-,<a href= '/cvdata/assets/datafiles/press/jildnSRL4-press.txt' target='_blank'>PvsT</a>,-,-,-,-,-,-,-,-,<a href= '/data/jildnslsoot/' target='_blank'>soot data</a>,-,-
611,0,900,22.8,0.090ks-a,A210679,150,1.5,nC12,363,TU/e,-,29-Aug-12,-,-,0,-,O2 = 0.00; N2 = 85.0; CO2 = 6.3; H2O = 3.1; Ar=5.5;,-,29.35,898,-,&plusmn;6,-,965,22.76,-,-,-,24.4,5.9,1.016,-,0.4,-,-,-,-,148,2.1,-,365,5,&plusmn;15,370,-,-,-,-,-,1.65,-,-,3.52,-,-,0.86,-,-,-,0.0841,-,-,-,-,-,-,-,10.33,0.35,-,-,-,-,-,-,-,-,-,-,-,<a href= '/cvdata/assets/datafiles/pen/penvst_inert.txt' target='_blank'>PenvsT</a>,-,-,-,-,-,-,-,-,-,-
612,15,900,22.8,0.090ks-a,A210679,150,1.5,nC12,363,TU/e,-,29-Aug-12,-,-,15,-,O2 = 15.00; N2 = 71.2; CO2 = 6.4; H2O = 3.6; Ar=4.2;,-,29.81,897,-,&plusmn;7,-,964,22.75,-,-,-,24.3,5.9,1.015,-,0.4,-,-,-,-,152.3,2,-,365,5,&plusmn;15,370,-,-,-,-,-,1.65,-,-,3.54,-,-,0.86,-,-,-,0.0841,-,-,-,-,-,-,-,-,-,-,15.8,-,-,0.41,0.039,0.01,0.44,0.034,-,<a href= '/cvdata/assets/datafiles/press/pvst.txt' target='_blank'>PvsT</a>,<a href= '/cvdata/assets/datafiles/pen/penvst_reacting.txt' target='_blank'>PenvsT</a>,-,-,-,-,-,-,-,-,-,-
613,15,900,22.8,0.090ks-a,A210370,150,>4,SRx23,363,Sandia,jkldnSRL4,15-Aug-08,<a href= '/cvdata/assets/datafiles/readme/jkldnSRL4-notes.txt' target='_blank'>readme</a>,<a href='/references/?table_filter=2019-00064' target='_blank'><sup>SAEIntJFuelsLubr5(2)2012-01-0678</sup></a>,15,&plusmn;0.01,O2 = 15.00; N2 = 75.15; CO2 = 6.22; H2O = 3.62;,-,29.24,897.4,4.8,&plusmn;0.4,900.4,870.5,22.85,0.07,&plusmn;0.01,23.09,23.55,5.92,1.015,-,-,-,-,-,<a href= '/diesel-spray-combustion/sandia-cv/combustion-vessel-geometry/' target='_blank'>Vesssel Geometry</a>,149.6;<a href= '/cvdata/assets/datafiles/fuelpress/jkldnSRL4-fuelP.txt' target='_blank'>fuel pressure vs time</a>,1.4,&plusmn;0.5,373,-,&plusmn;30,<a href= '/references/?table_filter=2019-00083' target='_blank'>Meijer 2012</a>,-,-,-,-,-,7.1,-,-,17.2,-,-,0.89; <a href= '/diesel-spray-combustion/sandia-cv/injector-characterization/2007-to-present/' target='_blank'>SprayA nozzle coefficients</a>,&plusmn;0.01,-,-,0.091,0.001,injector SN 210370; <a href= '/diesel-spray-combustion/target-condition/spray-a-nozzle-geometry/' target='_blank'>Spray A</a>,-,-,-,0.02,fuel property <a href= '/diesel-spray-combustion/sandia-cv/fuels/' target='_blank'>table</a>,-,-,-,22.3;<a href= '/cvdata/assets/datafiles/lift/jkldnSRL4.png' target='_blank'>steady OH chemiluminescence</a>,0.92,0.35,0.59,0.1,0.04,0.55,-,-,<a href= '/cvdata/assets/datafiles/press/jkldnSRL4-press.txt' target='_blank'>PvsT</a>,-,-,-,-,-,-,-,-,<a href= '/data/jkldnslsoot/' target='_blank'>soot data</a>,<a href= '/cvdata/assets/movies/jkldnSRL4.m1v' target='_blank'>various movies</a> ,-
614,13,900,22.8,0.090ks-a,A210675,50,>4,nC12,363,cmt,51_nozz675_Tg900_dens023_Bp061_O2X13_pr500_rep08,2012,<a href= '/cvdata/cmt/ReadMeCMT.pdf' target='_blank'>readme</a>,<a href= '/references/?table_filter=2019-00014' target='_blank'><sup>1</sup></a> ,13.05,0.15,O2 = 13.1;N2 = 86.9,-,-,897.5,1,4,-,-,22.86,0.03,0.11,22.86,22.86,6.1,1.036,-,0.1,0.1,-,-,-,50,1.5,-,389,2,15,389,2,15,<a href= 'https://www.cmt.upv.es/#/ecn/download/InjectionRateGenerator/InjectionRateGenerator' target='_blank'>measured</a>; <a href= '/cvdata/cmt/ReadMeCMT.pdf' target='_blank'>recommended</a> ,-,-,-,-,-,-,-,-,0.89,0.01,0.96,0.02,0.894,&plusmn;0.001,injector SN 210675; <a href= '/diesel-spray-combustion/target-condition/spray-a-nozzle-geometry/' target='_blank'>SprayA</a> <a href='https://www.cmt.upv.es/#/ecn/Boundaryconditions/internalGeometry/igSprayA' target='_blank'>geom</a>; 210675; <a href='/diesel-spray-combustion/target-condition/spray-a-nozzle-geometry/',-,-,-,-,density@tipTemp = 684 kg/m^3,-,-,-,15.37,0.72,0.64,-,-,-,0.639,0.018,0.037,-,-,-,-,-,-,-,-,-,-,<a href= 'https://www.cmt.upv.es/#/ecn/Principal' target='_blank'>CMT ECN website</a> ,<a href= 'https://www.cmt.upv.es/#/ecn/Principal' target='_blank'>CMT ECN website</a> 
615,13,900,22.8,0.090ks-a,A210675,100,>4,nC12,363,cmt,52_nozz675_Tg900_dens023_Bp061_O2X13_pr1000_rep08,2012,<a href= '/cvdata/cmt/ReadMeCMT.pdf' target='_blank'>readme</a>,<a href= '/references/?table_filter=2019-00014' target='_blank'><sup>1</sup></a> ,13.11,0.15,O2 = 13.1;N2 = 86.9,-,-,899.2,1.1,4,-,-,22.82,0.03,0.11,22.82,22.82,6.1,1.036,-,0.1,0.1,-,-,-,100,1.5,-,385,2,15,385,2,15,<a href= 'https://www.cmt.upv.es/#/ecn/download/InjectionRateGenerator/InjectionRateGenerator' target='_blank'>measured</a>; <a href= '/cvdata/cmt/ReadMeCMT.pdf' target='_blank'>recommended</a> ,-,-,-,-,-,-,-,-,0.9,0.01,0.97,0.02,0.894,&plusmn;0.001,injector SN 210675; <a href= '/diesel-spray-combustion/target-condition/spray-a-nozzle-geometry/' target='_blank'>SprayA</a> <a href='https://www.cmt.upv.es/#/ecn/Boundaryconditions/internalGeometry/igSprayA' target='_blank'>geom</a>; 210675; <a href='/diesel-spray-combustion/target-condition/spray-a-nozzle-geometry/',-,-,-,-,density@tipTemp = 687 kg/m^3,-,-,-,18.45,0.7,0.63,-,-,-,0.586,0.019,0.038,-,-,-,-,-,-,-,-,-,-,<a href= 'https://www.cmt.upv.es/#/ecn/Principal' target='_blank'>CMT ECN website</a> ,<a href= 'https://www.cmt.upv.es/#/ecn/Principal' target='_blank'>CMT ECN website</a> 
616,13,900,22.8,0.090ks-a,A210675,150,>4,nC12,363,cmt,53_nozz675_Tg900_dens023_Bp061_O2X13_pr1500_rep08,2012,<a href= '/cvdata/cmt/ReadMeCMT.pdf' target='_blank'>readme</a>,<a href= '/references/?table_filter=2019-00014' target='_blank'><sup>1</sup></a> ,13.09,0.15,O2 = 13.1;N2 = 86.9,-,-,900.7,1.3,4,-,-,22.78,0.03,0.11,22.78,22.78,6.1,1.036,-,0.1,0.1,-,-,-,150,1.5,-,389,2,15,389,2,15,<a href= 'https://www.cmt.upv.es/#/ecn/download/InjectionRateGenerator/InjectionRateGenerator' target='_blank'>measured</a>; <a href= '/cvdata/cmt/ReadMeCMT.pdf' target='_blank'>recommended</a> ,-,-,-,-,-,-,-,-,0.91,0.01,0.98,0.02,0.894,&plusmn;0.001,injector SN 210675; <a href= '/diesel-spray-combustion/target-condition/spray-a-nozzle-geometry/' target='_blank'>SprayA</a> <a href='https://www.cmt.upv.es/#/ecn/Boundaryconditions/internalGeometry/igSprayA' target='_blank'>geom</a>; 210675; <a href='/diesel-spray-combustion/target-condition/spray-a-nozzle-geometry/',-,-,-,-,density@tipTemp = 684 kg/m^3,-,-,-,20.58,3.77,2.27,-,-,-,0.529,0.021,0.039,-,-,-,-,-,-,-,-,-,-,<a href= 'https://www.cmt.upv.es/#/ecn/Principal' target='_blank'>CMT ECN website</a> ,<a href= 'https://www.cmt.upv.es/#/ecn/Principal' target='_blank'>CMT ECN website</a> 
617,15,750,22.8,0.090ks-a,A210675,50,>4,nC12,363,cmt,60_nozz675_Tg750_dens023_Bp051_O2X15_pr500_rep08,2012,<a href= '/cvdata/cmt/ReadMeCMT.pdf' target='_blank'>readme</a>,<a href= '/references/?table_filter=2019-00014' target='_blank'><sup>1</sup></a> ,14.94,0.15,O2 = 14.9;N2 = 85.1,-,-,749.9,0.8,4,-,-,22.8,0.02,0.13,22.8,22.8,5.07,1.033,-,0.1,0.1,-,-,-,50,1.5,-,384,2,15,384,2,15,<a href= 'https://www.cmt.upv.es/#/ecn/download/InjectionRateGenerator/InjectionRateGenerator' target='_blank'>measured</a>; <a href= '/cvdata/cmt/ReadMeCMT.pdf' target='_blank'>recommended</a> ,-,-,-,-,-,-,-,-,0.89,0.01,0.97,0.02,0.894,&plusmn;0.001,injector SN 210675; <a href= '/diesel-spray-combustion/target-condition/spray-a-nozzle-geometry/' target='_blank'>SprayA</a> <a href='https://www.cmt.upv.es/#/ecn/Boundaryconditions/internalGeometry/igSprayA' target='_blank'>geom</a>; 210675; <a href='/diesel-spray-combustion/target-condition/spray-a-nozzle-geometry/',-,-,-,-,density@tipTemp = 688 kg/m^3,-,-,-,30.84,1.42,1.01,-,-,-,2.747,0.059,0.068,-,-,-,-,-,-,-,-,-,-,<a href= 'https://www.cmt.upv.es/#/ecn/Principal' target='_blank'>CMT ECN website</a> ,<a href= 'https://www.cmt.upv.es/#/ecn/Principal' target='_blank'>CMT ECN website</a> 
618,15,750,22.8,0.090ks-a,A210675,100,>4,nC12,363,cmt,61_nozz675_Tg750_dens023_Bp051_O2X15_pr1000_rep08,2012,<a href= '/cvdata/cmt/ReadMeCMT.pdf' target='_blank'>readme</a>,<a href= '/references/?table_filter=2019-00014' target='_blank'><sup>1</sup></a> ,14.97,0.15,O2 = 15.0;N2 = 85.0,-,-,750.8,1.2,4,-,-,22.78,0.04,0.13,22.78,22.78,5.07,1.033,-,0.1,0.1,-,-,-,100,1.5,-,388,2,15,388,2,15,<a href= 'https://www.cmt.upv.es/#/ecn/download/InjectionRateGenerator/InjectionRateGenerator' target='_blank'>measured</a>; <a href= '/cvdata/cmt/ReadMeCMT.pdf' target='_blank'>recommended</a> ,-,-,-,-,-,-,-,-,0.9,0.01,0.97,0.02,0.894,&plusmn;0.001,injector SN 210675; <a href= '/diesel-spray-combustion/target-condition/spray-a-nozzle-geometry/' target='_blank'>SprayA</a> <a href='https://www.cmt.upv.es/#/ecn/Boundaryconditions/internalGeometry/igSprayA' target='_blank'>geom</a>; 210675; <a href='/diesel-spray-combustion/target-condition/spray-a-nozzle-geometry/',-,-,-,-,density@tipTemp = 685 kg/m^3,-,-,-,39.7,1.26,0.93,-,-,-,2.492,0.048,0.06,-,-,-,-,-,-,-,-,-,-,<a href= 'https://www.cmt.upv.es/#/ecn/Principal' target='_blank'>CMT ECN website</a> ,<a href= 'https://www.cmt.upv.es/#/ecn/Principal' target='_blank'>CMT ECN website</a> 
619,15,750,22.8,0.090ks-a,A210675,150,>4,nC12,363,cmt,62_nozz675_Tg750_dens023_Bp051_O2X15_pr1500_rep08,2012,<a href= '/cvdata/cmt/ReadMeCMT.pdf' target='_blank'>readme</a>,<a href= '/references/?table_filter=2019-00014' target='_blank'><sup>1</sup></a> ,14.97,0.15,O2 = 15.0;N2 = 85.0,-,-,752.5,1.2,4,-,-,22.72,0.04,0.13,22.72,22.72,5.07,1.033,-,0.1,0.1,-,-,-,150,1.5,-,387,2,15,387,2,15,<a href= 'https://www.cmt.upv.es/#/ecn/download/InjectionRateGenerator/InjectionRateGenerator' target='_blank'>measured</a>; <a href= '/cvdata/cmt/ReadMeCMT.pdf' target='_blank'>recommended</a> ,-,-,-,-,-,-,-,-,0.91,0.01,0.99,0.02,0.894,&plusmn;0.001,injector SN 210675; <a href= '/diesel-spray-combustion/target-condition/spray-a-nozzle-geometry/' target='_blank'>SprayA</a> <a href='https://www.cmt.upv.es/#/ecn/Boundaryconditions/internalGeometry/igSprayA' target='_blank'>geom</a>; 210675; <a href='/diesel-spray-combustion/target-condition/spray-a-nozzle-geometry/',-,-,-,-,density@tipTemp = 685 kg/m^3,-,-,-,46.03,1.48,1.22,-,-,-,2.342,0.065,0.073,-,-,-,-,-,-,-,-,-,-,<a href= 'https://www.cmt.upv.es/#/ecn/Principal' target='_blank'>CMT ECN website</a> ,<a href= 'https://www.cmt.upv.es/#/ecn/Principal' target='_blank'>CMT ECN website</a> 
620,15,800,22.8,0.090ks-a,A210675,50,>4,nC12,363,cmt,63_nozz675_Tg800_dens023_Bp054_O2X15_pr500_rep08,2012,<a href= '/cvdata/cmt/ReadMeCMT.pdf' target='_blank'>readme</a>,<a href= '/references/?table_filter=2019-00014' target='_blank'><sup>1</sup></a> ,14.93,0.15,O2 = 14.9;N2 = 85.1,-,-,801.2,1,4,-,-,22.77,0.03,0.12,22.77,22.77,5.4,1.032,-,0.1,0.1,-,-,-,50,1.5,-,388,2,15,388,2,15,<a href= 'https://www.cmt.upv.es/#/ecn/download/InjectionRateGenerator/InjectionRateGenerator' target='_blank'>measured</a>; <a href= '/cvdata/cmt/ReadMeCMT.pdf' target='_blank'>recommended</a> ,-,-,-,-,-,-,-,-,0.89,0.01,0.97,0.02,0.894,&plusmn;0.001,injector SN 210675; <a href= '/diesel-spray-combustion/target-condition/spray-a-nozzle-geometry/' target='_blank'>SprayA</a> <a href='https://www.cmt.upv.es/#/ecn/Boundaryconditions/internalGeometry/igSprayA' target='_blank'>geom</a>; 210675; <a href='/diesel-spray-combustion/target-condition/spray-a-nozzle-geometry/',-,-,-,-,density@tipTemp = 685 kg/m^3,-,-,-,20.25,1.16,0.71,-,-,-,1.25,0.022,0.04,-,-,-,-,-,-,-,-,-,-,<a href= 'https://www.cmt.upv.es/#/ecn/Principal' target='_blank'>CMT ECN website</a> ,<a href= 'https://www.cmt.upv.es/#/ecn/Principal' target='_blank'>CMT ECN website</a> 
621,15,800,22.8,0.090ks-a,A210675,100,>4,nC12,363,cmt,64_nozz675_Tg800_dens023_Bp054_O2X15_pr1000_rep08,2012,<a href= '/cvdata/cmt/ReadMeCMT.pdf' target='_blank'>readme</a>,<a href= '/references/?table_filter=2019-00014' target='_blank'><sup>1</sup></a> ,14.97,0.15,O2 = 15.0;N2 = 85.0,-,-,806.4,1.1,4,-,-,22.62,0.03,0.12,22.62,22.62,5.4,1.032,-,0.1,0.1,-,-,-,100,1.5,-,388,2,15,388,2,15,<a href= 'https://www.cmt.upv.es/#/ecn/download/InjectionRateGenerator/InjectionRateGenerator' target='_blank'>measured</a>; <a href= '/cvdata/cmt/ReadMeCMT.pdf' target='_blank'>recommended</a> ,-,-,-,-,-,-,-,-,0.9,0.01,0.97,0.02,0.894,&plusmn;0.001,injector SN 210675; <a href= '/diesel-spray-combustion/target-condition/spray-a-nozzle-geometry/' target='_blank'>SprayA</a> <a href='https://www.cmt.upv.es/#/ecn/Boundaryconditions/internalGeometry/igSprayA' target='_blank'>geom</a>; 210675; <a href='/diesel-spray-combustion/target-condition/spray-a-nozzle-geometry/',-,-,-,-,density@tipTemp = 685 kg/m^3,-,-,-,24.75,1.2,0.9,-,-,-,1.1,0.013,0.034,-,-,-,-,-,-,-,-,-,-,<a href= 'https://www.cmt.upv.es/#/ecn/Principal' target='_blank'>CMT ECN website</a> ,<a href= 'https://www.cmt.upv.es/#/ecn/Principal' target='_blank'>CMT ECN website</a> 
622,15,800,22.8,0.090ks-a,A210675,150,>4,nC12,363,cmt,65_nozz675_Tg800_dens023_Bp054_O2X15_pr1500_rep08,2012,<a href= '/cvdata/cmt/ReadMeCMT.pdf' target='_blank'>readme</a>,<a href= '/references/?table_filter=2019-00014' target='_blank'><sup>1</sup></a> ,15.01,0.15,O2 = 15.0;N2 = 85.0,-,-,810.8,1.6,4,-,-,22.5,0.05,0.12,22.5,22.5,5.4,1.032,-,0.1,0.1,-,-,-,150,1.5,-,384,2,15,384,2,15,<a href= 'https://www.cmt.upv.es/#/ecn/download/InjectionRateGenerator/InjectionRateGenerator' target='_blank'>measured</a>; <a href= '/cvdata/cmt/ReadMeCMT.pdf' target='_blank'>recommended</a> ,-,-,-,-,-,-,-,-,0.91,0.01,0.99,0.02,0.894,&plusmn;0.001,injector SN 210675; <a href= '/diesel-spray-combustion/target-condition/spray-a-nozzle-geometry/' target='_blank'>SprayA</a> <a href='https://www.cmt.upv.es/#/ecn/Boundaryconditions/internalGeometry/igSprayA' target='_blank'>geom</a>; 210675; <a href='/diesel-spray-combustion/target-condition/spray-a-nozzle-geometry/',-,-,-,-,density@tipTemp = 687 kg/m^3,-,-,-,28.35,0.64,0.51,-,-,-,0.994,0.016,0.035,-,-,-,-,-,-,-,-,-,-,<a href= 'https://www.cmt.upv.es/#/ecn/Principal' target='_blank'>CMT ECN website</a> ,<a href= 'https://www.cmt.upv.es/#/ecn/Principal' target='_blank'>CMT ECN website</a> 
623,15,850,22.8,0.090ks-a,A210675,50,>4,nC12,363,cmt,66_nozz675_Tg850_dens023_Bp058_O2X15_pr500_rep08,2012,<a href= '/cvdata/cmt/ReadMeCMT.pdf' target='_blank'>readme</a>,<a href= '/references/?table_filter=2019-00014' target='_blank'><sup>1</sup></a> ,15.06,0.15,O2 = 15.1;N2 = 84.9,-,-,850.4,0.7,4,-,-,22.79,0.02,0.11,22.79,22.79,5.75,1.034,-,0.1,0.1,-,-,-,50,1.5,-,387,2,15,387,2,15,<a href= 'https://www.cmt.upv.es/#/ecn/download/InjectionRateGenerator/InjectionRateGenerator' target='_blank'>measured</a>; <a href= '/cvdata/cmt/ReadMeCMT.pdf' target='_blank'>recommended</a> ,-,-,-,-,-,-,-,-,0.89,0.01,0.96,0.02,0.894,&plusmn;0.001,injector SN 210675; <a href= '/diesel-spray-combustion/target-condition/spray-a-nozzle-geometry/' target='_blank'>SprayA</a> <a href='https://www.cmt.upv.es/#/ecn/Boundaryconditions/internalGeometry/igSprayA' target='_blank'>geom</a>; 210675; <a href='/diesel-spray-combustion/target-condition/spray-a-nozzle-geometry/',-,-,-,-,density@tipTemp = 686 kg/m^3,-,-,-,15.59,1.71,1.09,-,-,-,0.754,0.023,0.041,-,-,-,-,-,-,-,-,-,-,<a href= 'https://www.cmt.upv.es/#/ecn/Principal' target='_blank'>CMT ECN website</a> ,<a href= 'https://www.cmt.upv.es/#/ecn/Principal' target='_blank'>CMT ECN website</a> 
624,15,850,22.8,0.090ks-a,A210675,100,>4,nC12,363,cmt,67_nozz675_Tg850_dens023_Bp058_O2X15_pr1000_rep08,2012,<a href= '/cvdata/cmt/ReadMeCMT.pdf' target='_blank'>readme</a>,<a href= '/references/?table_filter=2019-00014' target='_blank'><sup>1</sup></a> ,14.84,0.15,O2 = 14.8;N2 = 85.2,-,-,846.5,1.1,4,-,-,22.89,0.03,0.11,22.89,22.89,5.75,1.034,-,0.1,0.1,-,-,-,100,1.5,-,385,2,15,385,2,15,<a href= 'https://www.cmt.upv.es/#/ecn/download/InjectionRateGenerator/InjectionRateGenerator' target='_blank'>measured</a>; <a href= '/cvdata/cmt/ReadMeCMT.pdf' target='_blank'>recommended</a> ,-,-,-,-,-,-,-,-,0.9,0.01,0.97,0.02,0.894,&plusmn;0.001,injector SN 210675; <a href= '/diesel-spray-combustion/target-condition/spray-a-nozzle-geometry/' target='_blank'>SprayA</a> <a href='https://www.cmt.upv.es/#/ecn/Boundaryconditions/internalGeometry/igSprayA' target='_blank'>geom</a>; 210675; <a href='/diesel-spray-combustion/target-condition/spray-a-nozzle-geometry/',-,-,-,-,density@tipTemp = 687 kg/m^3,-,-,-,20.18,0.71,0.64,-,-,-,0.736,0.016,0.035,-,-,-,-,-,-,-,-,-,-,<a href= 'https://www.cmt.upv.es/#/ecn/Principal' target='_blank'>CMT ECN website</a> ,<a href= 'https://www.cmt.upv.es/#/ecn/Principal' target='_blank'>CMT ECN website</a> 
625,15,850,22.8,0.090ks-a,A210675,150,>4,nC12,363,cmt,68_nozz675_Tg850_dens023_Bp058_O2X15_pr1500_rep08,2012,<a href= '/cvdata/cmt/ReadMeCMT.pdf' target='_blank'>readme</a>,<a href= '/references/?table_filter=2019-00014' target='_blank'><sup>1</sup></a> ,14.91,0.15,O2 = 14.9;N2 = 85.1,-,-,847.8,1.4,4,-,-,22.86,0.04,0.11,22.86,22.86,5.75,1.034,-,0.1,0.1,-,-,-,150,1.5,-,385,2,15,385,2,15,<a href= 'https://www.cmt.upv.es/#/ecn/download/InjectionRateGenerator/InjectionRateGenerator' target='_blank'>measured</a>; <a href= '/cvdata/cmt/ReadMeCMT.pdf' target='_blank'>recommended</a> ,-,-,-,-,-,-,-,-,0.91,0.01,0.98,0.02,0.894,&plusmn;0.001,injector SN 210675; <a href= '/diesel-spray-combustion/target-condition/spray-a-nozzle-geometry/' target='_blank'>SprayA</a> <a href='https://www.cmt.upv.es/#/ecn/Boundaryconditions/internalGeometry/igSprayA' target='_blank'>geom</a>; 210675; <a href='/diesel-spray-combustion/target-condition/spray-a-nozzle-geometry/',-,-,-,-,density@tipTemp = 687 kg/m^3,-,-,-,22.8,0.79,0.6,-,-,-,0.666,0.012,0.032,-,-,-,-,-,-,-,-,-,-,<a href= 'https://www.cmt.upv.es/#/ecn/Principal' target='_blank'>CMT ECN website</a> ,<a href= 'https://www.cmt.upv.es/#/ecn/Principal' target='_blank'>CMT ECN website</a> 
626,15,900,22.8,0.090ks-a,A210675,30,>4,nC12,363,cmt,69_nozz675_Tg900_dens023_Bp061_O2X15_pr300_rep08,2012,<a href= '/cvdata/cmt/ReadMeCMT.pdf' target='_blank'>readme</a>,<a href= '/references/?table_filter=2019-00014' target='_blank'><sup>1</sup></a> ,15.09,0.15,O2 = 15.1;N2 = 84.9,-,-,897.2,1.1,4,-,-,22.87,0.03,0.11,22.87,22.87,6.09,1.034,-,0.1,0.1,-,-,-,30,1.5,-,387,2,15,387,2,15,<a href= 'https://www.cmt.upv.es/#/ecn/download/InjectionRateGenerator/InjectionRateGenerator' target='_blank'>measured</a>; <a href= '/cvdata/cmt/ReadMeCMT.pdf' target='_blank'>recommended</a> ,-,-,-,-,-,-,-,-,0.88,0.01,0.96,0.02,0.894,&plusmn;0.001,injector SN 210675; <a href= '/diesel-spray-combustion/target-condition/spray-a-nozzle-geometry/' target='_blank'>SprayA</a> <a href='https://www.cmt.upv.es/#/ecn/Boundaryconditions/internalGeometry/igSprayA' target='_blank'>geom</a>; 210675; <a href='/diesel-spray-combustion/target-condition/spray-a-nozzle-geometry/',-,-,-,-,density@tipTemp = 686 kg/m^3,-,-,-,11.51,0.42,0.39,-,-,-,0.582,0.02,0.038,-,-,-,-,-,-,-,-,-,-,<a href= 'https://www.cmt.upv.es/#/ecn/Principal' target='_blank'>CMT ECN website</a> ,<a href= 'https://www.cmt.upv.es/#/ecn/Principal' target='_blank'>CMT ECN website</a> 
627,15,900,22.8,0.090ks-a,A210675,50,>4,nC12,363,cmt,70_nozz675_Tg900_dens023_Bp061_O2X15_pr500_rep08,2012,<a href= '/cvdata/cmt/ReadMeCMT.pdf' target='_blank'>readme</a>,<a href= '/references/?table_filter=2019-00014' target='_blank'><sup>1</sup></a> ,15.12,0.15,O2 = 15.1;N2 = 84.9,-,-,897.8,1.1,4,-,-,22.86,0.03,0.11,22.86,22.86,6.09,1.034,-,0.1,0.1,-,-,-,50,1.5,-,388,2,15,388,2,15,<a href= 'https://www.cmt.upv.es/#/ecn/download/InjectionRateGenerator/InjectionRateGenerator' target='_blank'>measured</a>; <a href= '/cvdata/cmt/ReadMeCMT.pdf' target='_blank'>recommended</a> ,-,-,-,-,-,-,-,-,0.89,0.01,0.96,0.02,0.894,&plusmn;0.001,injector SN 210675; <a href= '/diesel-spray-combustion/target-condition/spray-a-nozzle-geometry/' target='_blank'>SprayA</a> <a href='https://www.cmt.upv.es/#/ecn/Boundaryconditions/internalGeometry/igSprayA' target='_blank'>geom</a>; 210675; <a href='/diesel-spray-combustion/target-condition/spray-a-nozzle-geometry/',-,-,-,-,density@tipTemp = 685 kg/m^3,-,-,-,12.95,0.39,0.38,-,-,-,0.528,0.015,0.035,-,-,-,-,-,-,-,-,-,-,<a href= 'https://www.cmt.upv.es/#/ecn/Principal' target='_blank'>CMT ECN website</a> ,<a href= 'https://www.cmt.upv.es/#/ecn/Principal' target='_blank'>CMT ECN website</a> 
628,15,900,22.8,0.090ks-a,A210675,75,>4,nC12,363,cmt,71_nozz675_Tg900_dens023_Bp061_O2X15_pr750_rep08,2012,<a href= '/cvdata/cmt/ReadMeCMT.pdf' target='_blank'>readme</a>,<a href= '/references/?table_filter=2019-00014' target='_blank'><sup>1</sup></a> ,15.01,0.15,O2 = 15.0;N2 = 85.0,-,-,898.6,0.9,4,-,-,22.83,0.02,0.11,22.83,22.83,6.09,1.034,-,0.1,0.1,-,-,-,75,1.5,-,386,2,15,386,2,15,<a href= 'https://www.cmt.upv.es/#/ecn/download/InjectionRateGenerator/InjectionRateGenerator' target='_blank'>measured</a>; <a href= '/cvdata/cmt/ReadMeCMT.pdf' target='_blank'>recommended</a> ,-,-,-,-,-,-,-,-,0.9,0.01,0.97,0.02,0.894,&plusmn;0.001,injector SN 210675; <a href= '/diesel-spray-combustion/target-condition/spray-a-nozzle-geometry/' target='_blank'>SprayA</a> <a href='https://www.cmt.upv.es/#/ecn/Boundaryconditions/internalGeometry/igSprayA' target='_blank'>geom</a>; 210675; <a href='/diesel-spray-combustion/target-condition/spray-a-nozzle-geometry/',-,-,-,-,density@tipTemp = 686 kg/m^3,-,-,-,14.54,0.36,0.36,-,-,-,0.496,0.017,0.036,-,-,-,-,-,-,-,-,-,-,<a href= 'https://www.cmt.upv.es/#/ecn/Principal' target='_blank'>CMT ECN website</a> ,<a href= 'https://www.cmt.upv.es/#/ecn/Principal' target='_blank'>CMT ECN website</a> 
629,15,900,22.8,0.090ks-a,A210675,100,>4,nC12,363,cmt,72_nozz675_Tg900_dens023_Bp061_O2X15_pr1000_rep08,2012,<a href= '/cvdata/cmt/ReadMeCMT.pdf' target='_blank'>readme</a>,<a href= '/references/?table_filter=2019-00014' target='_blank'><sup>1</sup></a> ,15.13,0.15,O2 = 15.1;N2 = 84.9,-,-,900.4,1,4,-,-,22.79,0.03,0.11,22.79,22.79,6.09,1.034,-,0.1,0.1,-,-,-,100,1.5,-,386,2,15,386,2,15,<a href= 'https://www.cmt.upv.es/#/ecn/download/InjectionRateGenerator/InjectionRateGenerator' target='_blank'>measured</a>; <a href= '/cvdata/cmt/ReadMeCMT.pdf' target='_blank'>recommended</a> ,-,-,-,-,-,-,-,-,0.9,0.01,0.97,0.02,0.894,&plusmn;0.001,injector SN 210675; <a href= '/diesel-spray-combustion/target-condition/spray-a-nozzle-geometry/' target='_blank'>SprayA</a> <a href='https://www.cmt.upv.es/#/ecn/Boundaryconditions/internalGeometry/igSprayA' target='_blank'>geom</a>; 210675; <a href='/diesel-spray-combustion/target-condition/spray-a-nozzle-geometry/',-,-,-,-,density@tipTemp = 686 kg/m^3,-,-,-,15.92,1,0.7,-,-,-,0.484,0.019,0.038,-,-,-,-,-,-,-,-,-,-,<a href= 'https://www.cmt.upv.es/#/ecn/Principal' target='_blank'>CMT ECN website</a> ,<a href= 'https://www.cmt.upv.es/#/ecn/Principal' target='_blank'>CMT ECN website</a> 
630,15,900,22.8,0.090ks-a,A210675,125,>4,nC12,363,cmt,73_nozz675_Tg900_dens023_Bp061_O2X15_pr1250_rep08,2012,<a href= '/cvdata/cmt/ReadMeCMT.pdf' target='_blank'>readme</a>,<a href= '/references/?table_filter=2019-00014' target='_blank'><sup>1</sup></a> ,15.07,0.15,O2 = 15.1;N2 = 84.9,-,-,899.9,1.1,4,-,-,22.8,0.03,0.11,22.8,22.8,6.09,1.034,-,0.1,0.1,-,-,-,125,1.5,-,386,2,15,386,2,15,<a href= 'https://www.cmt.upv.es/#/ecn/download/InjectionRateGenerator/InjectionRateGenerator' target='_blank'>measured</a>; <a href= '/cvdata/cmt/ReadMeCMT.pdf' target='_blank'>recommended</a> ,-,-,-,-,-,-,-,-,0.9,0.01,0.98,0.02,0.894,&plusmn;0.001,injector SN 210675; <a href= '/diesel-spray-combustion/target-condition/spray-a-nozzle-geometry/' target='_blank'>SprayA</a> <a href='https://www.cmt.upv.es/#/ecn/Boundaryconditions/internalGeometry/igSprayA' target='_blank'>geom</a>; 210675; <a href='/diesel-spray-combustion/target-condition/spray-a-nozzle-geometry/',-,-,-,-,density@tipTemp = 686 kg/m^3,-,-,-,17.01,0.88,0.64,-,-,-,0.461,0.016,0.036,-,-,-,-,-,-,-,-,-,-,<a href= 'https://www.cmt.upv.es/#/ecn/Principal' target='_blank'>CMT ECN website</a> ,<a href= 'https://www.cmt.upv.es/#/ecn/Principal' target='_blank'>CMT ECN website</a> 
631,15,900,22.8,0.090ks-a,A210675,150,>4,nC12,363,cmt,74_nozz675_Tg900_dens023_Bp061_O2X15_pr1500_rep08,2012,<a href= '/cvdata/cmt/ReadMeCMT.pdf' target='_blank'>readme</a>,<a href= '/references/?table_filter=2019-00014' target='_blank'><sup>1</sup></a> ,15.06,0.15,O2 = 15.1;N2 = 84.9,-,-,899.9,1.6,4,-,-,22.8,0.04,0.11,22.8,22.8,6.09,1.034,-,0.1,0.1,-,-,-,150,1.5,-,386,2,15,386,2,15,<a href= 'https://www.cmt.upv.es/#/ecn/download/InjectionRateGenerator/InjectionRateGenerator' target='_blank'>measured</a>; <a href= '/cvdata/cmt/ReadMeCMT.pdf' target='_blank'>recommended</a> ,-,-,-,-,-,-,-,-,0.91,0.01,0.98,0.02,0.894,&plusmn;0.001,injector SN 210675; <a href= '/diesel-spray-combustion/target-condition/spray-a-nozzle-geometry/' target='_blank'>SprayA</a> <a href='https://www.cmt.upv.es/#/ecn/Boundaryconditions/internalGeometry/igSprayA' target='_blank'>geom</a>; 210675; <a href='/diesel-spray-combustion/target-condition/spray-a-nozzle-geometry/',-,-,-,-,density@tipTemp = 687 kg/m^3,-,-,-,17.73,0.58,0.48,-,-,-,0.435,0.016,0.036,-,-,-,-,-,-,-,-,-,-,<a href= 'https://www.cmt.upv.es/#/ecn/Principal' target='_blank'>CMT ECN website</a> ,<a href= 'https://www.cmt.upv.es/#/ecn/Principal' target='_blank'>CMT ECN website</a> 
632,15,900,15.2,0.090ks-a,A210675,50,>4,nC12,363,cmt,79_nozz675_Tg900_dens015_Bp040_O2X15_pr500_rep08,2012,<a href= '/cvdata/cmt/ReadMeCMT.pdf' target='_blank'>readme</a>,<a href= '/references/?table_filter=2019-00014' target='_blank'><sup>1</sup></a> ,15.04,0.15,O2 = 15.0;N2 = 85.0,-,-,898.8,0.7,4,-,-,15.22,0.01,0.07,15.22,15.22,4.03,1.026,-,0.1,0.1,-,-,-,50,1.5,-,382,2,15,382,2,15,<a href= 'https://www.cmt.upv.es/#/ecn/download/InjectionRateGenerator/InjectionRateGenerator' target='_blank'>measured</a>; <a href= '/cvdata/cmt/ReadMeCMT.pdf' target='_blank'>recommended</a> ,-,-,-,-,-,-,-,-,0.89,0.01,0.97,0.02,0.894,&plusmn;0.001,injector SN 210675; <a href= '/diesel-spray-combustion/target-condition/spray-a-nozzle-geometry/' target='_blank'>SprayA</a> <a href='https://www.cmt.upv.es/#/ecn/Boundaryconditions/internalGeometry/igSprayA' target='_blank'>geom</a>; 210675; <a href='/diesel-spray-combustion/target-condition/spray-a-nozzle-geometry/',-,-,-,-,density@tipTemp = 689 kg/m^3,-,-,-,18.94,1.05,0.73,-,-,-,0.796,0.019,0.038,-,-,-,-,-,-,-,-,-,-,<a href= 'https://www.cmt.upv.es/#/ecn/Principal' target='_blank'>CMT ECN website</a> ,<a href= 'https://www.cmt.upv.es/#/ecn/Principal' target='_blank'>CMT ECN website</a> 
633,15,900,15.2,0.090ks-a,A210675,100,>4,nC12,363,cmt,80_nozz675_Tg900_dens015_Bp040_O2X15_pr1000_rep08,2012,<a href= '/cvdata/cmt/ReadMeCMT.pdf' target='_blank'>readme</a>,<a href= '/references/?table_filter=2019-00014' target='_blank'><sup>1</sup></a> ,15.02,0.15,O2 = 15.0;N2 = 85.0,-,-,899.4,1.2,4,-,-,15.21,0.02,0.07,15.21,15.21,4.03,1.026,-,0.1,0.1,-,-,-,100,1.5,-,382,2,15,382,2,15,<a href= 'https://www.cmt.upv.es/#/ecn/download/InjectionRateGenerator/InjectionRateGenerator' target='_blank'>measured</a>; <a href= '/cvdata/cmt/ReadMeCMT.pdf' target='_blank'>recommended</a> ,-,-,-,-,-,-,-,-,0.9,0.01,0.97,0.02,0.894,&plusmn;0.001,injector SN 210675; <a href= '/diesel-spray-combustion/target-condition/spray-a-nozzle-geometry/' target='_blank'>SprayA</a> <a href='https://www.cmt.upv.es/#/ecn/Boundaryconditions/internalGeometry/igSprayA' target='_blank'>geom</a>; 210675; <a href='/diesel-spray-combustion/target-condition/spray-a-nozzle-geometry/',-,-,-,-,density@tipTemp = 689 kg/m^3,-,-,-,23.49,1.52,1.07,-,-,-,0.734,0.02,0.039,-,-,-,-,-,-,-,-,-,-,<a href= 'https://www.cmt.upv.es/#/ecn/Principal' target='_blank'>CMT ECN website</a> ,<a href= 'https://www.cmt.upv.es/#/ecn/Principal' target='_blank'>CMT ECN website</a> 
634,15,900,15.2,0.090ks-a,A210675,150,>4,nC12,363,cmt,81_nozz675_Tg900_dens015_Bp040_O2X15_pr1500_rep08,2012,<a href= '/cvdata/cmt/ReadMeCMT.pdf' target='_blank'>readme</a>,<a href= '/references/?table_filter=2019-00014' target='_blank'><sup>1</sup></a> ,15.05,0.15,O2 = 15.1;N2 = 84.9,-,-,901.9,1.8,4,-,-,15.17,0.03,0.07,15.17,15.17,4.03,1.026,-,0.1,0.1,-,-,-,150,1.5,-,381,2,15,381,2,15,<a href= 'https://www.cmt.upv.es/#/ecn/download/InjectionRateGenerator/InjectionRateGenerator' target='_blank'>measured</a>; <a href= '/cvdata/cmt/ReadMeCMT.pdf' target='_blank'>recommended</a> ,-,-,-,-,-,-,-,-,0.91,0.01,0.99,0.02,0.894,&plusmn;0.001,injector SN 210675; <a href= '/diesel-spray-combustion/target-condition/spray-a-nozzle-geometry/' target='_blank'>SprayA</a> <a href='https://www.cmt.upv.es/#/ecn/Boundaryconditions/internalGeometry/igSprayA' target='_blank'>geom</a>; 210675; <a href='/diesel-spray-combustion/target-condition/spray-a-nozzle-geometry/',-,-,-,-,density@tipTemp = 690 kg/m^3,-,-,-,27.94,4.06,2.43,-,-,-,0.701,0.021,0.04,-,-,-,-,-,-,-,-,-,-,<a href= 'https://www.cmt.upv.es/#/ecn/Principal' target='_blank'>CMT ECN website</a> ,<a href= 'https://www.cmt.upv.es/#/ecn/Principal' target='_blank'>CMT ECN website</a> 
635,15,900,7.6,0.090ks-a,A210675,50,>4,nC12,363,cmt,82_nozz675_Tg900_dens008_Bp020_O2X15_pr500_rep08,2012,<a href= '/cvdata/cmt/ReadMeCMT.pdf' target='_blank'>readme</a>,<a href= '/references/?table_filter=2019-00014' target='_blank'><sup>1</sup></a> ,15.13,0.15,O2 = 15.1;N2 = 84.9,-,-,901.1,1.4,4,-,-,7.59,0.01,0.03,7.59,7.59,2.02,1.026,-,0.1,0.1,-,-,-,50,1.5,-,380,2,15,380,2,15,<a href= 'https://www.cmt.upv.es/#/ecn/download/InjectionRateGenerator/InjectionRateGenerator' target='_blank'>measured</a>; <a href= '/cvdata/cmt/ReadMeCMT.pdf' target='_blank'>recommended</a> ,-,-,-,-,-,-,-,-,0.9,0.01,0.97,0.02,0.894,&plusmn;0.001,injector SN 210675; <a href= '/diesel-spray-combustion/target-condition/spray-a-nozzle-geometry/' target='_blank'>SprayA</a> <a href='https://www.cmt.upv.es/#/ecn/Boundaryconditions/internalGeometry/igSprayA' target='_blank'>geom</a>; 210675; <a href='/diesel-spray-combustion/target-condition/spray-a-nozzle-geometry/',-,-,-,-,density@tipTemp = 690 kg/m^3,-,-,-,40.13,5.98,3.62,-,-,-,1.832,0.055,0.065,-,-,-,-,-,-,-,-,-,-,<a href= 'https://www.cmt.upv.es/#/ecn/Principal' target='_blank'>CMT ECN website</a> ,<a href= 'https://www.cmt.upv.es/#/ecn/Principal' target='_blank'>CMT ECN website</a> 
636,15,900,7.6,0.090ks-a,A210675,100,>4,nC12,363,cmt,83_nozz675_Tg900_dens008_Bp020_O2X15_pr1000_rep08,2012,<a href= '/cvdata/cmt/ReadMeCMT.pdf' target='_blank'>readme</a>,<a href= '/references/?table_filter=2019-00014' target='_blank'><sup>1</sup></a> ,15.04,0.15,O2 = 15.0;N2 = 85.0,-,-,903.3,1.6,4,-,-,7.57,0.01,0.03,7.57,7.57,2.02,1.026,-,0.1,0.1,-,-,-,100,1.5,-,376,2,15,376,2,15,<a href= 'https://www.cmt.upv.es/#/ecn/download/InjectionRateGenerator/InjectionRateGenerator' target='_blank'>measured</a>; <a href= '/cvdata/cmt/ReadMeCMT.pdf' target='_blank'>recommended</a> ,-,-,-,-,-,-,-,-,0.91,0.01,0.98,0.02,0.894,&plusmn;0.001,injector SN 210675; <a href= '/diesel-spray-combustion/target-condition/spray-a-nozzle-geometry/' target='_blank'>SprayA</a> <a href='https://www.cmt.upv.es/#/ecn/Boundaryconditions/internalGeometry/igSprayA' target='_blank'>geom</a>; 210675; <a href='/diesel-spray-combustion/target-condition/spray-a-nozzle-geometry/',-,-,-,-,density@tipTemp = 693 kg/m^3,-,-,-,56.02,4.99,3.26,-,-,-,1.871,0.083,0.086,-,-,-,-,-,-,-,-,-,-,<a href= 'https://www.cmt.upv.es/#/ecn/Principal' target='_blank'>CMT ECN website</a> ,<a href= 'https://www.cmt.upv.es/#/ecn/Principal' target='_blank'>CMT ECN website</a> 
637,15,900,7.6,0.090ks-a,A210675,150,>4,nC12,363,cmt,84_nozz675_Tg900_dens008_Bp020_O2X15_pr1500_rep08,2012,<a href= '/cvdata/cmt/ReadMeCMT.pdf' target='_blank'>readme</a>,<a href= '/references/?table_filter=2019-00014' target='_blank'><sup>1</sup></a> ,15.02,0.15,O2 = 15.0;N2 = 85.0,-,-,904.1,2.1,4,-,-,7.57,0.02,0.03,7.57,7.57,2.02,1.026,-,0.1,0.1,-,-,-,150,1.5,-,377,2,15,377,2,15,<a href= 'https://www.cmt.upv.es/#/ecn/download/InjectionRateGenerator/InjectionRateGenerator' target='_blank'>measured</a>; <a href= '/cvdata/cmt/ReadMeCMT.pdf' target='_blank'>recommended</a> ,-,-,-,-,-,-,-,-,0.91,0.01,0.99,0.02,0.894,&plusmn;0.001,injector SN 210675; <a href= '/diesel-spray-combustion/target-condition/spray-a-nozzle-geometry/' target='_blank'>SprayA</a> <a href='https://www.cmt.upv.es/#/ecn/Boundaryconditions/internalGeometry/igSprayA' target='_blank'>geom</a>; 210675; <a href='/diesel-spray-combustion/target-condition/spray-a-nozzle-geometry/',-,-,-,-,density@tipTemp = 693 kg/m^3,-,-,-,69.35,6.43,4.03,-,-,-,1.938,0.14,0.129,-,-,-,-,-,-,-,-,-,-,<a href= 'https://www.cmt.upv.es/#/ecn/Principal' target='_blank'>CMT ECN website</a> ,<a href= 'https://www.cmt.upv.es/#/ecn/Principal' target='_blank'>CMT ECN website</a> 
638,21,750,22.8,0.090ks-a,A210675,50,>4,nC12,363,cmt,91_nozz675_Tg750_dens023_Bp050_O2X21_pr500_rep08,2012,<a href= '/cvdata/cmt/ReadMeCMT.pdf' target='_blank'>readme</a>,<a href= '/references/?table_filter=2019-00014' target='_blank'><sup>1</sup></a> ,21,0.15,O2 = 21.0;N2 = 79.0,-,-,750.2,2.5,4,-,-,22.77,0.04,0.12,22.8,22.8,5.03,1.025,-,0.1,0.1,-,-,-,50,1.5,-,382,2,15,382,2,15,<a href= 'https://www.cmt.upv.es/#/ecn/download/InjectionRateGenerator/InjectionRateGenerator' target='_blank'>measured</a>; <a href= '/cvdata/cmt/ReadMeCMT.pdf' target='_blank'>recommended</a> ,-,-,-,-,-,-,-,-,0.89,0.01,0.97,0.02,0.894,&plusmn;0.001,injector SN 210675; <a href= '/diesel-spray-combustion/target-condition/spray-a-nozzle-geometry/' target='_blank'>SprayA</a> <a href='https://www.cmt.upv.es/#/ecn/Boundaryconditions/internalGeometry/igSprayA' target='_blank'>geom</a>; 210675; <a href='/diesel-spray-combustion/target-condition/spray-a-nozzle-geometry/',-,-,-,-,density@tipTemp = NaN kg/m^3,-,-,-,25.66,5.42,3.15,-,-,-,2.453,0.1,0.099,-,-,-,-,-,-,-,-,-,-,<a href= 'https://www.cmt.upv.es/#/ecn/Principal' target='_blank'>CMT ECN website</a> ,<a href= 'https://www.cmt.upv.es/#/ecn/Principal' target='_blank'>CMT ECN website</a> 
639,21,750,22.8,0.090ks-a,A210675,100,>4,nC12,363,cmt,92_nozz675_Tg750_dens023_Bp050_O2X21_pr1000_rep08,2012,<a href= '/cvdata/cmt/ReadMeCMT.pdf' target='_blank'>readme</a>,<a href= '/references/?table_filter=2019-00014' target='_blank'><sup>1</sup></a> ,21,0.15,O2 = 21.0;N2 = 79.0,-,-,751.4,0.9,4,-,-,22.76,0.03,0.12,22.76,22.76,5.03,1.025,-,0.1,0.1,-,-,-,100,1.5,-,385,2,15,385,2,15,<a href= 'https://www.cmt.upv.es/#/ecn/download/InjectionRateGenerator/InjectionRateGenerator' target='_blank'>measured</a>; <a href= '/cvdata/cmt/ReadMeCMT.pdf' target='_blank'>recommended</a> ,-,-,-,-,-,-,-,-,0.9,0.01,0.97,0.02,0.894,&plusmn;0.001,injector SN 210675; <a href= '/diesel-spray-combustion/target-condition/spray-a-nozzle-geometry/' target='_blank'>SprayA</a> <a href='https://www.cmt.upv.es/#/ecn/Boundaryconditions/internalGeometry/igSprayA' target='_blank'>geom</a>; 210675; <a href='/diesel-spray-combustion/target-condition/spray-a-nozzle-geometry/',-,-,-,-,density@tipTemp = 687 kg/m^3,-,-,-,34.7,1.67,1.24,-,-,-,2.346,0.077,0.082,-,-,-,-,-,-,-,-,-,-,<a href= 'https://www.cmt.upv.es/#/ecn/Principal' target='_blank'>CMT ECN website</a> ,<a href= 'https://www.cmt.upv.es/#/ecn/Principal' target='_blank'>CMT ECN website</a> 
640,21,750,22.8,0.090ks-a,A210675,150,>4,nC12,363,cmt,93_nozz675_Tg750_dens023_Bp050_O2X21_pr1500_rep08,2012,<a href= '/cvdata/cmt/ReadMeCMT.pdf' target='_blank'>readme</a>,<a href= '/references/?table_filter=2019-00014' target='_blank'><sup>1</sup></a> ,20.98,0.15,O2 = 21.0;N2 = 79.0,-,-,753.1,1.4,4,-,-,22.7,0.04,0.12,22.7,22.7,5.03,1.025,-,0.1,0.1,-,-,-,150,1.5,-,387,2,15,387,2,15,<a href= 'https://www.cmt.upv.es/#/ecn/download/InjectionRateGenerator/InjectionRateGenerator' target='_blank'>measured</a>; <a href= '/cvdata/cmt/ReadMeCMT.pdf' target='_blank'>recommended</a> ,-,-,-,-,-,-,-,-,0.91,0.01,0.99,0.02,0.894,&plusmn;0.001,injector SN 210675; <a href= '/diesel-spray-combustion/target-condition/spray-a-nozzle-geometry/' target='_blank'>SprayA</a> <a href='https://www.cmt.upv.es/#/ecn/Boundaryconditions/internalGeometry/igSprayA' target='_blank'>geom</a>; 210675; <a href='/diesel-spray-combustion/target-condition/spray-a-nozzle-geometry/',-,-,-,-,density@tipTemp = 686 kg/m^3,-,-,-,39.59,1.5,1.14,-,-,-,2.172,0.028,0.045,-,-,-,-,-,-,-,-,-,-,<a href= 'https://www.cmt.upv.es/#/ecn/Principal' target='_blank'>CMT ECN website</a> ,<a href= 'https://www.cmt.upv.es/#/ecn/Principal' target='_blank'>CMT ECN website</a> 
641,21,800,22.8,0.090ks-a,A210675,50,>4,nC12,363,cmt,94_nozz675_Tg800_dens023_Bp054_O2X21_pr500_rep08,2012,<a href= '/cvdata/cmt/ReadMeCMT.pdf' target='_blank'>readme</a>,<a href= '/references/?table_filter=2019-00014' target='_blank'><sup>1</sup></a> ,20.98,0.15,O2 = 21.0;N2 = 79.0,-,-,805.7,0.8,4,-,-,22.64,0.02,0.12,22.64,22.64,5.37,1.026,-,0.1,0.1,-,-,-,50,1.5,-,382,2,15,382,2,15,<a href= 'https://www.cmt.upv.es/#/ecn/download/InjectionRateGenerator/InjectionRateGenerator' target='_blank'>measured</a>; <a href= '/cvdata/cmt/ReadMeCMT.pdf' target='_blank'>recommended</a> ,-,-,-,-,-,-,-,-,0.89,0.01,0.97,0.02,0.894,&plusmn;0.001,injector SN 210675; <a href= '/diesel-spray-combustion/target-condition/spray-a-nozzle-geometry/' target='_blank'>SprayA</a> <a href='https://www.cmt.upv.es/#/ecn/Boundaryconditions/internalGeometry/igSprayA' target='_blank'>geom</a>; 210675; <a href='/diesel-spray-combustion/target-condition/spray-a-nozzle-geometry/',-,-,-,-,density@tipTemp = 689 kg/m^3,-,-,-,14.75,2.49,1.42,-,-,-,0.98,0.037,0.052,-,-,-,-,-,-,-,-,-,-,<a href= 'https://www.cmt.upv.es/#/ecn/Principal' target='_blank'>CMT ECN website</a> ,<a href= 'https://www.cmt.upv.es/#/ecn/Principal' target='_blank'>CMT ECN website</a> 
642,21,800,22.8,0.090ks-a,A210675,100,>4,nC12,363,cmt,95_nozz675_Tg800_dens023_Bp054_O2X21_pr1000_rep08,2012,<a href= '/cvdata/cmt/ReadMeCMT.pdf' target='_blank'>readme</a>,<a href= '/references/?table_filter=2019-00014' target='_blank'><sup>1</sup></a> ,20.97,0.15,O2 = 21.0;N2 = 79.0,-,-,808.2,1,4,-,-,22.57,0.03,0.12,22.57,22.57,5.37,1.026,-,0.1,0.1,-,-,-,100,1.5,-,382,2,15,382,2,15,<a href= 'https://www.cmt.upv.es/#/ecn/download/InjectionRateGenerator/InjectionRateGenerator' target='_blank'>measured</a>; <a href= '/cvdata/cmt/ReadMeCMT.pdf' target='_blank'>recommended</a> ,-,-,-,-,-,-,-,-,0.9,0.01,0.97,0.02,0.894,&plusmn;0.001,injector SN 210675; <a href= '/diesel-spray-combustion/target-condition/spray-a-nozzle-geometry/' target='_blank'>SprayA</a> <a href='https://www.cmt.upv.es/#/ecn/Boundaryconditions/internalGeometry/igSprayA' target='_blank'>geom</a>; 210675; <a href='/diesel-spray-combustion/target-condition/spray-a-nozzle-geometry/',-,-,-,-,density@tipTemp = 689 kg/m^3,-,-,-,18.92,1.02,0.72,-,-,-,0.866,0.027,0.044,-,-,-,-,-,-,-,-,-,-,<a href= 'https://www.cmt.upv.es/#/ecn/Principal' target='_blank'>CMT ECN website</a> ,<a href= 'https://www.cmt.upv.es/#/ecn/Principal' target='_blank'>CMT ECN website</a> 
643,21,800,22.8,0.090ks-a,A210675,150,>4,nC12,363,cmt,96_nozz675_Tg800_dens023_Bp054_O2X21_pr1500_rep08,2012,<a href= '/cvdata/cmt/ReadMeCMT.pdf' target='_blank'>readme</a>,<a href= '/references/?table_filter=2019-00014' target='_blank'><sup>1</sup></a> ,20.94,0.15,O2 = 20.9;N2 = 79.1,-,-,807.7,1.5,4,-,-,22.58,0.04,0.12,22.58,22.58,5.37,1.026,-,0.1,0.1,-,-,-,150,1.5,-,383,2,15,383,2,15,<a href= 'https://www.cmt.upv.es/#/ecn/download/InjectionRateGenerator/InjectionRateGenerator' target='_blank'>measured</a>; <a href= '/cvdata/cmt/ReadMeCMT.pdf' target='_blank'>recommended</a> ,-,-,-,-,-,-,-,-,0.91,0.01,0.99,0.02,0.894,&plusmn;0.001,injector SN 210675; <a href= '/diesel-spray-combustion/target-condition/spray-a-nozzle-geometry/' target='_blank'>SprayA</a> <a href='https://www.cmt.upv.es/#/ecn/Boundaryconditions/internalGeometry/igSprayA' target='_blank'>geom</a>; 210675; <a href='/diesel-spray-combustion/target-condition/spray-a-nozzle-geometry/',-,-,-,-,density@tipTemp = 688 kg/m^3,-,-,-,22.23,1.59,1.02,-,-,-,0.853,0.035,0.05,-,-,-,-,-,-,-,-,-,-,<a href= 'https://www.cmt.upv.es/#/ecn/Principal' target='_blank'>CMT ECN website</a> ,<a href= 'https://www.cmt.upv.es/#/ecn/Principal' target='_blank'>CMT ECN website</a> 
644,21,900,22.8,0.090ks-a,A210675,50,>4,nC12,363,cmt,98_nozz675_Tg900_dens023_Bp061_O2X21_pr500_rep08,2012,<a href= '/cvdata/cmt/ReadMeCMT.pdf' target='_blank'>readme</a>,<a href= '/references/?table_filter=2019-00014' target='_blank'><sup>1</sup></a> ,20.94,0.15,O2 = 20.9;N2 = 79.1,-,-,900.7,1.1,4,-,-,22.78,0.03,0.1,22.78,22.78,6.05,1.027,-,0.1,0.1,-,-,-,50,1.5,-,389,2,15,389,2,15,<a href= 'https://www.cmt.upv.es/#/ecn/download/InjectionRateGenerator/InjectionRateGenerator' target='_blank'>measured</a>; <a href= '/cvdata/cmt/ReadMeCMT.pdf' target='_blank'>recommended</a> ,-,-,-,-,-,-,-,-,0.89,0.01,0.96,0.02,0.894,&plusmn;0.001,injector SN 210675; <a href= '/diesel-spray-combustion/target-condition/spray-a-nozzle-geometry/' target='_blank'>SprayA</a> <a href='https://www.cmt.upv.es/#/ecn/Boundaryconditions/internalGeometry/igSprayA' target='_blank'>geom</a>; 210675; <a href='/diesel-spray-combustion/target-condition/spray-a-nozzle-geometry/',-,-,-,-,density@tipTemp = 684 kg/m^3,-,-,-,9.3,0.64,0.66,-,-,-,0.383,0.01,0.031,-,-,-,-,-,-,-,-,-,-,<a href= 'https://www.cmt.upv.es/#/ecn/Principal' target='_blank'>CMT ECN website</a> ,<a href= 'https://www.cmt.upv.es/#/ecn/Principal' target='_blank'>CMT ECN website</a> 
645,21,900,22.8,0.090ks-a,A210675,100,>4,nC12,363,cmt,100_nozz675_Tg900_dens023_Bp061_O2X21_pr1000_rep08,2012,<a href= '/cvdata/cmt/ReadMeCMT.pdf' target='_blank'>readme</a>,<a href= '/references/?table_filter=2019-00014' target='_blank'><sup>1</sup></a> ,21.06,0.15,O2 = 21.1;N2 = 78.9,-,-,901.3,1.3,4,-,-,22.77,0.03,0.1,22.77,22.77,6.05,1.027,-,0.1,0.1,-,-,-,100,1.5,-,386,2,15,386,2,15,<a href= 'https://www.cmt.upv.es/#/ecn/download/InjectionRateGenerator/InjectionRateGenerator' target='_blank'>measured</a>; <a href= '/cvdata/cmt/ReadMeCMT.pdf' target='_blank'>recommended</a> ,-,-,-,-,-,-,-,-,0.9,0.01,0.97,0.02,0.894,&plusmn;0.001,injector SN 210675; <a href= '/diesel-spray-combustion/target-condition/spray-a-nozzle-geometry/' target='_blank'>SprayA</a> <a href='https://www.cmt.upv.es/#/ecn/Boundaryconditions/internalGeometry/igSprayA' target='_blank'>geom</a>; 210675; <a href='/diesel-spray-combustion/target-condition/spray-a-nozzle-geometry/',-,-,-,-,density@tipTemp = 686 kg/m^3,-,-,-,11.29,0.57,0.39,-,-,-,0.346,0.012,0.032,-,-,-,-,-,-,-,-,-,-,<a href= 'https://www.cmt.upv.es/#/ecn/Principal' target='_blank'>CMT ECN website</a> ,<a href= 'https://www.cmt.upv.es/#/ecn/Principal' target='_blank'>CMT ECN website</a> 
646,21,900,22.8,0.090ks-a,A210675,150,>4,nC12,363,cmt,102_nozz675_Tg900_dens023_Bp061_O2X21_pr1500_rep08,2012,<a href= '/cvdata/cmt/ReadMeCMT.pdf' target='_blank'>readme</a>,<a href= '/references/?table_filter=2019-00014' target='_blank'><sup>1</sup></a> ,21,0.15,O2 = 21.0;N2 = 79.0,-,-,905,1.5,4,-,-,22.67,0.04,0.1,22.67,22.67,6.05,1.027,-,0.1,0.1,-,-,-,150,1.5,-,386,2,15,386,2,15,<a href= 'https://www.cmt.upv.es/#/ecn/download/InjectionRateGenerator/InjectionRateGenerator' target='_blank'>measured</a>; <a href= '/cvdata/cmt/ReadMeCMT.pdf' target='_blank'>recommended</a> ,-,-,-,-,-,-,-,-,0.91,0.01,0.98,0.02,0.894,&plusmn;0.001,injector SN 210675; <a href= '/diesel-spray-combustion/target-condition/spray-a-nozzle-geometry/' target='_blank'>SprayA</a> <a href='https://www.cmt.upv.es/#/ecn/Boundaryconditions/internalGeometry/igSprayA' target='_blank'>geom</a>; 210675; <a href='/diesel-spray-combustion/target-condition/spray-a-nozzle-geometry/',-,-,-,-,density@tipTemp = 687 kg/m^3,-,-,-,12.61,0.47,0.42,-,-,-,0.316,0.01,0.031,-,-,-,-,-,-,-,-,-,-,<a href= 'https://www.cmt.upv.es/#/ecn/Principal' target='_blank'>CMT ECN website</a> ,<a href= 'https://www.cmt.upv.es/#/ecn/Principal' target='_blank'>CMT ECN website</a> 
647,0,440,3.8,0.090ks-a,A210675,150,1.5,nC12,363,Sandia,cxadaAL1,2-Sep-11,<a href= '/cvdata/assets/datafiles/readme/cxadaAL1-notes.txt' target='_blank'>notes</a>,<a href= '/references/?table_filter=2019-00010' target='_blank'><sup>1</sup></a>,0,-,N2 = 100.0;,-,28,435,-,&plusmn;3,-,435,3.8,-,&plusmn;0.1,-,3.8,0.5,1,-,-,-,-,-,<a href= '/diesel-spray-combustion/sandia-cv/combustion-vessel-geometry/' target='_blank'>Vesssel Geometry</a>,150,-,-,363,-,&plusmn;10,363,-,-,<a href= '/sprayaroi/' target='_blank'>rate of injection</a>,-,-,1.54,0.02,&plusmn;0.001,3.9,-,-,0.90; <a href= '/diesel-spray-combustion/sandia-cv/injector-characterization/2007-to-present/' target='_blank'>SprayA nozzle coefficients</a>,&plusmn;0.01,-,-,0.0894,&plusmn;0.001,injector SN 210675; <a href= '/diesel-spray-combustion/target-condition/spray-a-nozzle-geometry/' target='_blank'>SprayA</a>,-,-,-,0.02,-,-,-,-,-,-,-,-,-,-,-,-,-,-,-,-,-,-,-,-,-,-,-,<a href= '/pub-links/jm001/ldm-ht/' target='_blank'>LDM Movies</a> ,-
648,0,440,7.6,0.090ks-a,A210675,150,1.5,nC12,363,Sandia,cxbdaAL1,2-Sep-11,<a href= '/cvdata/assets/datafiles/readme/cxbdaAL1-notes.txt' target='_blank'>notes</a>,<a href= '/references/?table_filter=2019-00010' target='_blank'><sup>1</sup></a>,0,-,N2 = 100.0;,-,28,435,-,&plusmn;3,-,435,7.6,-,&plusmn;0.1,-,7.6,1,1,-,-,-,-,-,<a href= '/diesel-spray-combustion/sandia-cv/combustion-vessel-geometry/' target='_blank'>Vesssel Geometry</a>,150,-,-,363,-,&plusmn;10,363,-,-,<a href= '/sprayaroi/' target='_blank'>rate of injection</a>,-,-,1.54,0.02,&plusmn;0.001,3.9,-,-,0.90; <a href= '/diesel-spray-combustion/sandia-cv/injector-characterization/2007-to-present/' target='_blank'>SprayA nozzle coefficients</a>,&plusmn;0.01,-,-,0.0894,&plusmn;0.001,injector SN 210675; <a href= '/diesel-spray-combustion/target-condition/spray-a-nozzle-geometry/' target='_blank'>SprayA</a>,-,-,-,0.02,-,-,-,-,-,-,-,-,-,-,-,-,-,-,-,-,-,-,-,-,-,-,-,<a href= '/pub-links/jm001/ldm-ht/' target='_blank'>LDM Movies</a> ,-
649,0,440,15.2,0.090ks-a,A210675,150,1.5,nC12,363,Sandia,cxcdaAL1,2-Sep-11,<a href= '/cvdata/assets/datafiles/readme/cxcdaAL1-notes.txt' target='_blank'>notes</a>,<a href= '/references/?table_filter=2019-00010' target='_blank'><sup>1</sup></a>,0,-,N2 = 100.0;,-,28,435,-,&plusmn;3,-,435,15.2,-,&plusmn;0.1,-,15.2,2,1,-,-,-,-,-,<a href= '/diesel-spray-combustion/sandia-cv/combustion-vessel-geometry/' target='_blank'>Vesssel Geometry</a>,150,-,-,363,-,&plusmn;10,363,-,-,<a href= '/sprayaroi/' target='_blank'>rate of injection</a>,-,-,1.54,0.02,&plusmn;0.001,3.9,-,-,0.90; <a href= '/diesel-spray-combustion/sandia-cv/injector-characterization/2007-to-present/' target='_blank'>SprayA nozzle coefficients</a>,&plusmn;0.01,-,-,0.0894,&plusmn;0.001,injector SN 210675; <a href= '/diesel-spray-combustion/target-condition/spray-a-nozzle-geometry/' target='_blank'>SprayA</a>,-,-,-,0.02,-,-,-,-,-,-,-,-,-,-,-,-,-,-,-,-,-,-,-,-,-,-,-,<a href= '/pub-links/jm001/ldm-ht/' target='_blank'>LDM Movies</a> ,-
650,0,440,22.8,0.090ks-a,A210675,150,1.5,nC12,363,Sandia,cxldaAL1,2-Sep-11,<a href= '/cvdata/assets/datafiles/readme/cxldaAL1-notes.txt' target='_blank'>notes</a>,<a href= '/references/?table_filter=2019-00010' target='_blank'><sup>1</sup></a>,0,-,N2 = 100.0;,-,28,435,-,&plusmn;3,-,435,22.8,-,&plusmn;0.1,-,22.8,3,1,-,-,-,-,-,<a href= '/diesel-spray-combustion/sandia-cv/combustion-vessel-geometry/' target='_blank'>Vesssel Geometry</a>,150,-,-,363,-,&plusmn;10,363,-,-,<a href= '/sprayaroi/' target='_blank'>rate of injection</a>,-,-,1.54,0.02,&plusmn;0.001,3.9,-,-,0.90; <a href= '/diesel-spray-combustion/sandia-cv/injector-characterization/2007-to-present/' target='_blank'>SprayA nozzle coefficients</a>,&plusmn;0.01,-,-,0.0894,&plusmn;0.001,injector SN 210675; <a href= '/diesel-spray-combustion/target-condition/spray-a-nozzle-geometry/' target='_blank'>SprayA</a>,-,-,-,0.02,-,-,-,-,-,-,-,-,-,-,-,-,-,-,-,-,-,-,-,-,-,-,-,<a href= '/pub-links/jm001/ldm-ht/' target='_blank'>LDM Movies</a>; <a href= '/pub-links/jm001/pub-links/jm001/ldm-ht/' target='_blank'>Movies SAE 2014</a>; ,-
651,0,900,3.8,0.090ks-a,A210675,150,1.5,nC12,363,Sandia,bkadaAL1,2-Sep-11,<a href= '/cvdata/assets/datafiles/readme/bkadaAL1-notes.txt' target='_blank'>notes</a>,<a href= '/references/?table_filter=2019-00010' target='_blank'><sup>1</sup></a>,0,-,O2 = 0.00; N2 = 89.71; CO2 = 6.52; H2O = 3.77;,-,28.68,900,-,&plusmn;3,-,900,3.8,-,&plusmn;0.1,-,3.8,1,1.002,-,-,-,-,-,<a href= '/diesel-spray-combustion/sandia-cv/combustion-vessel-geometry/' target='_blank'>Vesssel Geometry</a>,150,-,-,373,-,&plusmn;30,<a href= '/references/?table_filter=2019-00083' target='_blank'>Meijer 2012</a>,-,-,<a href= '/sprayaroi/' target='_blank'>rate of injection</a>,-,-,1.54,0.02,&plusmn;0.001,3.9,-,-,0.90; <a href= '/diesel-spray-combustion/sandia-cv/injector-characterization/2007-to-present/' target='_blank'>SprayA nozzle coefficients</a>,&plusmn;0.01,-,-,0.0894,&plusmn;0.001,injector SN 210675; <a href= '/diesel-spray-combustion/target-condition/spray-a-nozzle-geometry/' target='_blank'>SprayA</a>,-,-,-,0.02,-,-,-,-,-,-,-,-,-,-,-,-,-,-,-,-,-,-,-,-,-,-,-,<a href= '/pub-links/jm001/ldm-ht/' target='_blank'>LDM Movies</a> ,-
652,0,900,15.2,0.090ks-a,A210675,150,1.5,nC12,363,Sandia,bkcdaAL1,2-Sep-11,<a href= '/cvdata/assets/datafiles/readme/bkcdaAL1-notes.txt' target='_blank'>notes</a>,<a href= '/references/?table_filter=2019-00010' target='_blank'><sup>1</sup></a>,0,-,O2 = 0.00; N2 = 89.71; CO2 = 6.52; H2O = 3.77;,-,28.68,900,-,&plusmn;3,-,900,15.2,-,&plusmn;0.1,-,15.2,4,1.01,-,-,-,-,-,<a href= '/diesel-spray-combustion/sandia-cv/combustion-vessel-geometry/' target='_blank'>Vesssel Geometry</a>,150,-,-,373,-,&plusmn;30,<a href= '/references/?table_filter=2019-00083' target='_blank'>Meijer 2012</a>,-,-,<a href= '/sprayaroi/' target='_blank'>rate of injection</a>,-,-,1.54,0.02,&plusmn;0.001,3.9,-,-,0.90; <a href= '/diesel-spray-combustion/sandia-cv/injector-characterization/2007-to-present/' target='_blank'>SprayA nozzle coefficients</a>,&plusmn;0.01,-,-,0.0894,&plusmn;0.001,injector SN 210675; <a href= '/diesel-spray-combustion/target-condition/spray-a-nozzle-geometry/' target='_blank'>SprayA</a>,-,-,-,0.02,-,-,-,-,-,-,-,-,-,-,-,-,-,-,-,-,-,-,-,-,-,-,-,<a href= '/pub-links/jm001/ldm-ht/' target='_blank'>LDM Movies</a> ,-
653,0,900,22.8,0.090ks-a,A210675,150,1.5,nC12,363,Sandia,bkldaAL1,2-Sep-11,<a href= '/cvdata/assets/datafiles/readme/bkldaAL1-notes.txt' target='_blank'>notes</a>,<a href= '/references/?table_filter=2019-00010' target='_blank'><sup>1</sup></a>,0,-,O2 = 0.00; N2 = 89.71; CO2 = 6.52; H2O = 3.77;,-,28.68,900,-,&plusmn;3,-,900,22.8,-,&plusmn;0.1,-,22.8,6,1.016,-,-,-,-,-,<a href= '/diesel-spray-combustion/sandia-cv/combustion-vessel-geometry/' target='_blank'>Vesssel Geometry</a>,150,-,-,373,-,&plusmn;30,<a href= '/references/?table_filter=2019-00083' target='_blank'>Meijer 2012</a>,-,-,<a href= '/sprayaroi/' target='_blank'>rate of injection</a>,-,-,1.54,0.02,&plusmn;0.001,3.9,-,-,0.90; <a href= '/diesel-spray-combustion/sandia-cv/injector-characterization/2007-to-present/' target='_blank'>SprayA nozzle coefficients</a>,&plusmn;0.01,-,-,0.0894,&plusmn;0.001,injector SN 210675; <a href= '/diesel-spray-combustion/target-condition/spray-a-nozzle-geometry/' target='_blank'>SprayA</a>,-,-,-,0.02,-,10.9;<a href= '/dbi675/' target='_blank'>DBI data</a>,0.67,&plusmn;0.3,-,-,-,-,-,-,-,-,-,-,-,-,-,-,-,-,-,-,-,<a href= '/pub-links/jm001/ldm-ht/' target='_blank'>LDM Movies</a>; <a href= '/dbi675/' target='_blank'>DBI data</a>,-
654,0,700,9.8,0.090ks-a,A210675,50,1.5,nC12,363,Sandia,bopraAL1,2-Sep-11,<a href= '/cvdata/assets/datafiles/readme/bopraAL1-notes.txt' target='_blank'>notes</a>,<a href= '/references/?table_filter=2019-00010' target='_blank'><sup>1</sup></a>,0,-,O2 = 0.00; N2 = 89.71; CO2 = 6.52; H2O = 3.77;,-,28.68,700,-,&plusmn;3,-,700,9.8,-,&plusmn;0.1,-,9.8,2,1.005,-,-,-,-,-,<a href= '/diesel-spray-combustion/sandia-cv/combustion-vessel-geometry/' target='_blank'>Vesssel Geometry</a>,50,-,-,373,-,&plusmn;30,<a href= '/references/?table_filter=2019-00083' target='_blank'>Meijer 2012</a>,-,-,<a href= '/sprayaroi/' target='_blank'>rate of injection</a>,-,-,-,-,&plusmn;0.001,-,-,-,0.90; <a href= '/diesel-spray-combustion/sandia-cv/injector-characterization/2007-to-present/' target='_blank'>SprayA nozzle coefficients</a>,&plusmn;0.01,-,-,0.0894,&plusmn;0.001,injector SN 210675; <a href= '/diesel-spray-combustion/target-condition/spray-a-nozzle-geometry/' target='_blank'>SprayA</a>,-,-,-,0.02,-,-,-,-,-,-,-,-,-,-,-,-,-,-,-,-,-,-,-,-,-,-,-,<a href= '/pub-links/jm001/ldm-ht/' target='_blank'>LDM Movies</a> ,-
655,0,700,22.8,0.090ks-a,A210675,150,1.5,nC12,363,Sandia,boldaAL1,2-Sep-11,<a href= '/cvdata/assets/datafiles/readme/boldaAL1-notes.txt' target='_blank'>notes</a>,<a href= '/references/?table_filter=2019-00010' target='_blank'><sup>1</sup></a>,0,-,O2 = 0.00; N2 = 89.71; CO2 = 6.52; H2O = 3.77;,-,28.68,700,-,&plusmn;3,-,700,22.8,-,&plusmn;0.1,-,22.8,4.6,1.014,-,-,-,-,-,<a href= '/diesel-spray-combustion/sandia-cv/combustion-vessel-geometry/' target='_blank'>Vesssel Geometry</a>,150,-,-,373,-,&plusmn;30,<a href= '/references/?table_filter=2019-00083' target='_blank'>Meijer 2012</a>,-,-,<a href= '/sprayaroi/' target='_blank'>rate of injection</a>,-,-,1.54,0.02,&plusmn;0.001,3.9,-,-,0.90; <a href= '/diesel-spray-combustion/sandia-cv/injector-characterization/2007-to-present/' target='_blank'>SprayA nozzle coefficients</a>,&plusmn;0.01,-,-,0.0894,&plusmn;0.001,injector SN 210675; <a href= '/diesel-spray-combustion/target-condition/spray-a-nozzle-geometry/' target='_blank'>SprayA</a>,-,-,-,0.02,-,16.3;<a href= '/dbi675/' target='_blank'>DBI data</a>,0.93,&plusmn;0.64,-,-,-,-,-,-,-,-,-,-,-,-,-,-,-,-,-,-,-,<a href= '/pub-links/jm001/ldm-ht/' target='_blank'>LDM Movies</a>; <a href= '/dbi675/' target='_blank'>DBI data</a>,-
656,0,700,22.8,0.090ks-a,A210370,50,1.5,nC12,363,Sandia,bolrnAL1,21-Mar-12,<a href= '/cvdata/assets/datafiles/readme/bolraAL1-notes.txt' target='_blank'>notes</a>,<a href= '/references/?table_filter=2019-00010' target='_blank'><sup>1</sup></a>,0,-,O2 = 0.00; N2 = 89.71; CO2 = 6.52; H2O = 3.77;,-,28.68,700,-,&plusmn;3,-,700,22.8,-,&plusmn;0.1,-,22.8,4.6,1.014,-,-,-,-,-,<a href= '/diesel-spray-combustion/sandia-cv/combustion-vessel-geometry/' target='_blank'>Vesssel Geometry</a>,50,-,-,373,-,&plusmn;30,363,-,-,<a href= '/sprayaroi/' target='_blank'>rate of injection</a>,-,-,-,-,&plusmn;0.001,-,-,-,0.90; <a href= '/diesel-spray-combustion/sandia-cv/injector-characterization/2007-to-present/' target='_blank'>SprayA nozzle coefficients</a>,&plusmn;0.01,-,-,0.0907,&plusmn;0.001,injector SN 210370; <a href= '/diesel-spray-combustion/target-condition/spray-a-nozzle-geometry/' target='_blank'>SprayA</a>,-,-,-,0.02,-,-,-,-,-,-,-,-,-,-,-,-,-,-,-,-,-,-,-,-,-,-,-,<a href= '/pub-links/jm001/ldm-ht/' target='_blank'>LDM Movies</a> ,-
657,0,900,11.4,0.090ks-a,A210370,50,1.5,nC12,363,Sandia,bknrnAL1,21-Mar-12,<a href= '/cvdata/assets/datafiles/readme/bknraAL1-notes.txt' target='_blank'>notes</a>,<a href= '/references/?table_filter=2019-00010' target='_blank'><sup>1</sup></a>,0,-,O2 = 0.00; N2 = 89.71; CO2 = 6.52; H2O = 3.77;,-,28.68,900,-,&plusmn;3,-,900,11.4,-,&plusmn;0.1,-,11.4,3,1.007,-,-,-,-,-,<a href= '/diesel-spray-combustion/sandia-cv/combustion-vessel-geometry/' target='_blank'>Vesssel Geometry</a>,50,-,-,373,-,&plusmn;30,363,-,-,<a href= '/sprayaroi/' target='_blank'>rate of injection</a>,-,-,-,-,&plusmn;0.001,-,-,-,0.90; <a href= '/diesel-spray-combustion/sandia-cv/injector-characterization/2007-to-present/' target='_blank'>SprayA nozzle coefficients</a>,&plusmn;0.01,-,-,0.0907,&plusmn;0.001,injector SN 210370; <a href= '/diesel-spray-combustion/target-condition/spray-a-nozzle-geometry/' target='_blank'>SprayA</a>,-,-,-,0.02,-,-,-,-,-,-,-,-,-,-,-,-,-,-,-,-,-,-,-,-,-,-,-,<a href= '/pub-links/jm001/ldm-ht/' target='_blank'>LDM Movies</a> ,-
658,0,900,15.2,0.090ks-a,A210370,50,1.5,nC12,363,Sandia,bkcrnAL1,21-Mar-12,<a href= '/cvdata/assets/datafiles/readme/bkcraAL1-notes.txt' target='_blank'>notes</a>,<a href= '/references/?table_filter=2019-00010' target='_blank'><sup>1</sup></a>,0,-,O2 = 0.00; N2 = 89.71; CO2 = 6.52; H2O = 3.77;,-,28.68,900,-,&plusmn;3,-,900,15.2,-,&plusmn;0.1,-,15.2,4,1.01,-,-,-,-,-,<a href= '/diesel-spray-combustion/sandia-cv/combustion-vessel-geometry/' target='_blank'>Vesssel Geometry</a>,50,-,-,373,-,&plusmn;30,363,-,-,<a href= '/sprayaroi/' target='_blank'>rate of injection</a>,-,-,-,-,&plusmn;0.001,-,-,-,0.90; <a href= '/diesel-spray-combustion/sandia-cv/injector-characterization/2007-to-present/' target='_blank'>SprayA nozzle coefficients</a>,&plusmn;0.01,-,-,0.0907,&plusmn;0.001,injector SN 210370; <a href= '/diesel-spray-combustion/target-condition/spray-a-nozzle-geometry/' target='_blank'>SprayA</a>,-,-,-,0.02,-,-,-,-,-,-,-,-,-,-,-,-,-,-,-,-,-,-,-,-,-,-,-,<a href= '/pub-links/jm001/ldm-ht/' target='_blank'>LDM Movies</a> ,-
659,15,900,22.8,0.090ks-a,A210678,150,1.5,nC12,363,ifpen,-,1-Mar-12,<a href= '/cvdata/cvdata_ifp/assets/datafiles/readme/notes_sprayA_15pcO2_1500b_22.8kgm3_900K.txt' target='_blank'>readme</a>,<a href='/references/?table_filter=2019-00172' target='_blank'><sup> 1</sup></a>,15,-,15.0% O2; 1.71% CO2; 71.73% N2; 11.56% H2O; ,-,27.72,880.2,8.2,3,880.7,851.1,23.26,0.07,0.03,23.3,24.1,6.198,1.011,-,0.37,-,-,-,-,151.2;<a href= '/cvdata/cvdata_ifp/assets/datafiles/fuelpress/prail_vs_time_sprayA_15pcO2_1500b_22.8kgm3_900K.txt' target='_blank'>fuel pressure vs time</a>,0.4,0.18,363,-,-,-,-,-,<a href= '/sprayaroi/' target='_blank'>rate of injection</a>,0.23,0.05,1.6,-,-,3.96,-,-,0.92,0.08,-,-,0.0886,-,injector SN 210678; <a href= '/diesel-spray-combustion/target-condition/spray-a-nozzle-geometry/' target='_blank'>SprayA</a>,-,-,-,-,-,-,-,-,17.9,1.3,0.8,0.415,0.046,0.021,0.396,0.041,0.021,<a href= '/cvdata/cvdata_ifp/assets/datafiles/press/HeatRelease_sprayA_15pcO2_1500b_22.8kgm3_900K.txt' target='_blank'>PvsT</a>,-,-,-,-,<a href= '/cvdata/cvdata_ifp/assets/datafiles/velocity/velocity_inside_15pcO2_22.8kgm3_1500b.zip' target='_blank'>inside Spray</a>; <a href= '/cvdata/cvdata_ifp/assets/datafiles/velocity/velocity_outside_15pcO2_22.8kgm3_1500b.zip' target='_blank'>outside Spray</a>;,-,-,-,-,-,-
660,0,900,22.8,0.090ks-a,A210678,150,1.5,nC12,363,ifpen,-,1-Mar-12,<a href= '/cvdata/cvdata_ifp/assets/datafiles/readme/notes_sprayA_00pcO2_1500b_22.8kgm3_900K.txt' target='_blank'>readme</a>,<a href='/references/?table_filter=2019-00172' target='_blank'><sup> 1</sup></a>,15,-,0% O2; 1.68% CO2; 87% N2; 11.32% H2O; ,-,27.14,880.3,9.5,3.5,-,851.2,23.32,0.08,0.03,-,24.11,6.345,1.011,-,0.37,-,-,-,-,150;<a href= '/cvdata/cvdata_ifp/assets/datafiles/fuelpress/prail_vs_time_sprayA_00pcO2_1500b_22.8kgm3_900K.txt' target='_blank'>fuel pressure vs time</a>,0.4,0.17,363,-,-,-,-,-,<a href= '/sprayaroi/' target='_blank'>rate of injection</a>,0.23,0.05,1.6,-,-,3.96,-,-,0.92,0.08,-,-,0.0886,-,injector SN 210678; <a href= '/diesel-spray-combustion/target-condition/spray-a-nozzle-geometry/' target='_blank'>SprayA</a>,-,-,-,-,-,-,-,-,-,-,-,-,-,-,-,-,-,-,-,-,-,-,<a href= '/cvdata/cvdata_ifp/assets/datafiles/velocity/velocity_inside_00pcO2_22.8kgm3_1500b.zip' target='_blank'>inside Spray</a>; <a href= '/cvdata/cvdata_ifp/assets/datafiles/velocity/velocity_outside_00pcO2_22.8kgm3_1500b.zip' target='_blank'>outside Spray</a>;,-,-,-,-,-,-
661,0,900,22.8,0.090ks-a,A210678,100,1.5,nC12,363,ifpen,-,1-Mar-12,<a href= '/cvdata/cvdata_ifp/assets/datafiles/readme/notes_sprayA_00pcO2_1000b_22.8kgm3_900K.txt' target='_blank'>readme</a>,<a href='/references/?table_filter=2019-00172' target='_blank'><sup> 1</sup></a>,15,-,0% O2; 1.68% CO2; 87% N2; 11.32% H2O; ,-,27.14,878.4,10.3,6,-,849.4,23.32,0.09,0.05,-,24.12,6.332,1.011,-,0.37,-,-,-,-,99.5;<a href= '/cvdata/cvdata_ifp/assets/datafiles/fuelpress/prail_vs_time_sprayA_15pcO2_1500b_22.8kgm3_900K.txt' target='_blank'>fuel pressure vs time</a>,0.3,0.21,363,-,-,-,-,-,-,-,-,-,-,-,-,-,-,0.92,0.08,-,-,0.0886,-,injector SN 210678; <a href= '/diesel-spray-combustion/target-condition/spray-a-nozzle-geometry/' target='_blank'>SprayA</a>,-,-,-,-,-,-,-,-,-,-,-,-,-,-,-,-,-,-,-,-,-,-,<a href= '/cvdata/cvdata_ifp/assets/datafiles/velocity/velocity_inside_00pcO2_22.8kgm3_1000b.zip' target='_blank'>inside Spray</a>; <a href= '/cvdata/cvdata_ifp/assets/datafiles/velocity/velocity_outside_00pcO2_22.8kgm3_1000b.zip' target='_blank'>outside Spray</a>;,-,-,-,-,-,-
662,0,900,15.2,0.090ks-a,A210678,150,1.5,nC12,363,ifpen,-,1-Mar-12,<a href= '/cvdata/cvdata_ifp/assets/datafiles/readme/notes_sprayA_00pcO2_1500b_15.2kgm3_900K.txt' target='_blank'>readme</a>,<a href='/references/?table_filter=2019-00172' target='_blank'><sup> 1</sup></a>,15,-,0% O2; 1.68% CO2; 87% N2; 11.32% H2O; ,-,27.14,871.5,12.3,7.8,-,842.8,15.57,0.13,0.08,-,16.1,4.183,1.011,-,0.37,-,-,-,-,150;<a href= '/cvdata/cvdata_ifp/assets/datafiles/fuelpress/prail_vs_time_sprayA_00pcO2_1500b_15.2kgm3_900K.txt' target='_blank'>fuel pressure vs time</a>,0.3,0.22,363,-,-,-,-,-,<a href= '/sprayaroi/' target='_blank'>rate of injection</a>,0.23,0.05,1.6,-,-,3.96,-,-,0.92,0.08,-,-,0.0886,-,injector SN 210678; <a href= '/diesel-spray-combustion/target-condition/spray-a-nozzle-geometry/' target='_blank'>SprayA</a>,-,-,-,-,-,-,-,-,-,-,-,-,-,-,-,-,-,-,-,-,-,-,<a href= '/cvdata/cvdata_ifp/assets/datafiles/velocity/velocity_inside_00pcO2_15.2kgm3_1500b.zip' target='_blank'>inside Spray</a>; <a href= '/cvdata/cvdata_ifp/assets/datafiles/velocity/velocity_outside_00pcO2_15.2kgm3_1500b.zip' target='_blank'>outside Spray</a>;,-,-,-,-,-,-
663,0,300,22.8,0.090ks-s,B211201,100,1.5,nC12,363,argonne,-,-,<a href= '/cvdata/argonne/assets/datafiles/readme/211201_Needle_Lift_Notes.txt ' target='_blank'>readme</a>,<a href='https://anl.app.box.com/v/XRaySpray/folder/34796946034' target='_blank'><sup> 1</sup></a>,0,-,N2 = 100%,-,28.02,306,-,2,-,-,22.2,-,0.2,-,-,2.01,0.996,0.002,-,-,-,-,-,100; <a href= '/cvdata/argonne/assets/datafiles/fuelpress/Press100MPa.csv' target='_blank'>fuel pressure vs time</a>,-,-,-,-,-,-,-,-,-,-,-,-,-,-,-,-,-,-,-,-,-,-,-,SN 211201; <a href= '/diesel-spray-combustion/target-condition/spray-b-nozzle-geometry/' target='_blank'>Geometry</a>,-,<a href= '/cvdata/argonne/assets/datafiles/needlelift/211201_Needle_Lift_Wobble_1000bar.dat' target='_blank'>needle movement vs time</a>,0.002,-,-,-,-,-,-,-,-,-,-,-,-,-,-,-,-,-,-,-,-,-,-,-,-,-,-
664,0,300,22.8,0.090ks-a,A210675,100,1.5,nC12,363,argonne,-,-,<a href= '/cvdata/argonne/assets/datafiles/readme/210675_Needle_Lift_Notes.txt ' target='_blank'>readme</a>,<a href='https://anl.app.box.com/v/XRaySpray/folder/34796951771' target='_blank'><sup> 1</sup></a>,0,-,N2 = 100%,-,28.02,303,-,2,-,-,22.3,-,0.2,-,-,2,0.996,0.002,-,-,-,-,-,100; <a href= '/cvdata/argonne/assets/datafiles/fuelpress/Press100MPa.csv' target='_blank'>fuel pressure vs time</a>,-,-,-,-,-,-,-,-,-,-,-,-,-,-,-,-,-,-,-,-,-,-,-,SN 210675; <a href= '/diesel-spray-combustion/target-condition/spray-a-nozzle-geometry/' target='_blank'>Geometry</a>,-,<a href= '/cvdata/argonne/assets/datafiles/needlelift/210675_Needle_Lift_Wobble_1000bar.dat' target='_blank'>needle movement vs time</a>,0.002,-,-,-,-,-,-,-,-,-,-,-,-,-,-,-,-,-,-,-,-,-,-,-,-,-,-
665,15,900,7.6,0.090ks-a,A210370,150,>4,nC12,363,Sandia,jkbdnAL4,6-Dec-12,<a href= '/cvdata/assets/datafiles/readme/070IC_Skeen.pdf' target='_blank'>readme</a>,<a href= '/workshop/ECN2.3.mp4' target='_blank'>Skeen ECN2.3</a> <a href= '/references/?table_filter=2019-00068' target='_blank'><sup>2</sup></a>,15,0.01,O2 = 15.00; N2 = 75.15; CO2 = 6.22; H2O = 3.62;,-,29.24,899.3,4.5,&plusmn;4.5,905,835.5,7.62,0.01,&plusmn;0.01,7.76,8.2,1.96,1.005,-,0.2,-,-,-,<a href= '/diesel-spray-combustion/sandia-cv/combustion-vessel-geometry/' target='_blank'>Vesssel Geometry</a>,139.6;<a href= '/cvdata/assets/datafiles/fuelpress/jkbdnAL4-fuelP.txt' target='_blank'>fuel pressure vs time</a>,0.6,&plusmn;1.0,373,-,&plusmn;30,<a href= '/references/?table_filter=2019-00083' target='_blank'>Meijer 2012</a>,-,-,<a href= '/sprayaroi/' target='_blank'>rate of injection</a>,-,-,6,-,-,-,-,-,<a href= '/diesel-spray-combustion/sandia-cv/injector-characterization/2007-to-present/' target='_blank'>SprayA nozzle coefficients</a>,0.01,-,-,0.091,0.001,injector SN 210370; <a href= '/diesel-spray-combustion/target-condition/spray-a-nozzle-geometry/' target='_blank'>SprayA</a>,-,-,-,0.02,-,-,-,-,59.4,-,-,1.98(>3.0kPa),0.04,0.06,1.93,-,-,<a href= '/cvdata/assets/datafiles/press/jkbdnAL4-press.txt' target='_blank'>PvsT</a>,-,-,-,-,-,-,-,-,-,-,-
666,15,1100,7.6,0.090ks-a,A210370,150,>4,nC12,363,Sandia,jgbdnAL4,6-Dec-12,<a href= '/cvdata/assets/datafiles/readme/070IC_Skeen.pdf' target='_blank'>readme</a>,<a href= '/workshop/ECN2.3.mp4' target='_blank'>Skeen ECN2.3</a> <a href= '/references/?table_filter=2019-00068' target='_blank'><sup>2</sup></a>,15,0.01,O2 = 15.00; N2 = 75.15; CO2 = 6.22; H2O = 3.62;,-,29.24,1097.5,4.9,&plusmn;3.3,1103,995,7.62,0.01,&plusmn;0.01,7.75,8.41,2.39,1.005,-,0.2,-,-,-,<a href= '/diesel-spray-combustion/sandia-cv/combustion-vessel-geometry/' target='_blank'>Vesssel Geometry</a>,142.4;<a href= '/cvdata/assets/datafiles/fuelpress/jgbdnAL4-fuelP.txt' target='_blank'>fuel pressure vs time</a>,2.7,&plusmn;2.2,373,-,&plusmn;30,<a href= '/references/?table_filter=2019-00083' target='_blank'>Meijer 2012</a>,-,-,<a href= '/sprayaroi/' target='_blank'>rate of injection</a>,-,-,6,-,-,-,-,-,<a href= '/diesel-spray-combustion/sandia-cv/injector-characterization/2007-to-present/' target='_blank'>SprayA nozzle coefficients</a>,0.01,-,-,0.091,0.001,injector SN 210370; <a href= '/diesel-spray-combustion/target-condition/spray-a-nozzle-geometry/' target='_blank'>SprayA</a>,-,-,-,0.02,-,-,-,-,22.9,-,-,0.80(>3.0kPa),0.07,0.08,0.75,-,-,<a href= '/cvdata/assets/datafiles/press/jgbdnAL4-press.txt' target='_blank'>PvsT</a>,-,-,-,-,-,-,-,-,-,-,-
667,15,900,15.2,0.090ks-a,A210370,150,>4,nC12,363,Sandia,jkcdnAL4,6-Dec-12,<a href= '/cvdata/assets/datafiles/readme/070IC_Skeen.pdf' target='_blank'>readme</a>,<a href= '/workshop/ECN2.3.mp4' target='_blank'>Skeen ECN2.3</a> <a href= '/references/?table_filter=2019-00068' target='_blank'><sup>2</sup></a>,15,0.01,O2 = 15.00; N2 = 75.15; CO2 = 6.22; H2O = 3.62;,-,29.24,901.7,8.8,&plusmn;8.8,904.8,837.4,15.24,0.03,&plusmn;0.03,15.4,16.41,3.95,1.01,-,0.2,-,-,-,<a href= '/diesel-spray-combustion/sandia-cv/combustion-vessel-geometry/' target='_blank'>Vesssel Geometry</a>,142.8;<a href= '/cvdata/assets/datafiles/fuelpress/jkcdnAL4-fuelP.txt' target='_blank'>fuel pressure vs time</a>,0.6,&plusmn;1.0,373,-,&plusmn;30,<a href= '/references/?table_filter=2019-00083' target='_blank'>Meijer 2012</a>,-,-,<a href= '/sprayaroi/' target='_blank'>rate of injection</a>,-,-,6,-,-,-,-,-,<a href= '/diesel-spray-combustion/sandia-cv/injector-characterization/2007-to-present/' target='_blank'>SprayA nozzle coefficients</a>,0.01,-,-,0.091,0.001,injector SN 210370; <a href= '/diesel-spray-combustion/target-condition/spray-a-nozzle-geometry/' target='_blank'>SprayA</a>,-,-,-,0.02,-,-,-,-,24.6,-,-,0.65(>3.0kPa),0.03,0.05,0.63,-,-,<a href= '/cvdata/assets/datafiles/press/jkcdnAL4-press.txt' target='_blank'>PvsT</a>,-,-,-,-,-,-,-,-,-,-,-
668,13,900,22.8,0.090ks-a,A210370,150,>4,nC12,363,Sandia,lkldnAL4,14-Dec-12,<a href= '/cvdata/assets/datafiles/readme/070IC_Skeen.pdf' target='_blank'>readme</a>,<a href= '/workshop/ECN2.3.mp4' target='_blank'>Skeen ECN2.3</a> <a href= '/references/?table_filter=2019-00068' target='_blank'><sup>2</sup></a>,13,0.01,O2 = 13.00; N2 = 77.09; CO2 = 6.26; H2O = 3.64;,-,29.17,905.7,5.5,&plusmn;2.8,908,840.7,23.04,0.17,&plusmn;0.08,23.21,24.82,6.04,1.016,-,0.2,-,-,-,<a href= '/diesel-spray-combustion/sandia-cv/combustion-vessel-geometry/' target='_blank'>Vesssel Geometry</a>,158.8;<a href= '/cvdata/assets/datafiles/fuelpress/lkldnAL4-fuelP.txt' target='_blank'>fuel pressure vs time</a>,0.3,&plusmn;0.5,373,-,&plusmn;30,<a href= '/references/?table_filter=2019-00083' target='_blank'>Meijer 2012</a>,-,-,<a href= '/sprayaroi/' target='_blank'>rate of injection</a>,-,-,6,-,-,-,-,-,<a href= '/diesel-spray-combustion/sandia-cv/injector-characterization/2007-to-present/' target='_blank'>SprayA nozzle coefficients</a>,0.01,-,-,0.091,0.001,injector SN 210370; <a href= '/diesel-spray-combustion/target-condition/spray-a-nozzle-geometry/' target='_blank'>SprayA</a>,-,-,-,0.02,-,-,-,-,20.4,-,-,0.47(>3.0kPa),0.01,0.01,0.47,-,-,<a href= '/cvdata/assets/datafiles/press/lkldnAL4-press.txt' target='_blank'>PvsT</a>,-,-,-,-,-,-,-,-,<a href= '/data/lkldndn_002_005soot/' target='_blank'>Soot Data</a>,-,-
669,21,900,22.8,0.090ks-a,A210370,150,>4,nC12,363,Sandia,akldnAL4,7-Dec-12,<a href= '/cvdata/assets/datafiles/readme/070IC_Skeen.pdf' target='_blank'>readme</a>,<a href= '/workshop/ECN2.3.mp4' target='_blank'>Skeen ECN2.3</a> <a href= '/references/?table_filter=2019-00068' target='_blank'><sup>2</sup></a>,21,0.01,O2 = 21.00; N2 = 69.33; CO2 = 6.11; H2O = 3.56;,-,29.47,906.4,1,&plusmn;0.7,908.8,841.2,22.79,0.02,&plusmn;0.02,22.98,24.56,5.91,1.015,-,0.2,-,-,-,<a href= '/diesel-spray-combustion/sandia-cv/combustion-vessel-geometry/' target='_blank'>Vesssel Geometry</a>,150.8;<a href= '/cvdata/assets/datafiles/fuelpress/akldnAL4-fuelP.txt' target='_blank'>fuel pressure vs time</a>,7.3,&plusmn;5.3,373,-,&plusmn;30,<a href= '/references/?table_filter=2019-00083' target='_blank'>Meijer 2012</a>,-,-,<a href= '/sprayaroi/' target='_blank'>rate of injection</a>,-,-,6,-,-,-,-,-,<a href= '/diesel-spray-combustion/sandia-cv/injector-characterization/2007-to-present/' target='_blank'>SprayA nozzle coefficients</a>,0.01,-,-,0.091,0.001,injector SN 210370; <a href= '/diesel-spray-combustion/target-condition/spray-a-nozzle-geometry/' target='_blank'>SprayA</a>,-,-,-,0.02,-,-,-,-,9.9,-,-,0.28(>3.0kPa),0.02,0.02,0.27,-,-,<a href= '/cvdata/assets/datafiles/press/akldnAL4-press.txt' target='_blank'>PvsT</a>,-,-,-,-,-,-,-,-,<a href= '/data/akldndn_001_004soot/' target='_blank'>Soot Data</a>,-,-
670,15,900,22.8,0.090ks-a,A210370,150,>4,nC12,363,Sandia,jkldnAL4,5-Dec-12,<a href= '/cvdata/assets/datafiles/readme/070IC_Skeen.pdf' target='_blank'>readme</a>,<a href= '/workshop/ECN2.3.mp4' target='_blank'>Skeen ECN2.3</a> <a href= '/references/?table_filter=2019-00068' target='_blank'><sup>2</sup></a>,15,0.01,O2 = 15.00; N2 = 75.15; CO2 = 6.22; H2O = 3.62;,-,29.24,903.9,1.1,&plusmn;0.4,906.1,839.1,22.92,0.02,&plusmn;0.01,23.09,24.69,5.98,1.015,-,0.2,-,-,-,<a href= '/diesel-spray-combustion/sandia-cv/combustion-vessel-geometry/' target='_blank'>Vesssel Geometry</a>,153.5;<a href= '/cvdata/assets/datafiles/fuelpress/jkldnAL4-fuelP.txt' target='_blank'>fuel pressure vs time</a>,5.4,&plusmn;2.6,373,-,&plusmn;30,<a href= '/references/?table_filter=2019-00083' target='_blank'>Meijer 2012</a>,-,-,<a href= '/sprayaroi/' target='_blank'>rate of injection</a>,-,-,6,-,-,-,-,-,<a href= '/diesel-spray-combustion/sandia-cv/injector-characterization/2007-to-present/' target='_blank'>SprayA nozzle coefficients</a>,0.01,-,-,0.091,0.001,injector SN 210370; <a href= '/diesel-spray-combustion/target-condition/spray-a-nozzle-geometry/' target='_blank'>SprayA</a>,-,-,-,0.02,-,-,-,-,16.1,-,-,0.41(>3.0kPa),0.02,0.01,0.4,-,-,<a href= '/cvdata/assets/datafiles/press/jkldnAL4-press.txt' target='_blank'>PvsT</a>,<a href= '/cvdata/assets/datafiles/pen/jkldn370-DN-pen.txt' target='_blank'>PenvsT</a>,90,-,-,-,<a href= '/pub-links/sas001/schlif/' target='_blank'>CH<sub>2</sub>O</a>,-,-,<a href= '/data/soot-data-for-spray-a-tamb900-k/' target='_blank'>Soot Data</a>,<a href= '/sandia-high-speed-movies-spray-a/' target='_blank'>Movies</a>,-
671,15,750,22.8,0.090ks-a,A210370,150,>4,nC12,363,Sandia,jnldnAL4,6-Dec-12,<a href= '/cvdata/assets/datafiles/readme/070IC_Skeen.pdf' target='_blank'>readme</a>,<a href= '/workshop/ECN2.3.mp4' target='_blank'>Skeen ECN2.3</a> <a href= '/references/?table_filter=2019-00068' target='_blank'><sup>2</sup></a>,15,0.01,O2 = 15.00; N2 = 75.15; CO2 = 6.22; H2O = 3.62;,-,29.24,747.2,7,&plusmn;2.0,749.5,713.1,22.9,0.11,&plusmn;0.03,23.1,24,4.93,1.013,-,0.2,-,-,-,<a href= '/diesel-spray-combustion/sandia-cv/combustion-vessel-geometry/' target='_blank'>Vesssel Geometry</a>,143.9;<a href= '/cvdata/assets/datafiles/fuelpress/jnldnAL4-fuelP.txt' target='_blank'>fuel pressure vs time</a>,3.8,&plusmn;1.5,373,-,&plusmn;30,<a href= '/references/?table_filter=2019-00083' target='_blank'>Meijer 2012</a>,-,-,<a href= '/sprayaroi/' target='_blank'>rate of injection</a>,-,-,6,-,-,-,-,-,<a href= '/diesel-spray-combustion/sandia-cv/injector-characterization/2007-to-present/' target='_blank'>SprayA nozzle coefficients</a>,0.01,-,-,0.091,0.001,injector SN 210370; <a href= '/diesel-spray-combustion/target-condition/spray-a-nozzle-geometry/' target='_blank'>SprayA</a>,-,-,-,0.02,-,-,-,-,46.5,-,-,2.29(>3.0kPa),0.33,0.25,2.53,-,-,<a href= '/cvdata/assets/datafiles/press/jnldnAL4-press.txt' target='_blank'>PvsT</a>,-,>90,-,-,-,-,-,-,-,-,-
672,15,800,22.8,0.090ks-a,A210370,150,>4,nC12,363,Sandia,jmldnAL4,6-Dec-12,<a href= '/cvdata/assets/datafiles/readme/070IC_Skeen.pdf' target='_blank'>readme</a>,<a href= '/workshop/ECN2.3.mp4' target='_blank'>Skeen ECN2.3</a> <a href= '/references/?table_filter=2019-00068' target='_blank'><sup>2</sup></a>,15,0.01,O2 = 15.00; N2 = 75.15; CO2 = 6.22; H2O = 3.62;,-,29.24,807.8,1,&plusmn;0.4,810.2,761.8,22.8,0.04,&plusmn;0.02,23,24.17,5.31,1.014,-,0.2,-,-,-,<a href= '/diesel-spray-combustion/sandia-cv/combustion-vessel-geometry/' target='_blank'>Vesssel Geometry</a>,146.0;<a href= '/cvdata/assets/datafiles/fuelpress/jmldnAL4-fuelP.txt' target='_blank'>fuel pressure vs time</a>,2.8,&plusmn;1.5,373,-,&plusmn;30,<a href= '/references/?table_filter=2019-00083' target='_blank'>Meijer 2012</a>,-,-,<a href= '/sprayaroi/' target='_blank'>rate of injection</a>,-,-,6,-,-,-,-,-,<a href= '/diesel-spray-combustion/sandia-cv/injector-characterization/2007-to-present/' target='_blank'>SprayA nozzle coefficients</a>,0.01,-,-,0.091,0.001,injector SN 210370; <a href= '/diesel-spray-combustion/target-condition/spray-a-nozzle-geometry/' target='_blank'>SprayA</a>,-,-,-,0.02,-,-,-,-,27.1,-,-,0.94(>3.0kPa),0.05,0.05,1.04,-,-,<a href= '/cvdata/assets/datafiles/press/jmldnAL4-press.txt' target='_blank'>PvsT</a>,-,>90,-,-,-,-,-,-,-,-,-
673,15,850,22.8,0.090ks-a,A210370,150,>4,nC12,363,Sandia,jlldnAL4,6-Dec-12,<a href= '/cvdata/assets/datafiles/readme/070IC_Skeen.pdf' target='_blank'>readme</a>,<a href= '/workshop/ECN2.3.mp4' target='_blank'>Skeen ECN2.3</a> <a href= '/references/?table_filter=2019-00068' target='_blank'><sup>2</sup></a>,15,0.01,O2 = 15.00; N2 = 75.15; CO2 = 6.22; H2O = 3.62;,-,29.24,853.7,2.4,&plusmn;1.0,856,798.7,22.86,0.03,&plusmn;0.01,23.05,24.43,5.63,1.015,-,0.2,-,-,-,<a href= '/diesel-spray-combustion/sandia-cv/combustion-vessel-geometry/' target='_blank'>Vesssel Geometry</a>,149.2;<a href= '/cvdata/assets/datafiles/fuelpress/jlldnAL4-fuelP.txt' target='_blank'>fuel pressure vs time</a>,5.1,&plusmn;2.4,373,-,&plusmn;30,<a href= '/references/?table_filter=2019-00083' target='_blank'>Meijer 2012</a>,-,-,<a href= '/sprayaroi/' target='_blank'>rate of injection</a>,-,-,6,-,-,-,-,-,<a href= '/diesel-spray-combustion/sandia-cv/injector-characterization/2007-to-present/' target='_blank'>SprayA nozzle coefficients</a>,0.01,-,-,0.091,0.001,injector SN 210370; <a href= '/diesel-spray-combustion/target-condition/spray-a-nozzle-geometry/' target='_blank'>SprayA</a>,-,-,-,0.02,-,-,-,-,20.6,-,-,0.56(>3.0kPa),0.07,0.06,0.61,-,-,<a href= '/cvdata/assets/datafiles/press/jlldnAL4-press.txt' target='_blank'>PvsT</a>,-,>90,-,-,-,-,-,-,<a href= '/data/jlldndn_006_010soot/' target='_blank'>Soot Data</a>,-,-
674,15,1000,22.8,0.090ks-a,A210370,150,>4,nC12,363,Sandia,jildnAL4,5-Dec-12,<a href= '/cvdata/assets/datafiles/readme/070IC_Skeen.pdf' target='_blank'>readme</a>,<a href= '/workshop/ECN2.3.mp4' target='_blank'>Skeen ECN2.3</a> <a href= '/references/?table_filter=2019-00068' target='_blank'><sup>2</sup></a>,15,0.01,O2 = 15.00; N2 = 75.15; CO2 = 6.22; H2O = 3.62;,-,29.24,1002.9,7.1,&plusmn;2.8,1005,918.9,22.85,0.11,&plusmn;0.04,23,24.94,6.62,1.016,-,0.2,-,-,-,<a href= '/diesel-spray-combustion/sandia-cv/combustion-vessel-geometry/' target='_blank'>Vesssel Geometry</a>,145.8;<a href= '/cvdata/assets/datafiles/fuelpress/jildnAL4-fuelP.txt' target='_blank'>fuel pressure vs time</a>,5.6,&plusmn;2.6,373,-,&plusmn;30,<a href= '/references/?table_filter=2019-00083' target='_blank'>Meijer 2012</a>,-,-,<a href= '/sprayaroi/' target='_blank'>rate of injection</a>,-,-,6,-,-,-,-,-,<a href= '/diesel-spray-combustion/sandia-cv/injector-characterization/2007-to-present/' target='_blank'>SprayA nozzle coefficients</a>,0.01,-,-,0.091,0.001,injector SN 210370; <a href= '/diesel-spray-combustion/target-condition/spray-a-nozzle-geometry/' target='_blank'>SprayA</a>,-,-,-,0.02,-,-,-,-,11.5,-,-,0.37(>3.0kPa),0.01,0.01,0.27,-,-,<a href= '/cvdata/assets/datafiles/press/jildnAL4-press.txt' target='_blank'>PvsT</a>,-,88.52,-,-,-,-,-,-,<a href= '/data/jildndn_007_012soot/' target='_blank'>Soot Data</a>,-,-
675,15,1100,22.8,0.090ks-a,A210370,150,>4,nC12,363,Sandia,jgldnAL4,5-Dec-12,<a href= '/cvdata/assets/datafiles/readme/070IC_Skeen.pdf' target='_blank'>readme</a>,<a href= '/workshop/ECN2.3.mp4' target='_blank'>Skeen ECN2.3</a> <a href= '/references/?table_filter=2019-00068' target='_blank'><sup>2</sup></a>,15,0.01,O2 = 15.00; N2 = 75.15; CO2 = 6.22; H2O = 3.62;,-,29.24,1114.1,1.8,&plusmn;0.7,1116.1,1008.4,22.78,0.03,&plusmn;0.01,22.9,25.16,7.34,1.017,-,0.2,-,-,-,<a href= '/diesel-spray-combustion/sandia-cv/combustion-vessel-geometry/' target='_blank'>Vesssel Geometry</a>,140.7;<a href= '/cvdata/assets/datafiles/fuelpress/jgldnAL4-fuelP.txt' target='_blank'>fuel pressure vs time</a>,0.8,&plusmn;0.7,373,-,&plusmn;30,<a href= '/references/?table_filter=2019-00083' target='_blank'>Meijer 2012</a>,-,-,<a href= '/sprayaroi/' target='_blank'>rate of injection</a>,-,-,6,-,-,-,-,-,<a href= '/diesel-spray-combustion/sandia-cv/injector-characterization/2007-to-present/' target='_blank'>SprayA nozzle coefficients</a>,0.01,-,-,0.091,0.001,injector SN 210370; <a href= '/diesel-spray-combustion/target-condition/spray-a-nozzle-geometry/' target='_blank'>SprayA</a>,-,-,-,0.02,-,-,-,-,8.3,-,-,0.39(>3.0kPa),0.02,0.02,0.2,-,-,<a href= '/cvdata/assets/datafiles/press/jgldnAL4-press.txt' target='_blank'>PvsT</a>,-,84.64,-,-,-,-,-,-,-,-,-
676,15,1200,22.8,0.090ks-a,A210370,150,>4,nC12,363,Sandia,jeldnAL4,5-Dec-12,<a href= '/cvdata/assets/datafiles/readme/070IC_Skeen.pdf' target='_blank'>readme</a>,<a href= '/workshop/ECN2.3.mp4' target='_blank'>Skeen ECN2.3</a> <a href= '/references/?table_filter=2019-00068' target='_blank'><sup>2</sup></a>,15,0.01,O2 = 15.00; N2 = 75.15; CO2 = 6.22; H2O = 3.62;,-,29.24,1201.6,3.1,&plusmn;1.2,1203.3,1078.8,22.85,0.06,&plusmn;0.02,22.97,25.46,7.94,1.018,-,0.2,-,-,-,<a href= '/diesel-spray-combustion/sandia-cv/combustion-vessel-geometry/' target='_blank'>Vesssel Geometry</a>,142.8;<a href= '/cvdata/assets/datafiles/fuelpress/jeldnAL4-fuelP.txt' target='_blank'>fuel pressure vs time</a>,1.4,&plusmn;1.0,373,-,&plusmn;30,<a href= '/references/?table_filter=2019-00083' target='_blank'>Meijer 2012</a>,-,-,<a href= '/sprayaroi/' target='_blank'>rate of injection</a>,-,-,6,-,-,-,-,-,<a href= '/diesel-spray-combustion/sandia-cv/injector-characterization/2007-to-present/' target='_blank'>SprayA nozzle coefficients</a>,0.01,-,-,0.091,0.001,injector SN 210370; <a href= '/diesel-spray-combustion/target-condition/spray-a-nozzle-geometry/' target='_blank'>SprayA</a>,-,-,-,0.02,-,-,-,-,6.4,-,-,0.39(>3.0kPa),0.01,0.01,0.15,-,-,<a href= '/cvdata/assets/datafiles/press/jeldnAL4-press.txt' target='_blank'>PvsT</a>,-,81.74,-,-,-,-,-,-,-,-,-
677,0,900,22.8,0.090ks-a,A210370,150,1.5,nC12,363,Sandia,bkldnAL4,30-Oct-13,-,<a href= '/references/?table_filter=2019-00001' target='_blank'><sup>1</sup></a> <a href= '/references/?table_filter=2019-00009' target='_blank'><sup>2</sup></a> <a href= '/references/?table_filter=2021-00002' target='_blank'><sup>3</sup></a>,0,0.01,O2 = 0.00; N2 = 89.71; CO2 = 6.52; H2O = 3.77;,-,28.68,910.1,19.6,&plusmn;9.8,910,844.1,22.96,0.07,&plusmn;0.03,22.95,24.75,6.16,1.017,-,0.2,-,-,-,<a href= '/diesel-spray-combustion/sandia-cv/combustion-vessel-geometry/' target='_blank'>Vesssel Geometry</a>,167.5;<a href= '/cvdata/assets/datafiles/fuelpress/bkldnAL4-fuelP.txt' target='_blank'>fuel pressure vs time</a>,2.3,&plusmn;1.5,373,-,&plusmn;30,<a href= '/references/?table_filter=2019-00083' target='_blank'>Meijer 2012</a>,-,-,<a href= '/sprayaroi/' target='_blank'>rate of injection</a>,-,-,1.5,-,-,-,-,-,<a href= '/diesel-spray-combustion/sandia-cv/injector-characterization/2007-to-present/' target='_blank'>SprayA nozzle coefficients</a>,0.01,-,-,0.091,0.001,injector SN 210370; <a href= '/diesel-spray-combustion/target-condition/spray-a-nozzle-geometry/' target='_blank'>SprayA</a>,-,-,-,0.02,-,-,-,-,-,-,-,-,-,-,-,-,-,<a href= '/cvdata/assets/datafiles/press/bkldnAL4-press.txt' target='_blank'>PvsT</a>,<a href= '/cvdata/assets/datafiles/pen/bkldn370-DN-pen.txt' target='_blank'>PenvsT</a>,-,-,<a href='/data/rayleigh-burst-spray-a/' target='_blank'>Rayleigh Burst Spray A Data</a>,-,-,-,-,-,-,-
678,0,1200,22.8,0.090ks-a,A210675,150,1.5,nC12,363,Sandia,beldaAL1,21-Mar-14,<a href= '/cvdata/assets/datafiles/readme/beldaAL1-notes.txt' target='_blank'>notes</a>,<a href= '/references/?table_filter=2019-00001' target='_blank'><sup>1</sup></a> <a href= '/references/?table_filter=2019-00010' target='_blank'><sup>2</sup></a>,0,&plusmn;0.01,O2 = 0.00; N2 = 89.71; CO2 = 6.52; H2O = 3.77;,-,28.68,908.7,3.5,&plusmn;1.2,-,843.1,7.71,0.02,&plusmn;0.01,-,8.31,2.04,1.019,-,0.2,-,-,-,<a href= '/diesel-spray-combustion/sandia-cv/combustion-vessel-geometry/' target='_blank'>Vesssel Geometry</a>,150,1.5,&plusmn;1.7,373,-,&plusmn;30,<a href= '/references/?table_filter=2019-00083' target='_blank'>Meijer 2012</a>,-,-,<a href= '/sprayaroi/' target='_blank'>rate of injection</a>,-,-,1.54,0.02,&plusmn;0.001,3.9,-,0.2,0.90; <a href= '/diesel-spray-combustion/sandia-cv/injector-characterization/2007-to-present/' target='_blank'>SprayA nozzle coefficients</a>,&plusmn;0.01,-,-,0.089,&plusmn;0.001,injector SN 210675; <a href= '/diesel-spray-combustion/target-condition/spray-a-nozzle-geometry/' target='_blank'>SprayA</a>,-,-,-,0.02,-,7.4;<a href= '/dbi675/' target='_blank'>DBI data</a>,0.49,&plusmn;0.37,-,-,-,-,-,-,-,-,-,<a href= '/cvdata/assets/datafiles/press/bkbdzAL1-press.txt' target='_blank'>PvsT</a>,-,-,-,-,-,-,-,-,-,<a href= '/dbi675/' target='_blank'>DBI data</a>,-
679,15,900,22.8,0.090ks-a,A210678,150,4,nC12,363,ifpen,-,23-May-12,-,<a href= 'http://papers.sae.org/2013-01-0901/' target='_blank'><sup>1</sup></a>,15.002,0.0003,O2 = 15.00; N2 = 71.70; CO2 = 1.70; H2O = 11.60,-,27.71805419,930,8.2,3,-,855,21.8,0.07,0.03,21.83,24,6.2,1.011,-,0.37,-,-,-,<p>See <a href= '/references/?table_filter=2019-00083' target='_blank'>IFPEN Vessel in Meijer 2012</a></p>,150,0.4,0.18,363,-,-,358,-,-,-,-,-,3.5,-,-,-,-,-,0.89,-,0.96,-,0.0886,0.001,KS1.8,210678,-,-,-,density = 750 kg/m3,11;<a href= '/cvdata/cvdata_ifp/assets/datafiles/LII/IFPEN_SprayA_LL.txt' target='_blank'>IFPEN SprayA LL</a>,0.35,-,14.5;,0.5,-,0.4,-,-,-,-,-,<a href= '/cvdata/cvdata_ifp/assets/datafiles/LII/IFPEN_SprayA_Pressure.txt' target= '_blank'>IFPEN_SprayA_Pressure</a>,49.5 mm at 1 ms aSOI;<a href= '/cvdata/cvdata_ifp/assets/datafiles/LII/IFPEN_SprayA_VL.txt' target= '_blank'>IFPEN_SprayA_VL</a>,-,-,-,-,-,-,-,"<p><a href= '/cvdata/cvdata_ifp/assets/datafiles/LII/IFPEN_SprayA_SVF_Transient.png' target= '_blank'>IFPEN SprayA SVF Transient Picture</a>, <a href= '/cvdata/cvdata_ifp/assets/datafiles/LII/IFPEN_SprayA_SVF_QuasiStationary.png' target= '_blank'>IFPEN SprayA SVF Quasi-Stationary Picture</a>, and <a href= '/cvdata/cvdata_ifp/assets/datafiles/LII/IFPEN_SprayA_SVF_Quasi-stationary_spray.zip' target= '_blank'>IFPEN SprayA SVF Quasi-Stationary Spray Zip File</a></p>",-,-
680,0,900,22.8,0.090ks-s,B211201,150,1.5,nC12,363,Sandia,abkldbla,2-Jul-14,<a href= '/cvdata/assets/datafiles/readme/abkldbla-notes.txt' target='_blank'>readme</a>,<a href= '/references/?table_filter=2019-00054' target='_blank'><sup>1</sup></a>,0,0.01,O2 = 0.00; N2 = 89.71; CO2 = 6.52; H2O = 3.77;,-,28.68,907.1,10.8,&plusmn;2.2,-,872,22.8,0.04,&plusmn;0.01,-,23.72,6.09,1.016,-,<a href= '/velocity-distribution/' target='_blank'>velocity</a>,-,-,-,<a href= '/diesel-spray-combustion/sandia-cv/combustion-vessel-geometry/2009-to-present/' target='_blank'>Vesssel Geometry</a>,143.7;<a href= '/cvdata/assets/datafiles/fuelpress/abkldbla-fuelP.txt' target='_blank'>fuel pressure vs time</a>,0.5,&plusmn;0.5,373,-,&plusmn;30,-,-,-,<a href= 'https://www.cmt.upv.es/#/ecn/download/nozzlecharac/ncSprayBRateOfInj' target='_blank'>CMT ROI</a>,-,-,-,-,-,-,-,-,<a href='https://www.cmt.upv.es/#/ecn/Boundaryconditions/internalGeometry/igSprayB' target='_blank'>SprayB nozzle coefficients</a>,-,-,-,0.094,0.001,injector SN 211201; <a href= '/diesel-spray-combustion/target-condition/spray-b-nozzle-geometry/' target='_blank'>SprayB</a>,-,-,-,-,-,-,-,-,-,-,-,-,-,-,-,-,-,-,<a href= '/cvdata/assets/datafiles/pen/abkldbla-pen.txt' target='_blank'>PenvsT</a>,-,-,-,-,-,-,-,-,<a href= '/pub-links/yj001/measurement-of-liquid-and-vapor-penetration-of-diesel-sprays-with-a-transient-variation-in-spreading-angle/' target='_blank'>Liquid penetration</a>; <a href= '/cvdata/assets/movies/abkldbla_SCHmov_1.mp4' target='_blank'>schlieren</a>,-
681,0,1000,22.8,0.090ks-a,A210370,150,>4,JC,363,Sandia,bildnJCL4,1-Feb-08,<a href= '/cvdata/assets/datafiles/readme/bildnJCL4-notes.txt' target='_blank'>notes</a>,<a href= '/references/?table_filter=2019-00165' target='_blank'>Fuel93(2012)539?548</a>,0,&plusmn;0.01,O2 = 0.00; N2 = 89.71; CO2 = 6.52; H2O = 3.77;,-,28.68,1006.7; <a href= '/diesel-spray-combustion/sandia-cv/thermal-distribution/thermal-distribution-for-spray-a/' target='_blank'>Temp Distr</a>,4.1,&plusmn;2.0,-,969.7,22.79,0.06,&plusmn;0.03,-,23.66,6.76,1.017,-,0.2,-,-,-,<a href= '/diesel-spray-combustion/sandia-cv/combustion-vessel-geometry/' target='_blank'>Vesssel Geometry</a>,152.3;<a href= '/cvdata/assets/datafiles/fuelpress/bildnJCL4-fuelP.txt' target='_blank'>fuelPvsTime</a>,6.6,&plusmn;3.7,373,-,&plusmn;30,-,-,-,-,-,-,6.04,-,-,19.6,-,-,0.089; <a href= '/diesel-spray-combustion/sandia-cv/injector-characterization/2007-to-present/' target='_blank'>SprayA nozzle coefficients</a>,&plusmn;0.01,-,-,0.091,&plusmn;0.001,injector SN 210370; <a href= '/diesel-spray-combustion/target-condition/spray-a-nozzle-geometry/' target='_blank'>SprayA</a>,-,-,-,0.02,-,9.1;<a href= '/cvdata/assets/datafiles/liq/bildnJCL4-liq.txt' target='_blank'>liquid data</a>,0.23,&plusmn;0.23,-,-,-,-,-,-,-,-,-,<a href= '/cvdata/assets/datafiles/press/bildnJCL4-press.txt' target='_blank'>PvsT</a>,<a href= '/cvdata/assets/datafiles/pen/bildnJCL4-pen.txt' target='_blank'>PenvsT</a>,-,21,-,-,-,-,-,-,-,<a href= '/cvdata/assets/datafiles/add/bildn006L.mat'>Matlab liquid boundary Mie-scatter</a>; <a href= '/cvdata/assets/datafiles/add/bildn006.jb'>Matlab vapor boundary</a>
682,0,1000,22.8,0.090ks-a,A210370,150,>4,JP,363,Sandia,bildnJPL4,25-Jun-08,<a href= '/cvdata/assets/datafiles/readme/bildnJPL4-notes.txt' target='_blank'>notes</a>,<a href= '/references/?table_filter=2019-00165' target='_blank'>Fuel93(2012)539?548</a>,0,&plusmn;0.01,O2 = 0.00; N2 = 89.71; CO2 = 6.52; H2O = 3.77;,-,28.68,994.7; <a href= '/diesel-spray-combustion/sandia-cv/thermal-distribution/thermal-distribution-for-spray-a/' target='_blank'>Temp Distr</a>,2.9,&plusmn;1.2,-,959.5,22.67,0.04,&plusmn;0.02,-,23.5,6.65,1.016,-,0.2,-,-,-,<a href= '/diesel-spray-combustion/sandia-cv/combustion-vessel-geometry/' target='_blank'>Vesssel Geometry</a>,154.1;<a href= '/cvdata/assets/datafiles/fuelpress/bildnJPL4-fuelP.txt' target='_blank'>fuelPvsTime</a>,1.3,&plusmn;0.9,373,-,&plusmn;30,-,-,-,-,-,-,5.5,-,-,19.7,-,-,0.089; <a href= '/diesel-spray-combustion/sandia-cv/injector-characterization/2007-to-present/' target='_blank'>SprayA nozzle coefficients</a>,&plusmn;0.01,-,-,0.091,&plusmn;0.001,injector SN 210370; <a href= '/diesel-spray-combustion/target-condition/spray-a-nozzle-geometry/' target='_blank'>SprayA</a>,-,-,-,0.02,-,10.5;<a href= '/cvdata/assets/datafiles/liq/bildnJPL4-liq.txt' target='_blank'>liquid data</a>,0.23,&plusmn;0.21,-,-,-,-,-,-,-,-,-,<a href= '/cvdata/assets/datafiles/press/bildnJPL4-press.txt' target='_blank'>PvsT</a>,<a href= '/cvdata/assets/datafiles/pen/bildnJPL4-pen.txt' target='_blank'>PenvsT</a>,-,21,-,-,-,-,-,-,-,<a href= '/cvdata/assets/datafiles/add/bildn026L.mat'>Matlab liquid boundary Mie-scatter</a>; <a href= '/cvdata/assets/datafiles/add/bildn026.jb'>Matlab vapor boundary</a>
683,0,1000,22.8,0.090ks-a,A210370,150,>4,JS,363,Sandia,bildnJSL4,9-May-08,<a href= '/cvdata/assets/datafiles/readme/bildnJSL4-notes.txt' target='_blank'>notes</a>,<a href= '/references/?table_filter=2019-00165' target='_blank'>Fuel93(2012)539?548</a>,0,&plusmn;0.01,O2 = 0.00; N2 = 89.71; CO2 = 6.52; H2O = 3.77;,-,28.68,1000.9; <a href= '/diesel-spray-combustion/sandia-cv/thermal-distribution/thermal-distribution-for-spray-a/' target='_blank'>Temp Distr</a>,10.1,&plusmn;5.1,-,964.7,22.75,0.05,&plusmn;0.02,-,23.6,6.71,1.017,-,0.2,-,-,-,<a href= '/diesel-spray-combustion/sandia-cv/combustion-vessel-geometry/' target='_blank'>Vesssel Geometry</a>,152.4;<a href= '/cvdata/assets/datafiles/fuelpress/bildnJSL4-fuelP.txt' target='_blank'>fuelPvsTime</a>,3.9,&plusmn;2.4,373,-,&plusmn;30,-,-,-,-,-,-,6.09,-,-,19.18,-,-,0.089; <a href= '/diesel-spray-combustion/sandia-cv/injector-characterization/2007-to-present/' target='_blank'>SprayA nozzle coefficients</a>,&plusmn;0.01,-,-,0.091,&plusmn;0.001,injector SN 210370; <a href= '/diesel-spray-combustion/target-condition/spray-a-nozzle-geometry/' target='_blank'>SprayA</a>,-,-,-,0.02,-,7.6;<a href= '/cvdata/assets/datafiles/liq/bildnJSL4-liq.txt' target='_blank'>liquid data</a>,0.18,&plusmn;0.18,-,-,-,-,-,-,-,-,-,<a href= '/cvdata/assets/datafiles/press/bildnJSL4-press.txt' target='_blank'>PvsT</a>,<a href= '/cvdata/assets/datafiles/pen/bildnJSL4-pen.txt' target='_blank'>PenvsT</a>,-,21,-,-,-,-,-,-,-,<a href= '/cvdata/assets/datafiles/add/bildn029L.mat'>Matlab liquid boundary Mie-scatter</a>; <a href= '/cvdata/assets/datafiles/add/bildn029.jb'>Matlab vapor boundary</a>
684,0,1000,22.8,0.090ks-a,A210370,150,>4,JW,363,Sandia,bildnJWL4,30-Apr-08,<a href= '/cvdata/assets/datafiles/readme/bildnJWL4-notes.txt' target='_blank'>notes</a>,<a href= '/references/?table_filter=2019-00165' target='_blank'>Fuel93(2012)539?548</a>,0,&plusmn;0.01,O2 = 0.00; N2 = 89.71; CO2 = 6.52; H2O = 3.77;,-,28.68,1002.9; <a href= '/diesel-spray-combustion/sandia-cv/thermal-distribution/thermal-distribution-for-spray-a/' target='_blank'>Temp Distr</a>,7.4,&plusmn;3.7,-,966.3,22.74,0.03,&plusmn;0.02,-,23.61,6.72,1.017,-,0.2,-,-,-,<a href= '/diesel-spray-combustion/sandia-cv/combustion-vessel-geometry/' target='_blank'>Vesssel Geometry</a>,153.9;<a href= '/cvdata/assets/datafiles/fuelpress/bildnJWL4-fuelP.txt' target='_blank'>fuelPvsTime</a>,1.3,&plusmn;1.0,373,-,&plusmn;30,-,-,-,-,-,-,5.95,-,-,19.6,-,-,0.089; <a href= '/diesel-spray-combustion/sandia-cv/injector-characterization/2007-to-present/' target='_blank'>SprayA nozzle coefficients</a>,&plusmn;0.01,-,-,0.091,&plusmn;0.001,injector SN 210370; <a href= '/diesel-spray-combustion/target-condition/spray-a-nozzle-geometry/' target='_blank'>SprayA</a>,-,-,-,0.02,-,8.4;<a href= '/cvdata/assets/datafiles/liq/bildnJWL4-liq.txt' target='_blank'>liquid data</a>,0.28,&plusmn;0.28,-,-,-,-,-,-,-,-,-,<a href= '/cvdata/assets/datafiles/press/bildnJWL4-press.txt' target='_blank'>PvsT</a>,<a href= '/cvdata/assets/datafiles/pen/bildnJWL4-pen.txt' target='_blank'>PenvsT</a>,-,21,-,-,-,-,-,-,-,<a href= '/cvdata/assets/datafiles/add/bildn016L.mat'>Matlab liquid boundary Mie-scatter</a>; <a href= '/cvdata/assets/datafiles/add/bildn016.jb'>Matlab vapor boundary</a>
685,0,1000,22.8,0.090ks-a,A210370,150,>4,SRx23,363,Sandia,bildnSRL4,13-Aug-08,<a href= '/cvdata/assets/datafiles/readme/bildnSRL4-notes.txt' target='_blank'>notes</a>,<a href= '/references/?table_filter=2019-00165' target='_blank'>Fuel93(2012)539?548</a>,0,&plusmn;0.01,O2 = 0.00; N2 = 89.71; CO2 = 6.52; H2O = 3.77;,-,28.68,992.5; <a href= '/diesel-spray-combustion/sandia-cv/thermal-distribution/thermal-distribution-for-spray-a/' target='_blank'>Temp Distr</a>,2.8,&plusmn;1.4,-,957.1,22.82,0.04,&plusmn;0.02,-,23.67,6.68,1.017,-,0.2,-,-,-,<a href= '/diesel-spray-combustion/sandia-cv/combustion-vessel-geometry/' target='_blank'>Vesssel Geometry</a>,150.4;<a href= '/cvdata/assets/datafiles/fuelpress/bildnSRL4-fuelP.txt' target='_blank'>fuelPvsTime</a>,0.2,&plusmn;0.5,373,-,&plusmn;30,-,-,-,-,-,-,7.1,-,-,17.2,-,-,0.089; <a href= '/diesel-spray-combustion/sandia-cv/injector-characterization/2007-to-present/' target='_blank'>SprayA nozzle coefficients</a>,&plusmn;0.01,-,-,0.091,&plusmn;0.001,injector SN 210370; <a href= '/diesel-spray-combustion/target-condition/spray-a-nozzle-geometry/' target='_blank'>SprayA</a>,-,-,-,0.02,-,8.4;<a href= '/cvdata/assets/datafiles/liq/bildnSRL4-liq.txt' target='_blank'>liquid data</a>,0.08,&plusmn;0.08,-,-,-,-,-,-,-,-,-,<a href= '/cvdata/assets/datafiles/press/bildnSRL4-press.txt' target='_blank'>PvsT</a>,<a href= '/cvdata/assets/datafiles/pen/bildnSRL4-pen.txt' target='_blank'>PenvsT</a>,-,21,-,-,-,-,-,-,-,<a href= '/cvdata/assets/datafiles/add/bildn030L.mat'>Matlab liquid boundary Mie-scatter</a>; <a href= '/cvdata/assets/datafiles/add/bildn030.jb'>Matlab vapor boundary</a>
686,0,900,22.8,0.090ks-a,A210370,150,>4,D2,363,Sandia,bkldnD2L4,19-Sep-07,<a href= '/cvdata/assets/datafiles/readme/bkldnD2L4-notes.txt' target='_blank'>notes</a>,<a href= '/references/?table_filter=2019-00165' target='_blank'>Fuel93(2012)539?548</a>,0,&plusmn;0.01,O2 = 0.00; N2 = 89.71; CO2 = 6.52; H2O = 3.77;,-,28.68,889.4; <a href= '/diesel-spray-combustion/sandia-cv/thermal-distribution/thermal-distribution-for-spray-a/' target='_blank'>Temp Distr</a>,6.8,&plusmn;3.4,-,863.3,22.75,0.01,&plusmn;0.01,-,23.43,5.96,1.016,-,0.2,-,-,-,<a href= '/diesel-spray-combustion/sandia-cv/combustion-vessel-geometry/' target='_blank'>Vesssel Geometry</a>,155.1;<a href= '/cvdata/assets/datafiles/fuelpress/bkldnD2L4-fuelP.txt' target='_blank'>fuelPvsTime</a>,0.7,&plusmn;0.7,373,-,&plusmn;30,-,-,-,-,-,-,6,-,-,19.7,-,-,0.089; <a href= '/diesel-spray-combustion/sandia-cv/injector-characterization/2007-to-present/' target='_blank'>SprayA nozzle coefficients</a>,&plusmn;0.01,-,-,0.091,&plusmn;0.001,injector SN 210370; <a href= '/diesel-spray-combustion/target-condition/spray-a-nozzle-geometry/' target='_blank'>SprayA</a>,-,-,-,0.02,-,16.1;<a href= '/cvdata/assets/datafiles/liq/bkldnD2L4-liq.txt' target='_blank'>liquid data</a>,0.13,&plusmn;0.13,-,-,-,-,-,-,-,-,-,<a href= '/cvdata/assets/datafiles/press/bkldnD2L4-press.txt' target='_blank'>PvsT</a>,<a href= '/cvdata/assets/datafiles/pen/bkldnD2L4-pen.txt' target='_blank'>PenvsT</a>,-,21,-,-,-,-,-,-,-,<a href= '/cvdata/assets/datafiles/add/bkldn001L.mat'>Matlab liquid boundary Mie-scatter</a>; <a href= '/cvdata/assets/datafiles/add/bkldn001.jb'>Matlab vapor boundary</a>
687,0,900,22.8,0.090ks-a,A210370,150,>4,JC,363,Sandia,bkldnJCL4,1-Feb-08,<a href= '/cvdata/assets/datafiles/readme/bkldnJCL4-notes.txt' target='_blank'>notes</a>,<a href= '/references/?table_filter=2019-00165' target='_blank'>Fuel93(2012)539?548</a>,0,&plusmn;0.01,O2 = 0.00; N2 = 89.71; CO2 = 6.52; H2O = 3.77;,-,28.68,899.6; <a href= '/diesel-spray-combustion/sandia-cv/thermal-distribution/thermal-distribution-for-spray-a/' target='_blank'>Temp Distr</a>,4.6,&plusmn;3.0,-,872.2,22.84,0.03,&plusmn;0.02,-,23.56,6.05,1.016,-,0.2,-,-,-,<a href= '/diesel-spray-combustion/sandia-cv/combustion-vessel-geometry/' target='_blank'>Vesssel Geometry</a>,150.4;<a href= '/cvdata/assets/datafiles/fuelpress/bkldnJCL4-fuelP.txt' target='_blank'>fuelPvsTime</a>,2.1,&plusmn;1.8,373,-,&plusmn;30,-,-,-,-,-,-,6.04,-,-,19.6,-,-,0.089; <a href= '/diesel-spray-combustion/sandia-cv/injector-characterization/2007-to-present/' target='_blank'>SprayA nozzle coefficients</a>,&plusmn;0.01,-,-,0.091,&plusmn;0.001,injector SN 210370; <a href= '/diesel-spray-combustion/target-condition/spray-a-nozzle-geometry/' target='_blank'>SprayA</a>,-,-,-,0.02,-,11.1;<a href= '/cvdata/assets/datafiles/liq/bkldnJCL4-liq.txt' target='_blank'>liquid data</a>,0.49,&plusmn;0.56,-,-,-,-,-,-,-,-,-,<a href= '/cvdata/assets/datafiles/press/bkldnJCL4-press.txt' target='_blank'>PvsT</a>,<a href= '/cvdata/assets/datafiles/pen/bkldnJCL4-pen.txt' target='_blank'>PenvsT</a>,-,21,-,-,-,-,-,-,-,<a href= '/cvdata/assets/datafiles/add/bkldn007L.mat'>Matlab liquid boundary Mie-scatter</a>; <a href= '/cvdata/assets/datafiles/add/bkldn007.jb'>Matlab vapor boundary</a>
688,0,900,22.8,0.090ks-a,A210370,150,>4,JP,363,Sandia,bkldnJPL4,25-Jun-08,<a href= '/cvdata/assets/datafiles/readme/bkldnJPL4-notes.txt' target='_blank'>notes</a>,<a href= '/references/?table_filter=2019-00165' target='_blank'>Fuel93(2012)539?548</a>,0,&plusmn;0.01,O2 = 0.00; N2 = 89.71; CO2 = 6.52; H2O = 3.77;,-,28.68,908.1; <a href= '/diesel-spray-combustion/sandia-cv/thermal-distribution/thermal-distribution-for-spray-a/' target='_blank'>Temp Distr</a>,6.5,&plusmn;2.6,-,880.4,22.69,0.03,&plusmn;0.01,-,23.4,6.07,1.016,-,0.2,-,-,-,<a href= '/diesel-spray-combustion/sandia-cv/combustion-vessel-geometry/' target='_blank'>Vesssel Geometry</a>,154.5;<a href= '/cvdata/assets/datafiles/fuelpress/bkldnJPL4-fuelP.txt' target='_blank'>fuelPvsTime</a>,0.7,&plusmn;0.7,373,-,&plusmn;30,-,-,-,-,-,-,5.5,-,-,19.7,-,-,0.089; <a href= '/diesel-spray-combustion/sandia-cv/injector-characterization/2007-to-present/' target='_blank'>SprayA nozzle coefficients</a>,&plusmn;0.01,-,-,0.091,&plusmn;0.001,injector SN 210370; <a href= '/diesel-spray-combustion/target-condition/spray-a-nozzle-geometry/' target='_blank'>SprayA</a>,-,-,-,0.02,-,12.6;<a href= '/cvdata/assets/datafiles/liq/bkldnJPL4-liq.txt' target='_blank'>liquid data</a>,0.21,&plusmn;0.18,-,-,-,-,-,-,-,-,-,<a href= '/cvdata/assets/datafiles/press/bkldnJPL4-press.txt' target='_blank'>PvsT</a>,<a href= '/cvdata/assets/datafiles/pen/bkldnJPL4-pen.txt' target='_blank'>PenvsT</a>,-,21,-,-,-,-,-,-,-,<a href= '/cvdata/assets/datafiles/add/bkldn034L.mat'>Matlab liquid boundary Mie-scatter</a>; <a href= '/cvdata/assets/datafiles/add/bkldn034.jb'>Matlab vapor boundary</a>
689,0,900,22.8,0.090ks-a,A210370,150,>4,JS,363,Sandia,bkldnJSL4,9-May-08,<a href= '/cvdata/assets/datafiles/readme/bkldnJSL4-notes.txt' target='_blank'>notes</a>,<a href= '/references/?table_filter=2019-00165' target='_blank'>Fuel93(2012)539?548</a>,0,&plusmn;0.01,O2 = 0.00; N2 = 89.71; CO2 = 6.52; H2O = 3.77;,-,28.68,902.5; <a href= '/diesel-spray-combustion/sandia-cv/thermal-distribution/thermal-distribution-for-spray-a/' target='_blank'>Temp Distr</a>,3.9,&plusmn;1.3,-,875.5,22.76,0.1,&plusmn;0.03,-,23.47,6.05,1.016,-,0.2,-,-,-,<a href= '/diesel-spray-combustion/sandia-cv/combustion-vessel-geometry/' target='_blank'>Vesssel Geometry</a>,154.4;<a href= '/cvdata/assets/datafiles/fuelpress/bkldnJSL4-fuelP.txt' target='_blank'>fuelPvsTime</a>,3.1,&plusmn;1.4,373,-,&plusmn;30,-,-,-,-,-,-,6.09,-,-,19.18,-,-,0.089; <a href= '/diesel-spray-combustion/sandia-cv/injector-characterization/2007-to-present/' target='_blank'>SprayA nozzle coefficients</a>,&plusmn;0.01,-,-,0.091,&plusmn;0.001,injector SN 210370; <a href= '/diesel-spray-combustion/target-condition/spray-a-nozzle-geometry/' target='_blank'>SprayA</a>,-,-,-,0.02,-,10.4;<a href= '/cvdata/assets/datafiles/liq/bkldnJSL4-liq.txt' target='_blank'>liquid data</a>,0.28,&plusmn;0.23,-,-,-,-,-,-,-,-,-,<a href= '/cvdata/assets/datafiles/press/bkldnJSL4-press.txt' target='_blank'>PvsT</a>,<a href= '/cvdata/assets/datafiles/pen/bkldnJSL4-pen.txt' target='_blank'>PenvsT</a>,-,21,-,-,-,-,-,-,-,<a href= '/cvdata/assets/datafiles/add/bkldn027L.mat'>Matlab liquid boundary Mie-scatter</a>; <a href= '/cvdata/assets/datafiles/add/bkldn027.jb'>Matlab vapor boundary</a>
690,0,900,22.8,0.090ks-a,A210370,150,>4,JW,363,Sandia,bkldnJWL4,30-Apr-08,<a href= '/cvdata/assets/datafiles/readme/bkldnJWL4-notes.txt' target='_blank'>notes</a>,<a href= '/references/?table_filter=2019-00165' target='_blank'>Fuel93(2012)539?548</a>,0,&plusmn;0.01,O2 = 0.00; N2 = 89.71; CO2 = 6.52; H2O = 3.77;,-,28.68,901.2; <a href= '/diesel-spray-combustion/sandia-cv/thermal-distribution/thermal-distribution-for-spray-a/' target='_blank'>Temp Distr</a>,6.8,&plusmn;4.6,-,874.2,22.71,0,&plusmn;0.00,-,23.42,6.03,1.016,-,0.2,-,-,-,<a href= '/diesel-spray-combustion/sandia-cv/combustion-vessel-geometry/' target='_blank'>Vesssel Geometry</a>,153.5;<a href= '/cvdata/assets/datafiles/fuelpress/bkldnJWL4-fuelP.txt' target='_blank'>fuelPvsTime</a>,5.1,&plusmn;3.8,373,-,&plusmn;30,-,-,-,-,-,-,5.95,-,-,19.6,-,-,0.089; <a href= '/diesel-spray-combustion/sandia-cv/injector-characterization/2007-to-present/' target='_blank'>SprayA nozzle coefficients</a>,&plusmn;0.01,-,-,0.091,&plusmn;0.001,injector SN 210370; <a href= '/diesel-spray-combustion/target-condition/spray-a-nozzle-geometry/' target='_blank'>SprayA</a>,-,-,-,0.02,-,10.5;<a href= '/cvdata/assets/datafiles/liq/bkldnJWL4-liq.txt' target='_blank'>liquid data</a>,0.56,&plusmn;0.64,-,-,-,-,-,-,-,-,-,<a href= '/cvdata/assets/datafiles/press/bkldnJWL4-press.txt' target='_blank'>PvsT</a>,<a href= '/cvdata/assets/datafiles/pen/bkldnJWL4-pen.txt' target='_blank'>PenvsT</a>,-,21,-,-,-,-,-,-,-,<a href= '/cvdata/assets/datafiles/add/bkldn007L.mat'>Matlab liquid boundary Mie-scatter</a>; <a href= '/cvdata/assets/datafiles/add/bkldn007.jb'>Matlab vapor boundary</a>
692,15,1000,22.8,0.090ks-a,A210370,150,>4,D2,363,Sandia,jildnD2L4,18-Dec-07,<a href= '/cvdata/assets/datafiles/readme/jildnD2L4-notes.txt' target='_blank'>readme</a>,<a href= '/references/?table_filter=2019-00064' target='_blank'>SAEIntJFuelsLubr5(2)2012-01-0678</a>,15,&plusmn;0.01,O2 = 15.00; N2 = 75.15; CO2 = 6.22; H2O = 3.62;,-,29.24,997.7,10.6,&plusmn;0.8,1000.4,961.5,22.78,0.06,&plusmn;0.00,22.98,23.63,6.56,1.016,-,-,-,-,-,<a href= '/diesel-spray-combustion/sandia-cv/combustion-vessel-geometry/' target='_blank'>Vesssel Geometry</a>,151.2;<a href= '/cvdata/assets/datafiles/fuelpress/jildnD2L4-fuelP.txt' target='_blank'>fuel pressure vs time</a>,4.4,&plusmn;0.7,373,-,&plusmn;30,-,-,-,-,-,-,6,-,-,19.7,-,-,0.089; <a href= '/diesel-spray-combustion/sandia-cv/injector-characterization/2007-to-present/' target='_blank'>SprayA nozzle coefficients</a>,&plusmn;0.01,-,-,0.091,0.001,injector SN 210370; <a href= '/diesel-spray-combustion/target-condition/spray-a-nozzle-geometry/' target='_blank'>Spray A</a>,-,-,-,0.02,fuel property <a href= '/diesel-spray-combustion/sandia-cv/fuels/' target='_blank'>table</a>,-,-,-,18.3;<a href= '/cvdata/assets/datafiles/lift/jildnD2L4.png' target='_blank'>steady OH chemiluminescence</a>,1.07,0.37,0.44,0.06,0.02,-,-,-,<a href= '/cvdata/assets/datafiles/press/jildnD2L4-press.txt' target='_blank'>PvsT</a>,-,-,-,-,-,-,-,-,-,<a href= '/cvdata/assets/movies/jildnD2L4.m1v' target='_blank'>movie</a> ,-
693,15,1000,22.8,0.090ks-a,A210370,150,>4,JC,363,Sandia,jildnJCL4,17-Jan-08,<a href= '/cvdata/assets/datafiles/readme/jildnJCL4-notes.txt' target='_blank'>readme</a>,<a href= '/references/?table_filter=2019-00064' target='_blank'>SAEIntJFuelsLubr5(2)2012-01-0678</a>,15,&plusmn;0.01,O2 = 15.00; N2 = 75.15; CO2 = 6.22; H2O = 3.62;,-,29.24,995.8,5.5,&plusmn;0.3,998.6,959.8,22.83,0.04,&plusmn;0.00,23.03,23.68,6.56,1.016,-,-,-,-,-,<a href= '/diesel-spray-combustion/sandia-cv/combustion-vessel-geometry/' target='_blank'>Vesssel Geometry</a>,149.9;<a href= '/cvdata/assets/datafiles/fuelpress/jildnJCL4-fuelP.txt' target='_blank'>fuel pressure vs time</a>,2.8,&plusmn;0.6,373,-,&plusmn;30,-,-,-,-,-,-,6.04,-,-,19.6,-,-,0.089; <a href= '/diesel-spray-combustion/sandia-cv/injector-characterization/2007-to-present/' target='_blank'>SprayA nozzle coefficients</a>,&plusmn;0.01,-,-,0.091,0.001,injector SN 210370; <a href= '/diesel-spray-combustion/target-condition/spray-a-nozzle-geometry/' target='_blank'>Spray A</a>,-,-,-,0.02,fuel property <a href= '/diesel-spray-combustion/sandia-cv/fuels/' target='_blank'>table</a>,-,-,-,18.5;<a href= '/cvdata/assets/datafiles/lift/jildnJCL4.png' target='_blank'>steady OH chemiluminescence</a>,0.93,0.31,0.44,0.05,0.02,-,-,-,<a href= '/cvdata/assets/datafiles/press/jildnJCL4-press.txt' target='_blank'>PvsT</a>,-,-,-,-,-,-,-,-,-,<a href= '/cvdata/assets/movies/jildnJCL4movie.m1v' target='_blank'>movie</a> ,-
694,15,1000,22.8,0.090ks-a,A210370,150,>4,JP,363,Sandia,jildnJPL4,19-Jun-08,<a href= '/cvdata/assets/datafiles/readme/jildnJPL4-notes.txt' target='_blank'>readme</a>,<a href= '/references/?table_filter=2019-00064' target='_blank'>SAEIntJFuelsLubr5(2)2012-01-0678</a>,15,&plusmn;0.01,O2 = 15.00; N2 = 75.15; CO2 = 6.22; H2O = 3.62;,-,29.24,998.7,5.4,&plusmn;0.8,1001.4,962.6,22.71,0.04,&plusmn;0.01,22.9,23.56,6.55,1.016,-,-,-,-,-,<a href= '/diesel-spray-combustion/sandia-cv/combustion-vessel-geometry/' target='_blank'>Vesssel Geometry</a>,154.2;<a href= '/cvdata/assets/datafiles/fuelpress/jildnJPL4-fuelP.txt' target='_blank'>fuel pressure vs time</a>,1.2,&plusmn;0.6,373,-,&plusmn;30,-,-,-,-,-,-,5.5,-,-,19.7,-,-,0.089; <a href= '/diesel-spray-combustion/sandia-cv/injector-characterization/2007-to-present/' target='_blank'>SprayA nozzle coefficients</a>,&plusmn;0.01,-,-,0.091,0.001,injector SN 210370; <a href= '/diesel-spray-combustion/target-condition/spray-a-nozzle-geometry/' target='_blank'>Spray A</a>,-,-,-,0.02,fuel property <a href= '/diesel-spray-combustion/sandia-cv/fuels/' target='_blank'>table</a>,-,-,-,21.0;<a href= '/cvdata/assets/datafiles/lift/jildnJPL4.png' target='_blank'>steady OH chemiluminescence</a>,0.98,0.37,0.49,0.03,0.02,-,-,-,<a href= '/cvdata/assets/datafiles/press/jildnJPL4-press.txt' target='_blank'>PvsT</a>,-,-,-,-,-,-,-,-,-,<a href= '/cvdata/assets/movies/jildnJPL4.m1v' target='_blank'>movie</a> ,-
695,15,1000,22.8,0.090ks-a,A210370,150,>4,JS,363,Sandia,jildnJSL4,14-May-08,<a href= '/cvdata/assets/datafiles/readme/jildnJSL4-notes.txt' target='_blank'>readme</a>,<a href= '/references/?table_filter=2019-00064' target='_blank'>SAEIntJFuelsLubr5(2)2012-01-0678</a>,15,&plusmn;0.01,O2 = 15.00; N2 = 75.15; CO2 = 6.22; H2O = 3.62;,-,29.24,990.4,5.9,&plusmn;1.2,993.3,955,22.78,0.04,&plusmn;0.01,22.98,23.62,6.51,1.016,-,-,-,-,-,<a href= '/diesel-spray-combustion/sandia-cv/combustion-vessel-geometry/' target='_blank'>Vesssel Geometry</a>,153.9;<a href= '/cvdata/assets/datafiles/fuelpress/jildnJSL4-fuelP.txt' target='_blank'>fuel pressure vs time</a>,1.7,&plusmn;0.7,373,-,&plusmn;30,-,-,-,-,-,-,6.09,-,-,19.18,-,-,0.089; <a href= '/diesel-spray-combustion/sandia-cv/injector-characterization/2007-to-present/' target='_blank'>SprayA nozzle coefficients</a>,&plusmn;0.01,-,-,0.091,0.001,injector SN 210370; <a href= '/diesel-spray-combustion/target-condition/spray-a-nozzle-geometry/' target='_blank'>Spray A</a>,-,-,-,0.02,fuel property <a href= '/diesel-spray-combustion/sandia-cv/fuels/' target='_blank'>table</a>,-,-,-,17.7;<a href= '/cvdata/assets/datafiles/lift/jildnJSL4.png' target='_blank'>steady OH chemiluminescence</a>,0.56,0.36,0.44,0.07,0.05,-,-,-,<a href= '/cvdata/assets/datafiles/press/jildnJSL4-press.txt' target='_blank'>PvsT</a>,-,-,-,-,-,-,-,-,-,<a href= '/cvdata/assets/movies/jildnJSL4.m1v' target='_blank'>movie</a> ,-
696,15,1000,22.8,0.090ks-a,A210370,150,>4,JW,363,Sandia,jildnJWL4,25-Mar-08,<a href= '/cvdata/assets/datafiles/readme/jildnJWL4-notes.txt' target='_blank'>readme</a>,<a href= '/references/?table_filter=2019-00064' target='_blank'>SAEIntJFuelsLubr5(2)2012-01-0678</a>,15,&plusmn;0.01,O2 = 15.00; N2 = 75.15; CO2 = 6.22; H2O = 3.62;,-,29.24,997.5,6.6,&plusmn;0.4,1000.3,961.6,22.79,0.05,&plusmn;0.00,22.99,23.64,6.56,1.016,-,-,-,-,-,<a href= '/diesel-spray-combustion/sandia-cv/combustion-vessel-geometry/' target='_blank'>Vesssel Geometry</a>,149.1;<a href= '/cvdata/assets/datafiles/fuelpress/jildnJWL4-fuelP.txt' target='_blank'>fuel pressure vs time</a>,8.5,&plusmn;0.9,373,-,&plusmn;30,-,-,-,-,-,-,5.95,-,-,19.6,-,-,0.089; <a href= '/diesel-spray-combustion/sandia-cv/injector-characterization/2007-to-present/' target='_blank'>SprayA nozzle coefficients</a>,&plusmn;0.01,-,-,0.091,0.001,injector SN 210370; <a href= '/diesel-spray-combustion/target-condition/spray-a-nozzle-geometry/' target='_blank'>Spray A</a>,-,-,-,0.02,fuel property <a href= '/diesel-spray-combustion/sandia-cv/fuels/' target='_blank'>table</a>,-,-,-,18.9;<a href= '/cvdata/assets/datafiles/lift/jildnJWL4.png' target='_blank'>steady OH chemiluminescence</a>,0.99,0.33,0.45,0.08,0.03,-,-,-,<a href= '/cvdata/assets/datafiles/press/jildnJWL4-press.txt' target='_blank'>PvsT</a>,-,-,-,-,-,-,-,-,-,<a href= '/cvdata/assets/movies/jildnJWL4.m1v' target='_blank'>movie</a> ,-
697,15,900,22.8,0.090ks-a,A210370,150,>4,D2,363,Sandia,jkldnD2L4,14-Dec-07,<a href= '/cvdata/assets/datafiles/readme/jkldnD2L4-notes.txt' target='_blank'>readme</a>,<a href= '/references/?table_filter=2019-00064' target='_blank'>SAEIntJFuelsLubr5(2)2012-01-0678</a>,15,&plusmn;0.01,O2 = 15.00; N2 = 75.15; CO2 = 6.22; H2O = 3.62;,-,29.24,900.5,3.9,&plusmn;1.0,903.5,873.3,22.79,0.06,&plusmn;0.01,23.03,23.5,5.92,1.015,-,-,-,-,-,<a href= '/diesel-spray-combustion/sandia-cv/combustion-vessel-geometry/' target='_blank'>Vesssel Geometry</a>,151.8;<a href= '/cvdata/assets/datafiles/fuelpress/jkldnD2L4-fuelP.txt' target='_blank'>fuel pressure vs time</a>,4.3,&plusmn;1.5,373,-,&plusmn;30,-,-,-,-,-,-,6,-,-,19.7,-,-,0.089; <a href= '/diesel-spray-combustion/sandia-cv/injector-characterization/2007-to-present/' target='_blank'>SprayA nozzle coefficients</a>,&plusmn;0.01,-,-,0.091,0.001,injector SN 210370; <a href= '/diesel-spray-combustion/target-condition/spray-a-nozzle-geometry/' target='_blank'>Spray A</a>,-,-,-,0.02,fuel property <a href= '/diesel-spray-combustion/sandia-cv/fuels/' target='_blank'>table</a>,-,-,-,27.0;<a href= '/cvdata/assets/datafiles/lift/jkldnD2L4.png' target='_blank'>steady OH chemiluminescence</a>,1.66,0.54,0.77,0.09,0.07,-,-,-,<a href= '/cvdata/assets/datafiles/press/jkldnD2L4-press.txt' target='_blank'>PvsT</a>,-,-,-,-,-,-,-,-,-,<a href= '/cvdata/assets/movies/jkldnD2L4.mp4' target='_blank'>movie</a> ,-
698,15,900,22.8,0.090ks-a,A210370,150,>4,JC,363,Sandia,jkldnJCL4,17-Jan-08,<a href= '/cvdata/assets/datafiles/readme/jkldnJCL4-notes.txt' target='_blank'>readme</a>,<a href= '/references/?table_filter=2019-00064' target='_blank'>SAEIntJFuelsLubr5(2)2012-01-0678</a>,15,&plusmn;0.01,O2 = 15.00; N2 = 75.15; CO2 = 6.22; H2O = 3.62;,-,29.24,898.7,2.5,&plusmn;0.5,901.8,871.6,22.85,0.04,&plusmn;0.01,23.09,23.56,5.93,1.015,-,-,-,-,-,<a href= '/diesel-spray-combustion/sandia-cv/combustion-vessel-geometry/' target='_blank'>Vesssel Geometry</a>,150.2;<a href= '/cvdata/assets/datafiles/fuelpress/jkldnJCL4-fuelP.txt' target='_blank'>fuel pressure vs time</a>,2.8,&plusmn;0.9,373,-,&plusmn;30,-,-,-,-,-,-,6.04,-,-,19.6,-,-,0.089; <a href= '/diesel-spray-combustion/sandia-cv/injector-characterization/2007-to-present/' target='_blank'>SprayA nozzle coefficients</a>,&plusmn;0.01,-,-,0.091,0.001,injector SN 210370; <a href= '/diesel-spray-combustion/target-condition/spray-a-nozzle-geometry/' target='_blank'>Spray A</a>,-,-,-,0.02,fuel property <a href= '/diesel-spray-combustion/sandia-cv/fuels/' target='_blank'>table</a>,-,-,-,28.1;<a href= '/cvdata/assets/datafiles/lift/jkldnJCL4.png' target='_blank'>steady OH chemiluminescence</a>,1.14,0.68,0.79,0.06,0.04,-,-,-,<a href= '/cvdata/assets/datafiles/press/jkldnJCL4-press.txt' target='_blank'>PvsT</a>,-,-,-,-,-,-,-,-,-,<a href= '/cvdata/assets/movies/jkldnJCL4.mp4' target='_blank'>movie</a> ,-
699,15,900,22.8,0.090ks-a,A210370,150,>4,JP,363,Sandia,jkldnJPL4,12-Jun-08,<a href= '/cvdata/assets/datafiles/readme/jkldnJPL4-notes.txt' target='_blank'>readme</a>,<a href= '/references/?table_filter=2019-00064' target='_blank'>SAEIntJFuelsLubr5(2)2012-01-0678</a>,15,&plusmn;0.01,O2 = 15.00; N2 = 75.15; CO2 = 6.22; H2O = 3.62;,-,29.24,911,4.9,&plusmn;0.6,911,883.2,22.7,0.06,&plusmn;0.01,22.7,23.41,5.97,1.015,-,-,-,-,-,<a href= '/diesel-spray-combustion/sandia-cv/combustion-vessel-geometry/' target='_blank'>Vesssel Geometry</a>,152.1;<a href= '/cvdata/assets/datafiles/fuelpress/jkldnJPL4-fuelP.txt' target='_blank'>fuel pressure vs time</a>,2.2,&plusmn;0.7,373,-,&plusmn;30,-,-,-,-,-,-,5.5,-,-,19.7,-,-,0.089; <a href= '/diesel-spray-combustion/sandia-cv/injector-characterization/2007-to-present/' target='_blank'>SprayA nozzle coefficients</a>,&plusmn;0.01,-,-,0.091,0.001,injector SN 210370; <a href= '/diesel-spray-combustion/target-condition/spray-a-nozzle-geometry/' target='_blank'>Spray A</a>,-,-,-,0.02,fuel property <a href= '/diesel-spray-combustion/sandia-cv/fuels/' target='_blank'>table</a>,-,-,-,30.7;<a href= '/cvdata/assets/datafiles/lift/jkldnJPL4.png' target='_blank'>steady OH chemiluminescence</a>,1.63,0.82,1.37,0.21,0.11,-,-,-,<a href= '/cvdata/assets/datafiles/press/jkldnJPL4-press.txt' target='_blank'>PvsT</a>,-,-,-,-,-,-,-,-,-,<a href= '/cvdata/assets/movies/jkldnJPL4.mp4' target='_blank'>movie</a> ,-
700,15,900,22.8,0.090ks-a,A210370,150,>4,JS,363,Sandia,jkldnJSL4,14-May-08,<a href= '/cvdata/assets/datafiles/readme/jkldnJSL4-notes.txt' target='_blank'>readme</a>,<a href= '/references/?table_filter=2019-00064' target='_blank'>SAEIntJFuelsLubr5(2)2012-01-0678</a>,15,&plusmn;0.01,O2 = 15.00; N2 = 75.15; CO2 = 6.22; H2O = 3.62;,-,29.24,901,6.7,&plusmn;1.9,904,873.9,22.73,0.02,&plusmn;0.00,22.97,23.44,5.91,1.015,-,-,-,-,-,<a href= '/diesel-spray-combustion/sandia-cv/combustion-vessel-geometry/' target='_blank'>Vesssel Geometry</a>,154.6;<a href= '/cvdata/assets/datafiles/fuelpress/jkldnJSL4-fuelP.txt' target='_blank'>fuel pressure vs time</a>,2.6,&plusmn;1.1,373,-,&plusmn;30,-,-,-,-,-,-,6.09,-,-,19.18,-,-,0.089; <a href= '/diesel-spray-combustion/sandia-cv/injector-characterization/2007-to-present/' target='_blank'>SprayA nozzle coefficients</a>,&plusmn;0.01,-,-,0.091,0.001,injector SN 210370; <a href= '/diesel-spray-combustion/target-condition/spray-a-nozzle-geometry/' target='_blank'>Spray A</a>,-,-,-,0.02,fuel property <a href= '/diesel-spray-combustion/sandia-cv/fuels/' target='_blank'>table</a>,-,-,-,23.1;<a href= '/cvdata/assets/datafiles/lift/jkldnJSL4.png' target='_blank'>steady OH chemiluminescence</a>,1.09,0.82,0.57,0.06,0.05,-,-,-,<a href= '/cvdata/assets/datafiles/press/jkldnJSL4-press.txt' target='_blank'>PvsT</a>,-,-,-,-,-,-,-,-,-,<a href= '/cvdata/assets/movies/jkldnJSL4.mp4' target='_blank'>movie</a> ,-
701,15,900,22.8,0.090ks-a,A210370,150,>4,JW,363,Sandia,jkldnJWL4,25-Mar-08,<a href= '/cvdata/assets/datafiles/readme/jkldnJWL4-notes.txt' target='_blank'>readme</a>,<a href= '/references/?table_filter=2019-00064' target='_blank'>SAEIntJFuelsLubr5(2)2012-01-0678</a>,15,&plusmn;0.01,O2 = 15.00; N2 = 75.15; CO2 = 6.22; H2O = 3.62;,-,29.24,899.6,6.1,&plusmn;0.4,902.6,872.6,22.8,0.05,&plusmn;0.00,23.04,23.5,5.92,1.015,-,-,-,-,-,<a href= '/diesel-spray-combustion/sandia-cv/combustion-vessel-geometry/' target='_blank'>Vesssel Geometry</a>,150.3;<a href= '/cvdata/assets/datafiles/fuelpress/jkldnJWL4-fuelP.txt' target='_blank'>fuel pressure vs time</a>,7.8,&plusmn;0.9,373,-,&plusmn;30,-,-,-,-,-,-,5.95,-,-,19.6,-,-,0.089; <a href= '/diesel-spray-combustion/sandia-cv/injector-characterization/2007-to-present/' target='_blank'>SprayA nozzle coefficients</a>,&plusmn;0.01,-,-,0.091,0.001,injector SN 210370; <a href= '/diesel-spray-combustion/target-condition/spray-a-nozzle-geometry/' target='_blank'>Spray A</a>,-,-,-,0.02,fuel property <a href= '/diesel-spray-combustion/sandia-cv/fuels/' target='_blank'>table</a>,-,-,-,25.9;<a href= '/cvdata/assets/datafiles/lift/jkldnJWL4.png' target='_blank'>steady OH chemiluminescence</a>,1.43,0.5,0.68,0.08,0.03,-,-,-,<a href= '/cvdata/assets/datafiles/press/jkldnJWL4-press.txt' target='_blank'>PvsT</a>,-,-,-,-,-,-,-,-,-,<a href= '/cvdata/assets/movies/jkldnJWL4.mp4' target='_blank'>movie</a> ,-
702,15,750,22.8,0.090ks-a,A210370,150,>4,G15,363,Sandia,-,16-Apr-12,-,"<a href='/references/?table_filter=2019-00166' target='_blank'>Manin, 2014</a>",15,&plusmn;0.01,O2 = 15.00; N2 = 75.15; CO2 = 6.22; H2O = 3.62;,-,29.24,748,-,-,-,-,-,-,-,-,-,-,-,-,-,-,-,-,<a href= '/diesel-spray-combustion/sandia-cv/combustion-vessel-geometry/' target='_blank'>Vesssel Geometry</a>,-,-,-,-,-,-,-,-,-,-,-,-,-,-,-,-,-,-,-,-,-,-,-,-,-,-,-,-,-,-,-,-,-,42.5,2.511312384,-,-,-,-,1.798,106,-,-,-,-,-,-,-,-,-,-,-,-,-
703,15,800,22.8,0.090ks-a,A210370,150,>4,G15,363,Sandia,-,16-Apr-12,-,"<a href='/references/?table_filter=2019-00166' target='_blank'>Manin, 2014</a>",15,&plusmn;0.01,O2 = 15.00; N2 = 75.15; CO2 = 6.22; H2O = 3.62;,-,29.24,802.15,-,-,-,-,-,-,-,-,-,-,-,-,-,-,-,-,<a href= '/diesel-spray-combustion/sandia-cv/combustion-vessel-geometry/' target='_blank'>Vesssel Geometry</a>,-,-,-,-,-,-,-,-,-,-,-,-,-,-,-,-,-,-,-,-,-,-,-,-,-,-,-,-,-,-,-,-,-,27.46,0.770123072,-,-,-,-,0.745,21,-,-,-,-,-,-,-,-,-,-,-,-,-
704,15,850,22.8,0.090ks-a,A210370,150,>4,G15,363,Sandia,-,16-Apr-12,-,"<a href='/references/?table_filter=2019-00166' target='_blank'>Manin, 2014</a>",15,&plusmn;0.01,O2 = 15.00; N2 = 75.15; CO2 = 6.22; H2O = 3.62;,-,29.24,851.1,-,-,-,-,-,-,-,-,-,-,-,-,-,-,-,-,<a href= '/diesel-spray-combustion/sandia-cv/combustion-vessel-geometry/' target='_blank'>Vesssel Geometry</a>,-,-,-,-,-,-,-,-,-,-,-,-,-,-,-,-,-,-,-,-,-,-,-,-,-,-,-,-,-,-,-,-,-,21.04,0.461538462,-,-,-,-,0.458,10,-,-,-,-,-,-,-,-,-,-,-,-,-
705,15,900,22.8,0.090ks-a,A210370,150,>4,G15,363,Sandia,-,16-Apr-12,-,"<a href='/references/?table_filter=2019-00166' target='_blank'>Manin, 2014</a>",15,&plusmn;0.01,O2 = 15.00; N2 = 75.15; CO2 = 6.22; H2O = 3.62;,-,29.24,900,-,-,-,-,-,-,-,-,-,-,-,-,-,-,-,-,<a href= '/diesel-spray-combustion/sandia-cv/combustion-vessel-geometry/' target='_blank'>Vesssel Geometry</a>,-,-,-,-,-,-,-,-,-,-,-,-,-,-,-,-,-,-,-,-,-,-,-,-,-,-,-,-,-,-,-,-,-,16.85,1.790031725,-,-,-,-,0.312,33,-,-,-,-,-,-,-,-,-,-,-,-,-
706,15,1000,22.8,0.090ks-a,A210370,150,>4,G15,363,Sandia,-,16-Apr-12,-,"<a href='/references/?table_filter=2019-00166' target='_blank'>Manin, 2014</a>",15,&plusmn;0.01,O2 = 15.00; N2 = 75.15; CO2 = 6.22; H2O = 3.62;,-,29.24,1010,-,-,-,-,-,-,-,-,-,-,-,-,-,-,-,-,<a href= '/diesel-spray-combustion/sandia-cv/combustion-vessel-geometry/' target='_blank'>Vesssel Geometry</a>,-,-,-,-,-,-,-,-,-,-,-,-,-,-,-,-,-,-,-,-,-,-,-,-,-,-,-,-,-,-,-,-,-,11.68,0.585,-,-,-,-,0.2,10,-,-,-,-,-,-,-,-,-,-,-,-,-
707,15,1100,22.8,0.090ks-a,A210370,150,>4,G15,363,Sandia,-,16-Apr-12,-,"<a href='/references/?table_filter=2019-00166' target='_blank'>Manin, 2014</a>",15,&plusmn;0.01,O2 = 15.00; N2 = 75.15; CO2 = 6.22; H2O = 3.62;,-,29.24,1102,-,-,-,-,-,-,-,-,-,-,-,-,-,-,-,-,<a href= '/diesel-spray-combustion/sandia-cv/combustion-vessel-geometry/' target='_blank'>Vesssel Geometry</a>,-,-,-,-,-,-,-,-,-,-,-,-,-,-,-,-,-,-,-,-,-,-,-,-,-,-,-,-,-,-,-,-,-,9.42,1.554378895,-,-,-,-,0.166,26,-,-,-,-,-,-,-,-,-,-,-,-,-
708,15,1200,22.8,0.090ks-a,A210370,150,>4,G15,363,Sandia,-,16-Apr-12,-,"<a href='/references/?table_filter=2019-00166' target='_blank'>Manin, 2014</a>",15,&plusmn;0.01,O2 = 15.00; N2 = 75.15; CO2 = 6.22; H2O = 3.62;,-,29.24,1202,-,-,-,-,-,-,-,-,-,-,-,-,-,-,-,-,<a href= '/diesel-spray-combustion/sandia-cv/combustion-vessel-geometry/' target='_blank'>Vesssel Geometry</a>,-,-,-,-,-,-,-,-,-,-,-,-,-,-,-,-,-,-,-,-,-,-,-,-,-,-,-,-,-,-,-,-,-,7.48,2.02974704,-,-,-,-,0.108,29,-,-,-,-,-,-,-,-,-,-,-,-,-
709,15,750,22.8,0.090ks-a,A210370,150,>4,G33,363,Sandia,-,16-Apr-12,-,"<a href='/references/?table_filter=2019-00166' target='_blank'>Manin, 2014</a>",15,&plusmn;0.01,O2 = 15.00; N2 = 75.15; CO2 = 6.22; H2O = 3.62;,-,29.24,757.4,-,-,-,-,-,-,-,-,-,-,-,-,-,-,-,-,<a href= '/diesel-spray-combustion/sandia-cv/combustion-vessel-geometry/' target='_blank'>Vesssel Geometry</a>,-,-,-,-,-,-,-,-,-,-,-,-,-,-,-,-,-,-,-,-,-,-,-,-,-,-,-,-,-,-,-,-,-,37.8,3.4,-,-,-,-,1.437,0,-,-,-,-,-,-,-,-,-,-,-,-,-
710,15,800,22.8,0.090ks-a,A210370,150,>4,G33,363,Sandia,-,16-Apr-12,-,"<a href='/references/?table_filter=2019-00166' target='_blank'>Manin, 2014</a>",15,&plusmn;0.01,O2 = 15.00; N2 = 75.15; CO2 = 6.22; H2O = 3.62;,-,29.24,809.47,-,-,-,-,-,-,-,-,-,-,-,-,-,-,-,-,<a href= '/diesel-spray-combustion/sandia-cv/combustion-vessel-geometry/' target='_blank'>Vesssel Geometry</a>,-,-,-,-,-,-,-,-,-,-,-,-,-,-,-,-,-,-,-,-,-,-,-,-,-,-,-,-,-,-,-,-,-,28.2,1.524307351,-,-,-,-,0.627,35.11884584,-,-,-,-,-,-,-,-,-,-,-,-,-
711,15,850,22.8,0.090ks-a,A210370,150,>4,G33,363,Sandia,-,16-Apr-12,-,"<a href='/references/?table_filter=2019-00166' target='_blank'>Manin, 2014</a>",15,&plusmn;0.01,O2 = 15.00; N2 = 75.15; CO2 = 6.22; H2O = 3.62;,-,29.24,851.78,-,-,-,-,-,-,-,-,-,-,-,-,-,-,-,-,<a href= '/diesel-spray-combustion/sandia-cv/combustion-vessel-geometry/' target='_blank'>Vesssel Geometry</a>,-,-,-,-,-,-,-,-,-,-,-,-,-,-,-,-,-,-,-,-,-,-,-,-,-,-,-,-,-,-,-,-,-,24.62,1.604347826,-,-,-,-,0.46,30,-,-,-,-,-,-,-,-,-,-,-,-,-
712,15,900,22.8,0.090ks-a,A210370,150,>4,G33,363,Sandia,-,16-Apr-12,-,"<a href='/references/?table_filter=2019-00166' target='_blank'>Manin, 2014</a>",15,&plusmn;0.01,O2 = 15.00; N2 = 75.15; CO2 = 6.22; H2O = 3.62;,-,29.24,907.44,-,-,-,-,-,-,-,-,-,-,-,-,-,-,-,-,<a href= '/diesel-spray-combustion/sandia-cv/combustion-vessel-geometry/' target='_blank'>Vesssel Geometry</a>,-,-,-,-,-,-,-,-,-,-,-,-,-,-,-,-,-,-,-,-,-,-,-,-,-,-,-,-,-,-,-,-,-,19.32,1.407519183,-,-,-,-,0.315,23.09401077,-,-,-,-,-,-,-,-,-,-,-,-,-
713,15,1000,22.8,0.090ks-a,A210370,150,>4,G33,363,Sandia,-,16-Apr-12,-,"<a href='/references/?table_filter=2019-00166' target='_blank'>Manin, 2014</a>",15,&plusmn;0.01,O2 = 15.00; N2 = 75.15; CO2 = 6.22; H2O = 3.62;,-,29.24,1004.6,-,-,-,-,-,-,-,-,-,-,-,-,-,-,-,-,<a href= '/diesel-spray-combustion/sandia-cv/combustion-vessel-geometry/' target='_blank'>Vesssel Geometry</a>,-,-,-,-,-,-,-,-,-,-,-,-,-,-,-,-,-,-,-,-,-,-,-,-,-,-,-,-,-,-,-,-,-,13.04,1.671343301,-,-,-,-,0.212,28.28427125,-,-,-,-,-,-,-,-,-,-,-,-,-
714,15,1100,22.8,0.090ks-a,A210370,150,>4,G33,363,Sandia,-,16-Apr-12,-,"<a href='/references/?table_filter=2019-00166' target='_blank'>Manin, 2014</a>",15,&plusmn;0.01,O2 = 15.00; N2 = 75.15; CO2 = 6.22; H2O = 3.62;,-,29.24,1102.8,-,-,-,-,-,-,-,-,-,-,-,-,-,-,-,-,<a href= '/diesel-spray-combustion/sandia-cv/combustion-vessel-geometry/' target='_blank'>Vesssel Geometry</a>,-,-,-,-,-,-,-,-,-,-,-,-,-,-,-,-,-,-,-,-,-,-,-,-,-,-,-,-,-,-,-,-,-,10.24,1.10418239,-,-,-,-,0.16,17.32050808,-,-,-,-,-,-,-,-,-,-,-,-,-
715,15,1200,22.8,0.090ks-a,A210370,150,>4,G33,363,Sandia,-,16-Apr-12,-,"<a href='/references/?table_filter=2019-00166' target='_blank'>Manin, 2014</a>",15,&plusmn;0.01,O2 = 15.00; N2 = 75.15; CO2 = 6.22; H2O = 3.62;,-,29.24,1199.4,-,-,-,-,-,-,-,-,-,-,-,-,-,-,-,-,<a href= '/diesel-spray-combustion/sandia-cv/combustion-vessel-geometry/' target='_blank'>Vesssel Geometry</a>,-,-,-,-,-,-,-,-,-,-,-,-,-,-,-,-,-,-,-,-,-,-,-,-,-,-,-,-,-,-,-,-,-,7.1,0.7,-,-,-,-,0.106,0,-,-,-,-,-,-,-,-,-,-,-,-,-
716,15,750,22.8,0.090ks-a,A210370,150,>4,G50,363,Sandia,-,16-Apr-12,-,"<a href='/references/?table_filter=2019-00166' target='_blank'>Manin, 2014</a>",15,&plusmn;0.01,O2 = 15.00; N2 = 75.15; CO2 = 6.22; H2O = 3.62;,-,29.24,751.7166667,-,-,-,-,-,-,-,-,-,-,-,-,-,-,-,-,<a href= '/diesel-spray-combustion/sandia-cv/combustion-vessel-geometry/' target='_blank'>Vesssel Geometry</a>,-,-,-,-,-,-,-,-,-,-,-,-,-,-,-,-,-,-,-,-,-,-,-,-,-,-,-,-,-,-,-,-,-,43.58,4.5,-,-,-,-,1.325,196.1377067,-,-,-,-,-,-,-,-,-,-,-,-,-
717,15,800,22.8,0.090ks-a,A210370,150,>4,G50,363,Sandia,-,16-Apr-12,-,"<a href='/references/?table_filter=2019-00166' target='_blank'>Manin, 2014</a>",15,&plusmn;0.01,O2 = 15.00; N2 = 75.15; CO2 = 6.22; H2O = 3.62;,-,29.24,800.54,-,-,-,-,-,-,-,-,-,-,-,-,-,-,-,-,<a href= '/diesel-spray-combustion/sandia-cv/combustion-vessel-geometry/' target='_blank'>Vesssel Geometry</a>,-,-,-,-,-,-,-,-,-,-,-,-,-,-,-,-,-,-,-,-,-,-,-,-,-,-,-,-,-,-,-,-,-,32.68,3.745326039,-,-,-,-,0.804,92.08691547,-,-,-,-,-,-,-,-,-,-,-,-,-
718,15,850,22.8,0.090ks-a,A210370,150,>4,G50,363,Sandia,-,16-Apr-12,-,"<a href='/references/?table_filter=2019-00166' target='_blank'>Manin, 2014</a>",15,&plusmn;0.01,O2 = 15.00; N2 = 75.15; CO2 = 6.22; H2O = 3.62;,-,29.24,851.175,-,-,-,-,-,-,-,-,-,-,-,-,-,-,-,-,<a href= '/diesel-spray-combustion/sandia-cv/combustion-vessel-geometry/' target='_blank'>Vesssel Geometry</a>,-,-,-,-,-,-,-,-,-,-,-,-,-,-,-,-,-,-,-,-,-,-,-,-,-,-,-,-,-,-,-,-,-,25.41,2.970413544,-,-,-,-,0.543,63.4428877,-,-,-,-,-,-,-,-,-,-,-,-,-
719,15,900,22.8,0.090ks-a,A210370,150,>4,G50,363,Sandia,-,16-Apr-12,-,"<a href='/references/?table_filter=2019-00166' target='_blank'>Manin, 2014</a>",15,&plusmn;0.01,O2 = 15.00; N2 = 75.15; CO2 = 6.22; H2O = 3.62;,-,29.24,897.6,-,-,-,-,-,-,-,-,-,-,-,-,-,-,-,-,<a href= '/diesel-spray-combustion/sandia-cv/combustion-vessel-geometry/' target='_blank'>Vesssel Geometry</a>,-,-,-,-,-,-,-,-,-,-,-,-,-,-,-,-,-,-,-,-,-,-,-,-,-,-,-,-,-,-,-,-,-,18.97,1.683250823,-,-,-,-,0.379,33.66501646,-,-,-,-,-,-,-,-,-,-,-,-,-
720,15,1000,22.8,0.090ks-a,A210370,150,>4,G50,363,Sandia,-,16-Apr-12,-,"<a href='/references/?table_filter=2019-00166' target='_blank'>Manin, 2014</a>",15,&plusmn;0.01,O2 = 15.00; N2 = 75.15; CO2 = 6.22; H2O = 3.62;,-,29.24,1002.45,-,-,-,-,-,-,-,-,-,-,-,-,-,-,-,-,<a href= '/diesel-spray-combustion/sandia-cv/combustion-vessel-geometry/' target='_blank'>Vesssel Geometry</a>,-,-,-,-,-,-,-,-,-,-,-,-,-,-,-,-,-,-,-,-,-,-,-,-,-,-,-,-,-,-,-,-,-,13.77,1.313250527,-,-,-,-,0.27,25.88435821,-,-,-,-,-,-,-,-,-,-,-,-,-
721,15,1100,22.8,0.090ks-a,A210370,150,>4,G50,363,Sandia,-,16-Apr-12,-,"<a href='/references/?table_filter=2019-00166' target='_blank'>Manin, 2014</a>",15,&plusmn;0.01,O2 = 15.00; N2 = 75.15; CO2 = 6.22; H2O = 3.62;,-,29.24,1102.6,-,-,-,-,-,-,-,-,-,-,-,-,-,-,-,-,<a href= '/diesel-spray-combustion/sandia-cv/combustion-vessel-geometry/' target='_blank'>Vesssel Geometry</a>,-,-,-,-,-,-,-,-,-,-,-,-,-,-,-,-,-,-,-,-,-,-,-,-,-,-,-,-,-,-,-,-,-,9.91,0.644769116,-,-,-,-,0.205,13.41640786,-,-,-,-,-,-,-,-,-,-,-,-,-
722,15,1200,22.8,0.090ks-a,A210370,150,>4,G50,363,Sandia,-,16-Apr-12,-,"<a href='/references/?table_filter=2019-00166' target='_blank'>Manin, 2014</a>",15,&plusmn;0.01,O2 = 15.00; N2 = 75.15; CO2 = 6.22; H2O = 3.62;,-,29.24,1192,-,-,-,-,-,-,-,-,-,-,-,-,-,-,-,-,<a href= '/diesel-spray-combustion/sandia-cv/combustion-vessel-geometry/' target='_blank'>Vesssel Geometry</a>,-,-,-,-,-,-,-,-,-,-,-,-,-,-,-,-,-,-,-,-,-,-,-,-,-,-,-,-,-,-,-,-,-,7.2,1.095445115,-,-,-,-,0.146,21.9089023,-,-,-,-,-,-,-,-,-,-,-,-,-
723,15,750,22.8,0.090ks-a,A210370,150,>4,G50A,363,Sandia,-,16-Apr-12,-,"<a href='/references/?table_filter=2019-00166' target='_blank'>Manin, 2014</a>",15,&plusmn;0.01,O2 = 15.00; N2 = 75.15; CO2 = 6.22; H2O = 3.62;,-,29.24,753.4333333,-,-,-,-,-,-,-,-,-,-,-,-,-,-,-,-,<a href= '/diesel-spray-combustion/sandia-cv/combustion-vessel-geometry/' target='_blank'>Vesssel Geometry</a>,-,-,-,-,-,-,-,-,-,-,-,-,-,-,-,-,-,-,-,-,-,-,-,-,-,-,-,-,-,-,-,-,-,55.7,4.085168157,-,-,-,-,1.626,119.3035345,-,-,-,-,-,-,-,-,-,-,-,-,-
724,15,800,22.8,0.090ks-a,A210370,150,>4,G50A,363,Sandia,-,16-Apr-12,-,"<a href='/references/?table_filter=2019-00166' target='_blank'>Manin, 2014</a>",15,&plusmn;0.01,O2 = 15.00; N2 = 75.15; CO2 = 6.22; H2O = 3.62;,-,29.24,805.6333333,-,-,-,-,-,-,-,-,-,-,-,-,-,-,-,-,<a href= '/diesel-spray-combustion/sandia-cv/combustion-vessel-geometry/' target='_blank'>Vesssel Geometry</a>,-,-,-,-,-,-,-,-,-,-,-,-,-,-,-,-,-,-,-,-,-,-,-,-,-,-,-,-,-,-,-,-,-,40,3.5,-,-,-,-,0.859,117.8982612,-,-,-,-,-,-,-,-,-,-,-,-,-
725,15,850,22.8,0.090ks-a,A210370,150,>4,G50A,363,Sandia,-,16-Apr-12,-,"<a href='/references/?table_filter=2019-00166' target='_blank'>Manin, 2014</a>",15,&plusmn;0.01,O2 = 15.00; N2 = 75.15; CO2 = 6.22; H2O = 3.62;,-,29.24,855.2666667,-,-,-,-,-,-,-,-,-,-,-,-,-,-,-,-,<a href= '/diesel-spray-combustion/sandia-cv/combustion-vessel-geometry/' target='_blank'>Vesssel Geometry</a>,-,-,-,-,-,-,-,-,-,-,-,-,-,-,-,-,-,-,-,-,-,-,-,-,-,-,-,-,-,-,-,-,-,30,2.7,-,-,-,-,0.626,119.3035345,-,-,-,-,-,-,-,-,-,-,-,-,-
726,15,900,22.8,0.090ks-a,A210370,150,>4,G50A,363,Sandia,-,16-Apr-12,-,"<a href='/references/?table_filter=2019-00166' target='_blank'>Manin, 2014</a>",15,&plusmn;0.01,O2 = 15.00; N2 = 75.15; CO2 = 6.22; H2O = 3.62;,-,29.24,904.7,-,-,-,-,-,-,-,-,-,-,-,-,-,-,-,-,<a href= '/diesel-spray-combustion/sandia-cv/combustion-vessel-geometry/' target='_blank'>Vesssel Geometry</a>,-,-,-,-,-,-,-,-,-,-,-,-,-,-,-,-,-,-,-,-,-,-,-,-,-,-,-,-,-,-,-,-,-,25.2,1.442898524,-,-,-,-,0.404,23.09401077,-,-,-,-,-,-,-,-,-,-,-,-,-
727,15,1000,22.8,0.090ks-a,A210370,150,>4,G50A,363,Sandia,-,16-Apr-12,-,"<a href='/references/?table_filter=2019-00166' target='_blank'>Manin, 2014</a>",15,&plusmn;0.01,O2 = 15.00; N2 = 75.15; CO2 = 6.22; H2O = 3.62;,-,29.24,1001.333333,-,-,-,-,-,-,-,-,-,-,-,-,-,-,-,-,<a href= '/diesel-spray-combustion/sandia-cv/combustion-vessel-geometry/' target='_blank'>Vesssel Geometry</a>,-,-,-,-,-,-,-,-,-,-,-,-,-,-,-,-,-,-,-,-,-,-,-,-,-,-,-,-,-,-,-,-,-,16.4,1.6,-,-,-,-,0.247,0,-,-,-,-,-,-,-,-,-,-,-,-,-
728,15,1100,22.8,0.090ks-a,A210370,150,>4,G50A,363,Sandia,-,16-Apr-12,-,"<a href='/references/?table_filter=2019-00166' target='_blank'>Manin, 2014</a>",15,&plusmn;0.01,O2 = 15.00; N2 = 75.15; CO2 = 6.22; H2O = 3.62;,-,29.24,1105,-,-,-,-,-,-,-,-,-,-,-,-,-,-,-,-,<a href= '/diesel-spray-combustion/sandia-cv/combustion-vessel-geometry/' target='_blank'>Vesssel Geometry</a>,-,-,-,-,-,-,-,-,-,-,-,-,-,-,-,-,-,-,-,-,-,-,-,-,-,-,-,-,-,-,-,-,-,11.1,1.2,-,-,-,-,0.126,0,-,-,-,-,-,-,-,-,-,-,-,-,-
729,15,1200,22.8,0.090ks-a,A210370,150,>4,G50A,363,Sandia,-,16-Apr-12,-,"<a href='/references/?table_filter=2019-00166' target='_blank'>Manin, 2014</a>",15,&plusmn;0.01,O2 = 15.00; N2 = 75.15; CO2 = 6.22; H2O = 3.62;,-,29.24,1205.333333,-,-,-,-,-,-,-,-,-,-,-,-,-,-,-,-,<a href= '/diesel-spray-combustion/sandia-cv/combustion-vessel-geometry/' target='_blank'>Vesssel Geometry</a>,-,-,-,-,-,-,-,-,-,-,-,-,-,-,-,-,-,-,-,-,-,-,-,-,-,-,-,-,-,-,-,-,-,7.5,1.515228817,-,-,-,-,0.099,21.21320344,-,-,-,-,-,-,-,-,-,-,-,-,-
730,15,750,22.8,0.090ks-a,A210370,150,>4,MD,363,Sandia,-,16-Apr-12,-,"<a href='/references/?table_filter=2019-00166' target='_blank'>Manin, 2014</a>",15,&plusmn;0.01,O2 = 15.00; N2 = 75.15; CO2 = 6.22; H2O = 3.62;,-,29.24,750,-,-,-,-,-,-,-,-,-,-,-,-,-,-,-,-,<a href= '/diesel-spray-combustion/sandia-cv/combustion-vessel-geometry/' target='_blank'>Vesssel Geometry</a>,-,-,-,-,-,-,-,-,-,-,-,-,-,-,-,-,-,-,-,-,-,-,-,-,-,-,-,-,-,-,-,-,-,-,-,-,-,-,-,-,-,-,-,-,-,-,-,-,-,-,-,-,-,-
731,15,800,22.8,0.090ks-a,A210370,150,>4,MD,363,Sandia,-,16-Apr-12,-,"<a href='/references/?table_filter=2019-00166' target='_blank'>Manin, 2014</a>",15,&plusmn;0.01,O2 = 15.00; N2 = 75.15; CO2 = 6.22; H2O = 3.62;,-,29.24,803,-,-,-,-,-,-,-,-,-,-,-,-,-,-,-,-,<a href= '/diesel-spray-combustion/sandia-cv/combustion-vessel-geometry/' target='_blank'>Vesssel Geometry</a>,-,-,-,-,-,-,-,-,-,-,-,-,-,-,-,-,-,-,-,-,-,-,-,-,-,-,-,-,-,-,-,-,-,54.4,1.453844224,-,-,-,-,1.882,50.33222957,-,-,-,-,-,-,-,-,-,-,-,-,-
732,15,850,22.8,0.090ks-a,A210370,150,>4,MD,363,Sandia,-,16-Apr-12,-,"<a href='/references/?table_filter=2019-00166' target='_blank'>Manin, 2014</a>",15,&plusmn;0.01,O2 = 15.00; N2 = 75.15; CO2 = 6.22; H2O = 3.62;,-,29.24,853,-,-,-,-,-,-,-,-,-,-,-,-,-,-,-,-,<a href= '/diesel-spray-combustion/sandia-cv/combustion-vessel-geometry/' target='_blank'>Vesssel Geometry</a>,-,-,-,-,-,-,-,-,-,-,-,-,-,-,-,-,-,-,-,-,-,-,-,-,-,-,-,-,-,-,-,-,-,35.5,3.011695771,-,-,-,-,0.849,72.11102551,-,-,-,-,-,-,-,-,-,-,-,-,-
733,15,900,22.8,0.090ks-a,A210370,150,>4,MD,363,Sandia,-,16-Apr-12,-,"<a href='/references/?table_filter=2019-00166' target='_blank'>Manin, 2014</a>",15,&plusmn;0.01,O2 = 15.00; N2 = 75.15; CO2 = 6.22; H2O = 3.62;,-,29.24,897,-,-,-,-,-,-,-,-,-,-,-,-,-,-,-,-,<a href= '/diesel-spray-combustion/sandia-cv/combustion-vessel-geometry/' target='_blank'>Vesssel Geometry</a>,-, ,-,-,-,-,-,-,-,-,-,-,-,-,-,-,-,-,-,-,-,-,-,-,-,-,-,-,-,-,-,-,-,28.53,1.809131603,-,-,-,-,0.638,40.41451884,-,-,-,-,-,-,-,-,-,-,-,-,-
734,15,1000,22.8,0.090ks-a,A210370,150,>4,MD,363,Sandia,-,16-Apr-12,-,"<a href='/references/?table_filter=2019-00166' target='_blank'>Manin, 2014</a>",15,&plusmn;0.01,O2 = 15.00; N2 = 75.15; CO2 = 6.22; H2O = 3.62;,-,29.24,1002,-,-,-,-,-,-,-,-,-,-,-,-,-,-,-,-,<a href= '/diesel-spray-combustion/sandia-cv/combustion-vessel-geometry/' target='_blank'>Vesssel Geometry</a>,-,-,-,-,-,-,-,-,-,-,-,-,-,-,-,-,-,-,-,-,-,-,-,-,-,-,-,-,-,-,-,-,-,18.3,1.713325934,-,-,-,-,0.371,34.64101615,-,-,-,-,-,-,-,-,-,-,-,-,-
735,15,1100,22.8,0.090ks-a,A210370,150,>4,MD,363,Sandia,-,16-Apr-12,-,"<a href='/references/?table_filter=2019-00166' target='_blank'>Manin, 2014</a>",15,&plusmn;0.01,O2 = 15.00; N2 = 75.15; CO2 = 6.22; H2O = 3.62;,-,29.24,1101,-,-,-,-,-,-,-,-,-,-,-,-,-,-,-,-,<a href= '/diesel-spray-combustion/sandia-cv/combustion-vessel-geometry/' target='_blank'>Vesssel Geometry</a>,-,-,-,-,-,-,-,-,-,-,-,-,-,-,-,-,-,-,-,-,-,-,-,-,-,-,-,-,-,-,-,-,-,13.08,0.945411066,-,-,-,-,0.238,17.32050808,-,-,-,-,-,-,-,-,-,-,-,-,-
736,15,1200,22.8,0.090ks-a,A210370,150,>4,MD,363,Sandia,-,16-Apr-12,-,"<a href='/references/?table_filter=2019-00166' target='_blank'>Manin, 2014</a>",15,&plusmn;0.01,O2 = 15.00; N2 = 75.15; CO2 = 6.22; H2O = 3.62;,-,29.24,1197,-,-,-,-,-,-,-,-,-,-,-,-,-,-,-,-,<a href= '/diesel-spray-combustion/sandia-cv/combustion-vessel-geometry/' target='_blank'>Vesssel Geometry</a>,-,-,-,-,-,-,-,-,-,-,-,-,-,-,-,-,-,-,-,-,-,-,-,-,-,-,-,-,-,-,-,-,-,9.46,1.141791096,-,-,-,-,0.157,18.92969449,-,-,-,-,-,-,-,-,-,-,-,-,-
737,0,900,22.8,0.090ks-a,A210370,150,>4,SME,363,Sandia,-,30-Aug-12,<a href='/cvdata/assets/datafiles/readme/bkldnVBD-readme.txt' target='_blank'>Readme</a>,"<a href='/references/?table_filter=2019-00167' target='_blank'>Nerva, 2012</a>",0,-,O2 = 0; N2 = 89.71; CO2 = 6.52; H2O = 3.77,-,-,-,-,-,-,-,-,-,-,-,-,6,-,-,-,-,-,-,-,-,-,-,-,-,-,-,-,-,-,-,-,7.5,-,-,22.7,-,-,-,-,-,-,-,-,-,-,-,-,-,-,-,-,-,-,-,-,-,-,-,-,-,-,-,<a href='/cvdata/assets/datafiles/pen/bkldVBD-pen.txt' target='_blank'>PenvsT</a>,-,-,-,-,-,-,-,-,-,-
738,15,900,22.8,0.090ks-a,A210370,150,>4,SME,363,Sandia,-,30-Aug-12,<a href='/cvdata/assets/datafiles/readme/jkldn-readme.txt' target='_blank'>Readme</a>,"<a href='/references/?table_filter=2019-00167' target='_blank'>Nerva, 2012</a>",15,-,O2 = 15; N2 = 75.15; CO2 = 6.23; H2O = 3.62,-,-,-,-,-,-,-,-,-,-,-,-,6,-,-,-,-,-,-,-,-,-,-,-,-,-,-,-,-,-,-,-,7.5,-,-,22.7,-,-,-,-,-,-,-,-,-,-,-,-,-,-,21.2,-,-,26.1765,1.0351,-,-,-,-,0.709,0.0647,-,-,-,-,-,-,-,-,-,-,-,-,-
739,15,1000,22.8,0.090ks-a,A210370,150,>4,SME,363,Sandia,-,30-Aug-12,<a href='/cvdata/assets/datafiles/readme/jildn-readme.txt' target='_blank'>Readme</a>,"<a href='/references/?table_filter=2019-00167' target='_blank'>Nerva, 2012</a>",15,-,O2 = 15; N2 = 75.15; CO2 = 6.23; H2O = 3.62,-,-,-,-,-,-,-,-,-,-,-,-,6.7,-,-,-,-,-,-,-,-,-,-,-,-,-,-,-,-,-,-,-,7.5,-,-,22.7,-,-,-,-,-,-,-,-,-,-,-,-,-,-,16.6,-,-,17.2657,1.2454,-,-,-,-,0.3875,0.0442,-,-,-,-,-,-,-,-,-,-,-,-,-
740,0,900,22.8,0.200k0-a,C210037,150,>4,nC12,363,Sandia,ABKLDCLASRDE,1-May-15,<a href='/cvdata/assets/datafiles/readme/ABKLDCLASRDE.txt' target='_blank'>Readme</a>,"<a href='/pub-links/nm001/spraycd/' target='_blank'>Spray CD</a>, <a href='https://anl.app.box.com/v/XRaySpray/folder/78505578702' target='_blank'>Needle Movement Data</a>",0,-,O2 = 0; N2 = 89.71; CO2 = 6.52; H2O = 3.77;,-,28.68,903.18,5.74,1.7307,-,-,-,-,-,-,-,6.08,1.0159,1.15E-05,-,-,-,-,-,154.7,5,1.5,900,-,-,-,-,-,<a href='https://www.cmt.upv.es/#/ecn/download/nozzlecharac/ncSprayCDRateOfInj' target='_blank'>Rate of Injection</a>,-,-,>4,-,-,-,-,-,-,-,-,-,-,-,-,-,-,-,-,-,21.38; <a href='/cvdata/assets/datafiles/liq/BKLDC_avg_LiqPen.txt' target='_blank'>BKLDC_avg_LiqPen.txt</a>,0.29,0.087438,-,-,-,-,-,-,-,-,-,-,<a href='/cvdata/assets/datafiles/pen/BKLDC_avg_pen.txt' target='_blank'>BKLDC_avg_pen.txt</a>,-,-,-,-,-,-,-,-,<a href='/cvdata/assets/datafiles/pen/ABKLDCLASRDE006.avi' target='_blank'>Pen Movie</a>,-
741,0,900,22.8,0.186ks-a,D209134,150,>4,nC12,363,Sandia,ABKLDDLASRDE,1-May-15,<a href='/cvdata/assets/datafiles/readme/ABKLDDLASRDE.txt' target='_blank'>Readme</a>,"<a href='/pub-links/nm001/spraycd/' target='_blank'>Spray CD</a>, <a href='https://anl.app.box.com/v/XRaySpray/folder/78505578702' target='_blank'>Needle Movement Data</a>, <a href='/workshop/ECN4/Fredrik%20Westlye.pdf' target='_BLANK'>High temporal DBI standard</a>, <a href='/BibTeXReferences/downloadReference.php/?id=2019-00171' target='_BLANK'>Bibtex</a>",0,-,O2 = 0; N2 = 89.71; CO2 = 6.52; H2O = 3.77;,-,28.68,903.49,3.76,0.8626,-,-,-,-,-,-,-,6.01,1.0157,4.75E-05,-,-,-,-,-,154,3.9,0.9,900,-,-,-,-,-,<a href='https://www.cmt.upv.es/#/ecn/download/nozzlecharac/ncSprayCDRateOfInj' target='_blank'>Rate of Injection</a>,-,-,>4,-,-,-,-,-,-,-,-,-,-,-,-,-,-,-,-,-,<a href='/cvdata/assets/datafiles/liq/BKLDD_avg_LiqPen.txt' target='_blank'>BKLDD_avg_LiqPen.txt</a>,-,-,-,-,-,-,-,-,-,-,-,-,<a href='/cvdata/assets/datafiles/pen/BKLDD_avg_pen.txt' target='_blank'>BKLDD_avg_pen.txt</a>,-,-,-,-,-,-,-,-,<a href='/cvdata/assets/datafiles/pen/ABKLDDLASRDE014.avi' target='_blank'>Pen Movie</a>,-
742,15,1200,22.8,0.200k0-a,C210037,150,>4,nC12,363,Sandia,AJELDCLASREK,1-Nov-16,<a href='/cvdata/assets/datafiles/readme/AJELDCLASREK.txt' target='_blank'>Readme</a>,"<a href='/pub-links/nm001/spraycd/' target='_blank'>Spray CD</a>, <a href='https://anl.app.box.com/v/XRaySpray/folder/78505578702' target='_blank'>Needle Movement Data</a>",15,-,O2 = 15; N2 = 75.15; CO2 = 6.22; H2O = 3.62;,-,29.24,1205.27,1.4,0.98995,-,-,-,-,-,-,-,7.9,1.0174,8.49E-06,-,-,-,-,-,150.1,0.2,0.2,1200,-,-,-,-,-,<a href='https://www.cmt.upv.es/#/ecn/download/nozzlecharac/ncSprayCDRateOfInj' target='_blank'>Rate of Injection</a>,-,-,>4,-,-,-,-,-,-,-,-,-,-,-,-,-,-,-,-,-,11.97; <a href='/cvdata/assets/datafiles/liq/AJELDC_avg_LiqPen.txt' target='_blank'>AJELDC_avg_LiqPen.txt</a>,0.25,0.17678,9.997,0.052,0.03677,0.2021,0.0004,0.00028284,0.1889,0.0201,0.014213,<a href='/cvdata/assets/datafiles/press/AJELDCmeanPress.txt' target='_blank'>PvsT</a>,-,-,-,-,-,-,-,-,<a href='/cvdata/assets/datafiles/soot/AJELDCLASREK_soot.txt' target='_blank'>Soot Mass</a>; <a href='/cvdata/assets/datafiles/soot/AJELDCLASREK.tif' target='_blank'>Quasi-Steady KL</a>; <a href='/cvdata/assets/datafiles/soot/AJELDCLASREK_x.txt' target='_blank'>x-data</a>; <a href='/cvdata/assets/datafiles/soot/AJELDCLASREK_r.txt' target='_blank'>r-data</a>; max KL: 2.6976,<a href='/cvdata/assets/datafiles/oh/ajeldclasrek002.avi' target='_blank'>OH Movie</a>; <a href='/cvdata/assets/datafiles/soot/ajeldclasrek002.avi' target='_blank'>Soot Movie</a>,-
743,15,1200,22.8,0.186ks-a,D209134,150,>4,nC12,363,Sandia,AJELDDLASREK,1-Nov-16,<a href='/cvdata/assets/datafiles/readme/AJELDDLASREK.txt' target='_blank'>Readme</a>,"<a href='/pub-links/nm001/spraycd/' target='_blank'>Spray CD</a>, <a href='https://anl.app.box.com/v/XRaySpray/folder/78505578702' target='_blank'>Needle Movement Data</a>",15,-,O2 = 15; N2 = 75.15; CO2 = 6.22; H2O = 3.62;,-,29.24,1203.57,1.68,0.84,-,-,-,-,-,-,-,7.9,1.0174,8.50E-06,-,-,-,-,-,150.6,0.2,0.1,1200,-,-,-,-,-,<a href='https://www.cmt.upv.es/#/ecn/download/nozzlecharac/ncSprayCDRateOfInj' target='_blank'>Rate of Injection</a>,-,-,>4,-,-,-,-,-,-,-,-,-,-,-,-,-,-,-,-,-,14.47; <a href='/cvdata/assets/datafiles/liq/AJELDD_avg_LiqPen.txt' target='_blank'>AJELDD_avg_LiqPen.txt</a>,0.15,0.075,-,-,-,0.1716,0.0128,0.0064,-,-,-,<a href='/cvdata/assets/datafiles/press/AJELDDmeanPress.txt' target='_blank'>PvsT</a>,-,-,-,-,-,-,-,-,<a href='/cvdata/assets/datafiles/soot/AJELDDLASREK_soot.txt' target='_blank'>Soot Mass</a>; <a href='/cvdata/assets/datafiles/soot/AJELDDLASREK.tif' target='_blank'>Quasi-Steady KL</a>; <a href='/cvdata/assets/datafiles/soot/AJELDDLASREK_x.txt' target='_blank'>x-data</a>; <a href='/cvdata/assets/datafiles/soot/AJELDDLASREK_r.txt' target='_blank'>r-data</a>; max KL: 2.5203,<a href='/cvdata/assets/datafiles/oh/ajelddlasrek004.avi' target='_blank'>OH Movie</a>; <a href='/cvdata/assets/datafiles/soot/ajelddlasrek003.avi' target='_blank'>Soot Movie</a>,-
744,15,1100,22.8,0.200k0-a,C210037,150,>4,nC12,363,Sandia,AJGLDCLASREK,1-Nov-16,<a href='/cvdata/assets/datafiles/readme/AJGLDCLASREK.txt' target='_blank'>Readme</a>,"<a href='/pub-links/nm001/spraycd/' target='_blank'>Spray CD</a>, <a href='https://anl.app.box.com/v/XRaySpray/folder/78505578702' target='_blank'>Needle Movement Data</a>",15,-,O2 = 15; N2 = 75.15; CO2 = 6.22; H2O = 3.62;,-,29.24,1104.31,1.29,0.57691,-,-,-,-,-,-,-,7.23,1.0168,1.16E-05,-,-,-,-,-,150.4,0.4,0.2,1100,-,-,-,-,-,<a href='https://www.cmt.upv.es/#/ecn/download/nozzlecharac/ncSprayCDRateOfInj' target='_blank'>Rate of Injection</a>,-,-,>4,-,-,-,-,-,-,-,-,-,-,-,-,-,-,-,-,-,13.18; <a href='/cvdata/assets/datafiles/liq/AJGLDC_avg_LiqPen.txt' target='_blank'>AJGLDC_avg_LiqPen.txt</a>,0.19,0.084971,12.378,0.433,0.19364,0.234,0.0081,0.0036224,0.2455,0.0082,0.0036672,<a href='/cvdata/assets/datafiles/press/AJGLDCmeanPress.txt' target='_blank'>PvsT</a>,-,-,-,-,-,-,-,-,<a href='/cvdata/assets/datafiles/soot/AJGLDCLASREK_soot.txt' target='_blank'>Soot Mass</a>; <a href='/cvdata/assets/datafiles/soot/AJGLDCLASREK.tif' target='_blank'>Quasi-Steady KL</a>; <a href='/cvdata/assets/datafiles/soot/AJGLDCLASREK_x.txt' target='_blank'>x-data</a>; <a href='/cvdata/assets/datafiles/soot/AJGLDCLASREK_r.txt' target='_blank'>r-data</a>; max KL: 2.6275,<a href='/cvdata/assets/datafiles/oh/ajgldclasrek003.avi' target='_blank'>OH Movie</a>; <a href='/cvdata/assets/datafiles/soot/ajgldclasrek003.avi' target='_blank'>Soot Movie</a>,-
745,15,1100,22.8,0.186ks-a,D209134,150,>4,nC12,363,Sandia,AJGLDDLASREK,1-Nov-16,<a href='/cvdata/assets/datafiles/readme/AJGLDDLASREK.txt' target='_blank'>Readme</a>,"<a href='/pub-links/nm001/spraycd/' target='_blank'>Spray CD</a>, <a href='https://anl.app.box.com/v/XRaySpray/folder/78505578702' target='_blank'>Needle Movement Data</a>",15,-,O2 = 15; N2 = 75.15; CO2 = 6.22; H2O = 3.62;,-,29.24,1105.27,3.63,2.0958,-,-,-,-,-,-,-,7.24,1.0168,1.10E-05,-,-,-,-,-,150.5,0.2,0.1,1100,-,-,-,-,-,<a href='https://www.cmt.upv.es/#/ecn/download/nozzlecharac/ncSprayCDRateOfInj' target='_blank'>Rate of Injection</a>,-,-,>4,-,-,-,-,-,-,-,-,-,-,-,-,-,-,-,-,-,15.87; <a href='/cvdata/assets/datafiles/liq/AJGLDD_avg_LiqPen.txt' target='_blank'>AJGLDD_avg_LiqPen.txt</a>,0.17,0.085,14.216,0.998,0.499,0.2128,0.0074,0.0042724,0.2292,0.014,0.007,<a href='/cvdata/assets/datafiles/press/AJGLDDmeanPress.txt' target='_blank'>PvsT</a>,-,-,-,-,-,-,-,-,<a href='/cvdata/assets/datafiles/soot/AJGLDDLASREK_soot.txt' target='_blank'>Soot Mass</a>; <a href='/cvdata/assets/datafiles/soot/AJGLDDLASREK.tif' target='_blank'>Quasi-Steady KL</a>; <a href='/cvdata/assets/datafiles/soot/AJGLDDLASREK_x.txt' target='_blank'>x-data</a>; <a href='/cvdata/assets/datafiles/soot/AJGLDDLASREK_r.txt' target='_blank'>r-data</a>; max KL: 2.3098,<a href='/cvdata/assets/datafiles/oh/ajglddlasrek003.avi' target='_blank'>OH Movie</a>; <a href='/cvdata/assets/datafiles/soot/ajglddlasrek003.avi' target='_blank'>Soot Movie</a>,-
746,15,1000,22.8,0.200k0-a,C210037,150,>4,nC12,363,Sandia,AJILDCLASREK,1-Nov-16,<a href='/cvdata/assets/datafiles/readme/AJILDCLASREK.txt' target='_blank'>Readme</a>,"<a href='/pub-links/nm001/spraycd/' target='_blank'>Spray CD</a>, <a href='https://anl.app.box.com/v/XRaySpray/folder/78505578702' target='_blank'>Needle Movement Data</a>",15,-,O2 = 15; N2 = 75.15; CO2 = 6.22; H2O = 3.62;,-,29.24,1005.94,5.94,2.6564,-,-,-,-,-,-,-,6.57,1.0161,1.61E-05,-,-,-,-,-,150.2,0.5,0.2,1000,-,-,-,-,-,<a href='https://www.cmt.upv.es/#/ecn/download/nozzlecharac/ncSprayCDRateOfInj' target='_blank'>Rate of Injection</a>,-,-,>4,-,-,-,-,-,-,-,-,-,-,-,-,-,-,-,-,-,14.69; <a href='/cvdata/assets/datafiles/liq/AJILDC_avg_LiqPen.txt' target='_blank'>AJILDC_avg_LiqPen.txt</a>,0.21,0.093915,15.58,0.342,0.15295,0.2977,0.0199,0.0088996,0.3121,0.0197,0.0088101,<a href='/cvdata/assets/datafiles/press/AJILDCmeanPress.txt' target='_blank'>PvsT</a>,-,-,-,-,-,-,-,-,<a href='/cvdata/assets/datafiles/soot/AJILDCLASREK_soot.txt' target='_blank'>Soot Mass</a>; <a href='/cvdata/assets/datafiles/soot/AJILDCLASREK.tif' target='_blank'>Quasi-Steady KL</a>; <a href='/cvdata/assets/datafiles/soot/AJILDCLASREK_x.txt' target='_blank'>x-data</a>; <a href='/cvdata/assets/datafiles/soot/AJILDCLASREK_r.txt' target='_blank'>r-data</a>; max KL: 2.2816,<a href='/cvdata/assets/datafiles/oh/ajildclasrek003.avi' target='_blank'>OH Movie</a>; <a href='/cvdata/assets/datafiles/soot/ajildclasrek003.avi' target='_blank'>Soot Movie</a>,-
747,15,1000,22.8,0.186ks-a,D209134,150,>4,nC12,363,Sandia,AJILDDLASREK,1-Nov-16,<a href='/cvdata/assets/datafiles/readme/AJILDDLASREK.txt' target='_blank'>Readme</a>,"<a href='/pub-links/nm001/spraycd/' target='_blank'>Spray CD</a>, <a href='https://anl.app.box.com/v/XRaySpray/folder/78505578702' target='_blank'>Needle Movement Data</a>",15,-,O2 = 15; N2 = 75.15; CO2 = 6.22; H2O = 3.62;,-,29.24,1002.05,6.3,3.15,-,-,-,-,-,-,-,6.56,1.0161,2.30E-05,-,-,-,-,-,151.1,1.1,0.5,1000,-,-,-,-,-,<a href='https://www.cmt.upv.es/#/ecn/download/nozzlecharac/ncSprayCDRateOfInj' target='_blank'>Rate of Injection</a>,-,-,>4,-,-,-,-,-,-,-,-,-,-,-,-,-,-,-,-,-,17.99; <a href='/cvdata/assets/datafiles/liq/AJILDD_avg_LiqPen.txt' target='_blank'>AJILDD_avg_LiqPen.txt</a>,0.47,0.235,18.706,0.999,0.4995,0.3047,0.0278,0.0139,0.3171,0.011,0.0055,<a href='/cvdata/assets/datafiles/press/AJILDDmeanPress.txt' target='_blank'>PvsT</a>,-,-,-,-,-,-,-,-,<a href='/cvdata/assets/datafiles/soot/AJILDDLASREK_soot.txt' target='_blank'>Soot Mass</a>; <a href='/cvdata/assets/datafiles/soot/AJILDDLASREK.tif' target='_blank'>Quasi-Steady KL</a>; <a href='/cvdata/assets/datafiles/soot/AJILDDLASREK_x.txt' target='_blank'>x-data</a>; <a href='/cvdata/assets/datafiles/soot/AJILDDLASREK_r.txt' target='_blank'>r-data</a>; max KL: 1.7953,<a href='/cvdata/assets/datafiles/oh/ajilddlasrek003.avi' target='_blank'>OH Movie</a>; <a href='/cvdata/assets/datafiles/soot/ajilddlasrek003.avi' target='_blank'>Soot Movie</a>,-
748,15,950,22.8,0.200k0-a,C210037,150,>4,nC12,363,Sandia,AJJLDCLASREK,1-Nov-16,<a href='/cvdata/assets/datafiles/readme/AJJLDCLASREK.txt' target='_blank'>Readme</a>,"<a href='/pub-links/nm001/spraycd/' target='_blank'>Spray CD</a>, <a href='https://anl.app.box.com/v/XRaySpray/folder/78505578702' target='_blank'>Needle Movement Data</a>",15,-,O2 = 15; N2 = 75.15; CO2 = 6.22; H2O = 3.62;,-,29.24,951.41,6.06,3.03,-,-,-,-,-,-,-,6.19,1.0156,2.55E-05,-,-,-,-,-,151,1.6,0.8,950,-,-,-,-,-,<a href='https://www.cmt.upv.es/#/ecn/download/nozzlecharac/ncSprayCDRateOfInj' target='_blank'>Rate of Injection</a>,-,-,>4,-,-,-,-,-,-,-,-,-,-,-,-,-,-,-,-,-,16.34; <a href='/cvdata/assets/datafiles/liq/AJJLDC_avg_LiqPen.txt' target='_blank'>AJJLDC_avg_LiqPen.txt</a>,0.41,0.23671,18.568,0.974,0.56234,0.3997,0.0231,0.01155,0.3938,0.0251,0.014491,<a href='/cvdata/assets/datafiles/press/AJJLDCmeanPress.txt' target='_blank'>PvsT</a>,-,-,-,-,-,-,-,-,<a href='/cvdata/assets/datafiles/soot/AJJLDCLASREK_soot.txt' target='_blank'>Soot Mass</a>; <a href='/cvdata/assets/datafiles/soot/AJJLDCLASREK.tif' target='_blank'>Quasi-Steady KL</a>; <a href='/cvdata/assets/datafiles/soot/AJJLDCLASREK_x.txt' target='_blank'>x-data</a>; <a href='/cvdata/assets/datafiles/soot/AJJLDCLASREK_r.txt' target='_blank'>r-data</a>; max KL: 1.4795,<a href='/cvdata/assets/datafiles/oh/ajjldclasrek002.avi' target='_blank'>OH Movie</a>; <a href='/cvdata/assets/datafiles/soot/ajjldclasrek002.avi' target='_blank'>Soot Movie</a>,-
749,15,950,22.8,0.186ks-a,D209134,150,>4,nC12,363,Sandia,AJJLDDLASREK,1-Nov-16,<a href='/cvdata/assets/datafiles/readme/AJJLDDLASREK.txt' target='_blank'>Readme</a>,"<a href='/pub-links/nm001/spraycd/' target='_blank'>Spray CD</a>, <a href='https://anl.app.box.com/v/XRaySpray/folder/78505578702' target='_blank'>Needle Movement Data</a>",15,-,O2 = 15; N2 = 75.15; CO2 = 6.22; H2O = 3.62;,-,29.24,951.82,1.13,0.565,-,-,-,-,-,-,-,6.22,1.0157,7.50E-06,-,-,-,-,-,150.5,0.1,0.1,950,-,-,-,-,-,<a href='https://www.cmt.upv.es/#/ecn/download/nozzlecharac/ncSprayCDRateOfInj' target='_blank'>Rate of Injection</a>,-,-,>4,-,-,-,-,-,-,-,-,-,-,-,-,-,-,-,-,-,19.69; <a href='/cvdata/assets/datafiles/liq/AJJLDD_avg_LiqPen.txt' target='_blank'>AJJLDD_avg_LiqPen.txt</a>,0.29,0.145,22.265,0.354,0.177,0.4117,0.0311,0.01555,0.4168,0.0337,0.01685,<a href='/cvdata/assets/datafiles/press/AJJLDDmeanPress.txt' target='_blank'>PvsT</a>,-,-,-,-,-,-,-,-,<a href='/cvdata/assets/datafiles/soot/AJJLDDLASREK_soot.txt' target='_blank'>Soot Mass</a>; <a href='/cvdata/assets/datafiles/soot/AJJLDDLASREK.tif' target='_blank'>Quasi-Steady KL</a>; <a href='/cvdata/assets/datafiles/soot/AJJLDDLASREK_x.txt' target='_blank'>x-data</a>; <a href='/cvdata/assets/datafiles/soot/AJJLDDLASREK_r.txt' target='_blank'>r-data</a>; max KL: 1.1452,<a href='/cvdata/assets/datafiles/oh/ajjlddlasrek003.avi' target='_blank'>OH Movie</a>; <a href='/cvdata/assets/datafiles/soot/ajjlddlasrek003.avi' target='_blank'>Soot Movie</a>,-
750,15,900,22.8,0.200k0-a,C210037,150,>4,nC12,363,Sandia,AJKLDCLASREK,1-Nov-16,<a href='/cvdata/assets/datafiles/readme/AJKLDCLASREK.txt' target='_blank'>Readme</a>,"<a href='/pub-links/nm001/spraycd/' target='_blank'>Spray CD</a>, <a href='https://anl.app.box.com/v/XRaySpray/folder/78505578702' target='_blank'>Needle Movement Data</a>",15,-,O2 = 15; N2 = 75.15; CO2 = 6.22; H2O = 3.62;,-,29.24,901.01,7.37,1.8425,-,-,-,-,-,-,-,5.89,1.0152,1.55E-05,-,-,-,-,-,150.3,1.8,0.5,900,-,-,-,-,-,<a href='https://www.cmt.upv.es/#/ecn/download/nozzlecharac/ncSprayCDRateOfInj' target='_blank'>Rate of Injection</a>,-,-,>4,-,-,-,-,-,-,-,-,-,-,-,-,-,-,-,-,-,18.45; <a href='/cvdata/assets/datafiles/liq/AJKLDC_avg_LiqPen.txt' target='_blank'>AJKLDC_avg_LiqPen.txt</a>,0.37,0.12333,23.595,0.707,0.23567,0.5855,0.0422,0.01055,0.561,0.039,0.013,<a href='/cvdata/assets/datafiles/press/AJKLDCmeanPress.txt' target='_blank'>PvsT</a>,-,-,-,-,-,-,-,-,<a href='/cvdata/assets/datafiles/soot/AJKLDCLASREK_soot.txt' target='_blank'>Soot Mass</a>; <a href='/cvdata/assets/datafiles/soot/AJKLDCLASREK.tif' target='_blank'>Quasi-Steady KL</a>; <a href='/cvdata/assets/datafiles/soot/AJKLDCLASREK_x.txt' target='_blank'>x-data</a>; <a href='/cvdata/assets/datafiles/soot/AJKLDCLASREK_r.txt' target='_blank'>r-data</a>; max KL: 0.84474,<a href='/cvdata/assets/datafiles/oh/ajkldclasrek005.avi' target='_blank'>OH Movie</a>; <a href='/cvdata/assets/datafiles/soot/ajkldclasrek008.avi' target='_blank'>Soot Movie</a>,-
751,15,900,22.8,0.186ks-a,D209134,150,>4,nC12,363,Sandia,AJKLDDLASREK,1-Nov-16,<a href='/cvdata/assets/datafiles/readme/AJKLDDLASREK.txt' target='_blank'>Readme</a>,"<a href='/pub-links/nm001/spraycd/' target='_blank'>Spray CD</a>, <a href='https://anl.app.box.com/v/XRaySpray/folder/78505578702' target='_blank'>Needle Movement Data</a>",15,-,O2 = 15; N2 = 75.15; CO2 = 6.22; H2O = 3.62;,-,29.24,897.58,4.35,1.1232,-,-,-,-,-,-,-,5.87,1.0152,1.01E-05,-,-,-,-,-,150.6,0.3,0.1,900,-,-,-,-,-,<a href='https://www.cmt.upv.es/#/ecn/download/nozzlecharac/ncSprayCDRateOfInj' target='_blank'>Rate of Injection</a>,-,-,>4,-,-,-,-,-,-,-,-,-,-,-,-,-,-,-,-,-,21.83; <a href='/cvdata/assets/datafiles/liq/AJKLDD_avg_LiqPen.txt' target='_blank'>AJKLDD_avg_LiqPen.txt</a>,0.64,0.16525,25.987,0.973,0.25123,0.5891,0.0386,0.0099665,0.563,0.0552,0.014253,<a href='/cvdata/assets/datafiles/press/AJKLDDmeanPress.txt' target='_blank'>PvsT</a>,-,-,-,-,-,-,-,-,<a href='/cvdata/assets/datafiles/soot/AJKLDDLASREK_soot.txt' target='_blank'>Soot Mass</a>; <a href='/cvdata/assets/datafiles/soot/AJKLDDLASREK.tif' target='_blank'>Quasi-Steady KL</a>; <a href='/cvdata/assets/datafiles/soot/AJKLDDLASREK_x.txt' target='_blank'>x-data</a>; <a href='/cvdata/assets/datafiles/soot/AJKLDDLASREK_r.txt' target='_blank'>r-data</a>; max KL: 0.6067,<a href='/cvdata/assets/datafiles/oh/ajklddlasrek008.avi' target='_blank'>OH Movie</a>; <a href='/cvdata/assets/datafiles/soot/ajklddlasrek008.avi' target='_blank'>Soot Movie</a>,-
752,15,900,22.8,0.186ks-a,D209134,40,>4,nC12,363,Sandia,AJKLKDLASREK,1-Nov-16,<a href='/cvdata/assets/datafiles/readme/AJKLKDLASREK.txt' target='_blank'>Readme</a>,"<a href='/pub-links/nm001/spraycd/' target='_blank'>Spray CD</a>, <a href='https://anl.app.box.com/v/XRaySpray/folder/78505578702' target='_blank'>Needle Movement Data</a>",15,-,O2 = 15; N2 = 75.15; CO2 = 6.22; H2O = 3.62;,-,29.24,898.94,1.27,0.635,-,-,-,-,-,-,-,5.88,1.0152,1.25E-05,-,-,-,-,-,39.3,0.6,0.3,900,-,-,-,-,-,<a href='https://www.cmt.upv.es/#/ecn/download/nozzlecharac/ncSprayCDRateOfInj' target='_blank'>Rate of Injection</a>,-,-,>4,-,-,-,-,-,-,-,-,-,-,-,-,-,-,-,-,-,22.29; <a href='/cvdata/assets/datafiles/liq/AJKLKD_avg_LiqPen.txt' target='_blank'>AJKLKD_avg_LiqPen.txt</a>,0.32,0.16,20.643,0.882,0.441,0.7236,0.0621,0.03105,0.693,0.0515,0.02575,<a href='/cvdata/assets/datafiles/press/AJKLKDmeanPress.txt' target='_blank'>PvsT</a>,-,-,-,-,-,-,-,-,<a href='/cvdata/assets/datafiles/soot/AJKLKDLASREK_soot.txt' target='_blank'>Soot Mass</a>; <a href='/cvdata/assets/datafiles/soot/AJKLKDLASREK.tif' target='_blank'>Quasi-Steady KL</a>; <a href='/cvdata/assets/datafiles/soot/AJKLKDLASREK_x.txt' target='_blank'>x-data</a>; <a href='/cvdata/assets/datafiles/soot/AJKLKDLASREK_r.txt' target='_blank'>r-data</a>; max KL: 1.0673,<a href='/cvdata/assets/datafiles/oh/ajklkdlasrek003.avi' target='_blank'>OH Movie</a>; <a href='/cvdata/assets/datafiles/soot/ajklkdlasrek003.avi' target='_blank'>Soot Movie</a>,-
753,15,900,35,0.200k0-a,C210037,150,>4,nC12,363,Sandia,AJKMDCLASREK,1-Nov-16,<a href='/cvdata/assets/datafiles/readme/AJKMDCLASREK.txt' target='_blank'>Readme</a>,"<a href='/pub-links/nm001/spraycd/' target='_blank'>Spray CD</a>, <a href='https://anl.app.box.com/v/XRaySpray/folder/78505578702' target='_blank'>Needle Movement Data</a>",15,-,O2 = 15; N2 = 75.15; CO2 = 6.22; H2O = 3.62;,-,29.24,898.04,3.86,1.93,-,-,-,-,-,-,-,9.17,1.0246,2.95E-05,-,-,-,-,-,150.4,0.3,0.1,900,-,-,-,-,-,<a href='https://www.cmt.upv.es/#/ecn/download/nozzlecharac/ncSprayCDRateOfInj' target='_blank'>Rate of Injection</a>,-,-,>4,-,-,-,-,-,-,-,-,-,-,-,-,-,-,-,-,-,14.37; <a href='/cvdata/assets/datafiles/liq/AJKMDC_avg_LiqPen.txt' target='_blank'>AJKMDC_avg_LiqPen.txt</a>,0.23,0.115,39.004,5.638,2.819,0.357,0.047,0.0235,0.3892,0.0513,0.02565,<a href='/cvdata/assets/datafiles/press/AJKMDCmeanPress.txt' target='_blank'>PvsT</a>,-,-,-,-,-,-,-,-,<a href='/cvdata/assets/datafiles/soot/AJKMDCLASREK_soot.txt' target='_blank'>Soot Mass</a>; <a href='/cvdata/assets/datafiles/soot/AJKMDCLASREK.tif' target='_blank'>Quasi-Steady KL</a>; <a href='/cvdata/assets/datafiles/soot/AJKMDCLASREK_x.txt' target='_blank'>x-data</a>; <a href='/cvdata/assets/datafiles/soot/AJKMDCLASREK_r.txt' target='_blank'>r-data</a>; max KL: 2.5014,<a href='/cvdata/assets/datafiles/oh/ajkmdclasrek003.avi' target='_blank'>OH Movie</a>; <a href='/cvdata/assets/datafiles/soot/ajkmdclasrek003.avi' target='_blank'>Soot Movie</a>,-
754,15,900,35,0.186ks-a,D209134,150,>4,nC12,363,Sandia,AJKMDDLASREK,1-Nov-16,<a href='/cvdata/assets/datafiles/readme/AJKMDDLASREK.txt' target='_blank'>Readme</a>,"<a href='/pub-links/nm001/spraycd/' target='_blank'>Spray CD</a>, <a href='https://anl.app.box.com/v/XRaySpray/folder/78505578702' target='_blank'>Needle Movement Data</a>",15,-,O2 = 15; N2 = 75.15; CO2 = 6.22; H2O = 3.62;,-,29.24,898.24,2.04,0.91232,-,-,-,-,-,-,-,9.15,1.0246,4.83E-05,-,-,-,-,-,150.7,0.5,0.2,900,-,-,-,-,-,<a href='https://www.cmt.upv.es/#/ecn/download/nozzlecharac/ncSprayCDRateOfInj' target='_blank'>Rate of Injection</a>,-,-,>4,-,-,-,-,-,-,-,-,-,-,-,-,-,-,-,-,-,16.26; <a href='/cvdata/assets/datafiles/liq/AJKMDD_avg_LiqPen.txt' target='_blank'>AJKMDD_avg_LiqPen.txt</a>,0.4,0.17889,18.965,0.694,0.31037,0.3588,0.0477,0.021332,0.3556,0.0449,0.02008,<a href='/cvdata/assets/datafiles/press/AJKMDDmeanPress.txt' target='_blank'>PvsT</a>,-,-,-,-,-,-,-,-,<a href='/cvdata/assets/datafiles/soot/AJKMDDLASREK_soot.txt' target='_blank'>Soot Mass</a>; <a href='/cvdata/assets/datafiles/soot/AJKMDDLASREK.tif' target='_blank'>Quasi-Steady KL</a>; <a href='/cvdata/assets/datafiles/soot/AJKMDDLASREK_x.txt' target='_blank'>x-data</a>; <a href='/cvdata/assets/datafiles/soot/AJKMDDLASREK_r.txt' target='_blank'>r-data</a>; max KL: 1.7903,<a href='/cvdata/assets/datafiles/oh/ajkmddlasrek003.avi' target='_blank'>OH Movie</a>; <a href='/cvdata/assets/datafiles/soot/ajkmddlasrek003.avi' target='_blank'>Soot Movie</a>,-
755,15,850,22.8,0.200k0-a,C210037,150,>4,nC12,363,Sandia,AJLLDCLASREK,1-Nov-16,<a href='/cvdata/assets/datafiles/readme/AJLLDCLASREK.txt' target='_blank'>Readme</a>,"<a href='/pub-links/nm001/spraycd/' target='_blank'>Spray CD</a>, <a href='https://anl.app.box.com/v/XRaySpray/folder/78505578702' target='_blank'>Needle Movement Data</a>",15,-,O2 = 15; N2 = 75.15; CO2 = 6.22; H2O = 3.62;,-,29.24,851.58,3.15,1.575,-,-,-,-,-,-,-,5.56,1.0146,1.35E-05,-,-,-,-,-,150.2,0.3,0.2,850,-,-,-,-,-,<a href='https://www.cmt.upv.es/#/ecn/download/nozzlecharac/ncSprayCDRateOfInj' target='_blank'>Rate of Injection</a>,-,-,>4,-,-,-,-,-,-,-,-,-,-,-,-,-,-,-,-,-,20.31; <a href='/cvdata/assets/datafiles/liq/AJLLDC_avg_LiqPen.txt' target='_blank'>AJLLDC_avg_LiqPen.txt</a>,0.07,0.035,29.467,0.663,0.3315,0.889,0.0406,0.0203,0.861,0.05,0.025,<a href='/cvdata/assets/datafiles/press/AJLLDCmeanPress.txt' target='_blank'>PvsT</a>,-,-,-,-,-,-,-,-,<a href='/cvdata/assets/datafiles/soot/AJLLDCLASREK_soot.txt' target='_blank'>Soot Mass</a>; <a href='/cvdata/assets/datafiles/soot/AJLLDCLASREK.tif' target='_blank'>Quasi-Steady KL</a>; <a href='/cvdata/assets/datafiles/soot/AJLLDCLASREK_x.txt' target='_blank'>x-data</a>; <a href='/cvdata/assets/datafiles/soot/AJLLDCLASREK_r.txt' target='_blank'>r-data</a>; max KL: 0.35186,<a href='/cvdata/assets/datafiles/oh/ajlldclasrek003.avi' target='_blank'>OH Movie</a>; <a href='/cvdata/assets/datafiles/soot/ajlldclasrek003.avi' target='_blank'>Soot Movie</a>,-
756,15,850,22.8,0.186ks-a,D209134,150,>4,nC12,363,Sandia,AJLLDDLASREK,1-Nov-16,<a href='/cvdata/assets/datafiles/readme/AJLLDDLASREK.txt' target='_blank'>Readme</a>,"<a href='/pub-links/nm001/spraycd/' target='_blank'>Spray CD</a>, <a href='https://anl.app.box.com/v/XRaySpray/folder/78505578702' target='_blank'>Needle Movement Data</a>",15,-,O2 = 15; N2 = 75.15; CO2 = 6.22; H2O = 3.62;,-,29.24,853.8,2.03,1.015,-,-,-,-,-,-,-,5.58,1.0147,2.20E-05,-,-,-,-,-,150.6,0.3,0.2,850,-,-,-,-,-,<a href='https://www.cmt.upv.es/#/ecn/download/nozzlecharac/ncSprayCDRateOfInj' target='_blank'>Rate of Injection</a>,-,-,>4,-,-,-,-,-,-,-,-,-,-,-,-,-,-,-,-,-,23.06; <a href='/cvdata/assets/datafiles/liq/AJLLDD_avg_LiqPen.txt' target='_blank'>AJLLDD_avg_LiqPen.txt</a>,0.43,0.215,32.084,0.622,0.311,0.8628,0.1056,0.0528,0.8569,0.0947,0.04735,<a href='/cvdata/assets/datafiles/press/AJLLDDmeanPress.txt' target='_blank'>PvsT</a>,-,-,-,-,-,-,-,-,<a href='/cvdata/assets/datafiles/soot/AJLLDDLASREK_soot.txt' target='_blank'>Soot Mass</a>; <a href='/cvdata/assets/datafiles/soot/AJLLDDLASREK.tif' target='_blank'>Quasi-Steady KL</a>; <a href='/cvdata/assets/datafiles/soot/AJLLDDLASREK_x.txt' target='_blank'>x-data</a>; <a href='/cvdata/assets/datafiles/soot/AJLLDDLASREK_r.txt' target='_blank'>r-data</a>; max KL: 0.22771,<a href='/cvdata/assets/datafiles/oh/ajllddlasrek003.avi' target='_blank'>OH Movie</a>; <a href='/cvdata/assets/datafiles/soot/ajllddlasrek003.avi' target='_blank'>Soot Movie</a>,-
757,21,1200,22.8,0.090ks-a,N60304,150,>4,CFA,363,Sandia CV,DAELDFLASRFA,1-Jan-17,<a href='/cvdata/assets/datafiles/readme/AAELDFLASRFA.txt' target='_blank'>Readme</a>,-,21,-,O2 = 21; N2 = 69.33; CO2 = 6.11; H2O = 3.56;,-,29.47,1197.29,0,-,-,-,-,-,-,-,-,7.79,1.017,-,-,-,-,-,-,151,0,-,1200,-,-,-,-,-,-,-,-,>4,-,-,-,-,-,-,-,-,-,-,-,-,-,-,-,-,-,7.48; <a href='/cvdata/assets/datafiles/liq/DAELDF_avg_LiqPen.txt' target='_blank'>DAELDF_avg_LiqPen.txt</a>,0,-,8.542,0,-,0.1943,0,-,0.1578,0,-,<a href='/cvdata/assets/datafiles/press/DAELDFmeanPress.txt' target='_blank'>PvsT</a>,-,-,-,-,-,-,-,-,<a href='/cvdata/assets/datafiles/soot/DAELDFLASRFA_soot.txt' target='_blank'>Soot Mass</a>; <a href='/cvdata/assets/datafiles/soot/DAELDFLASRFA.tif' target='_blank'>Quasi-Steady KL</a>; <a href='/cvdata/assets/datafiles/soot/DAELDFLASRFA_x.txt' target='_blank'>x-data</a>; <a href='/cvdata/assets/datafiles/soot/DAELDFLASRFA_r.txt' target='_blank'>r-data</a>; max KL: 2.9219,-,-
758,21,1100,22.8,0.090ks-a,N60304,150,>4,CFA,363,Sandia CV,DAGLDFLASRFA,1-Jan-17,<a href='/cvdata/assets/datafiles/readme/AAGLDFLASRFA.txt' target='_blank'>Readme</a>,-,21,-,O2 = 21; N2 = 69.33; CO2 = 6.11; H2O = 3.56;,-,29.47,1099.27,7.22,5.1053,-,-,-,-,-,-,-,7.16,1.0165,2.40E-05,-,-,-,-,-,151.3,0.2,0.1,1100,-,-,-,-,-,-,-,-,>4,-,-,-,-,-,-,-,-,-,-,-,-,-,-,-,-,-,8.64; <a href='/cvdata/assets/datafiles/liq/DAGLDF_avg_LiqPen.txt' target='_blank'>DAGLDF_avg_LiqPen.txt</a>,0.27,0.19092,10.573,0.413,0.29204,0.2195,0.0163,0.011526,0.2122,0.007,0.0049497,<a href='/cvdata/assets/datafiles/press/DAGLDFmeanPress.txt' target='_blank'>PvsT</a>,-,-,-,-,-,-,-,-,<a href='/cvdata/assets/datafiles/soot/DAGLDFLASRFA_soot.txt' target='_blank'>Soot Mass</a>; <a href='/cvdata/assets/datafiles/soot/DAGLDFLASRFA.tif' target='_blank'>Quasi-Steady KL</a>; <a href='/cvdata/assets/datafiles/soot/DAGLDFLASRFA_x.txt' target='_blank'>x-data</a>; <a href='/cvdata/assets/datafiles/soot/DAGLDFLASRFA_r.txt' target='_blank'>r-data</a>; max KL: 2.496,-,-
759,21,1050,22.8,0.090ks-a,N60304,150,>4,CFA,363,Sandia CV,DAHLDFLASRFA,1-Jan-17,<a href='/cvdata/assets/datafiles/readme/AAHLDFLASRFA.txt' target='_blank'>Readme</a>,-,21,-,O2 = 21; N2 = 69.33; CO2 = 6.11; H2O = 3.56;,-,29.47,1051.39,4.27,2.135,-,-,-,-,-,-,-,6.84,1.0162,1.20E-05,-,-,-,-,-,151.4,0.3,0.2,1050,-,-,-,-,-,-,-,-,>4,-,-,-,-,-,-,-,-,-,-,-,-,-,-,-,-,-,9.22; <a href='/cvdata/assets/datafiles/liq/DAHLDF_avg_LiqPen.txt' target='_blank'>DAHLDF_avg_LiqPen.txt</a>,0.12,0.06,11.844,0.495,0.2475,0.2516,0.0108,0.0054,0.2479,0.0137,0.00685,<a href='/cvdata/assets/datafiles/press/DAHLDFmeanPress.txt' target='_blank'>PvsT</a>,-,-,-,-,-,-,-,-,<a href='/cvdata/assets/datafiles/soot/DAHLDFLASRFA_soot.txt' target='_blank'>Soot Mass</a>; <a href='/cvdata/assets/datafiles/soot/DAHLDFLASRFA.tif' target='_blank'>Quasi-Steady KL</a>; <a href='/cvdata/assets/datafiles/soot/DAHLDFLASRFA_x.txt' target='_blank'>x-data</a>; <a href='/cvdata/assets/datafiles/soot/DAHLDFLASRFA_r.txt' target='_blank'>r-data</a>; max KL: 1.8933,-,-
760,21,1050,22.8,0.090ks-a,N60304,80,>4,CFA,363,Sandia CV,DAHLLFLASRFA,1-Jan-17,<a href='/cvdata/assets/datafiles/readme/AAHLLFLASRFA.txt' target='_blank'>Readme</a>,-,21,-,O2 = 21; N2 = 69.33; CO2 = 6.11; H2O = 3.56;,-,29.47,1052.01,2.32,1.6405,-,-,-,-,-,-,-,6.85,1.0162,5.66E-06,-,-,-,-,-,81.2,0,0,1050,-,-,-,-,-,-,-,-,>4,-,-,-,-,-,-,-,-,-,-,-,-,-,-,-,-,-,9.33; <a href='/cvdata/assets/datafiles/liq/DAHLLF_avg_LiqPen.txt' target='_blank'>DAHLLF_avg_LiqPen.txt</a>,0.1,0.070711,9.809,0.384,0.27153,0.2678,0.0002,0.00014142,0.2619,0.0071,0.0050205,<a href='/cvdata/assets/datafiles/press/DAHLLFmeanPress.txt' target='_blank'>PvsT</a>,-,-,-,-,-,-,-,-,<a href='/cvdata/assets/datafiles/soot/DAHLLFLASRFA_soot.txt' target='_blank'>Soot Mass</a>; <a href='/cvdata/assets/datafiles/soot/DAHLLFLASRFA.tif' target='_blank'>Quasi-Steady KL</a>; <a href='/cvdata/assets/datafiles/soot/DAHLLFLASRFA_x.txt' target='_blank'>x-data</a>; <a href='/cvdata/assets/datafiles/soot/DAHLLFLASRFA_r.txt' target='_blank'>r-data</a>; max KL: 2.5967,-,-
761,21,1000,22.8,0.090ks-a,N60304,150,>4,CFA,363,Sandia CV,DAILDFLASRFA,1-Jan-17,<a href='/cvdata/assets/datafiles/readme/AAILDFLASRFA.txt' target='_blank'>Readme</a>,-,21,-,O2 = 21; N2 = 69.33; CO2 = 6.11; H2O = 3.56;,-,29.47,1001.48,5.48,2.74,-,-,-,-,-,-,-,6.51,1.0158,2.00E-05,-,-,-,-,-,151.2,0.2,0.1,1000,-,-,-,-,-,-,-,-,>4,-,-,-,-,-,-,-,-,-,-,-,-,-,-,-,-,-,9.74; <a href='/cvdata/assets/datafiles/liq/DAILDF_avg_LiqPen.txt' target='_blank'>DAILDF_avg_LiqPen.txt</a>,0.21,0.105,13.51,0.472,0.236,0.308,0.0155,0.00775,0.2998,0.0195,0.00975,<a href='/cvdata/assets/datafiles/press/DAILDFmeanPress.txt' target='_blank'>PvsT</a>,-,-,-,-,-,-,-,-,<a href='/cvdata/assets/datafiles/soot/DAILDFLASRFA_soot.txt' target='_blank'>Soot Mass</a>; <a href='/cvdata/assets/datafiles/soot/DAILDFLASRFA.tif' target='_blank'>Quasi-Steady KL</a>; <a href='/cvdata/assets/datafiles/soot/DAILDFLASRFA_x.txt' target='_blank'>x-data</a>; <a href='/cvdata/assets/datafiles/soot/DAILDFLASRFA_r.txt' target='_blank'>r-data</a>; max KL: 1.4825,-,-
762,21,1000,22.8,0.090ks-a,N60304,80,>4,CFA,363,Sandia CV,DAILLFLASRFA,1-Jan-17,<a href='/cvdata/assets/datafiles/readme/AAILLFLASRFA.txt' target='_blank'>Readme</a>,-,21,-,O2 = 21; N2 = 69.33; CO2 = 6.11; H2O = 3.56;,-,29.47,1003.03,1.59,1.1243,-,-,-,-,-,-,-,6.52,1.0158,8.49E-06,-,-,-,-,-,81.2,0.1,0.1,1000,-,-,-,-,-,-,-,-,>4,-,-,-,-,-,-,-,-,-,-,-,-,-,-,-,-,-,10.09; <a href='/cvdata/assets/datafiles/liq/DAILLF_avg_LiqPen.txt' target='_blank'>DAILLF_avg_LiqPen.txt</a>,0,0,12.101,0.262,0.18526,0.3429,0.0193,0.013647,0.3291,0.0126,0.0089095,<a href='/cvdata/assets/datafiles/press/DAILLFmeanPress.txt' target='_blank'>PvsT</a>,-,-,-,-,-,-,-,-,<a href='/cvdata/assets/datafiles/soot/DAILLFLASRFA_soot.txt' target='_blank'>Soot Mass</a>; <a href='/cvdata/assets/datafiles/soot/DAILLFLASRFA.tif' target='_blank'>Quasi-Steady KL</a>; <a href='/cvdata/assets/datafiles/soot/DAILLFLASRFA_x.txt' target='_blank'>x-data</a>; <a href='/cvdata/assets/datafiles/soot/DAILLFLASRFA_r.txt' target='_blank'>r-data</a>; max KL: 2.2238,-,-
763,21,950,22.8,0.090ks-a,N60304,150,>4,CFA,363,Sandia CV,DAJLDFLASRFA,1-Jan-17,<a href='/cvdata/assets/datafiles/readme/AAJLDFLASRFA.txt' target='_blank'>Readme</a>,-,21,-,O2 = 21; N2 = 69.33; CO2 = 6.11; H2O = 3.56;,-,29.47,951.77,4.79,1.9555,-,-,-,-,-,-,-,6.18,1.0153,1.43E-05,-,-,-,-,-,151.2,0.2,0.1,950,-,-,-,-,-,-,-,-,>4,-,-,-,-,-,-,-,-,-,-,-,-,-,-,-,-,-,10.78; <a href='/cvdata/assets/datafiles/liq/DAJLDF_avg_LiqPen.txt' target='_blank'>DAJLDF_avg_LiqPen.txt</a>,0.27,0.11023,17.649,1.227,0.50092,0.4112,0.0351,0.01433,0.3971,0.0369,0.015064,<a href='/cvdata/assets/datafiles/press/DAJLDFmeanPress.txt' target='_blank'>PvsT</a>,-,-,-,-,-,-,-,-,<a href='/cvdata/assets/datafiles/soot/DAJLDFLASRFA_soot.txt' target='_blank'>Soot Mass</a>; <a href='/cvdata/assets/datafiles/soot/DAJLDFLASRFA.tif' target='_blank'>Quasi-Steady KL</a>; <a href='/cvdata/assets/datafiles/soot/DAJLDFLASRFA_x.txt' target='_blank'>x-data</a>; <a href='/cvdata/assets/datafiles/soot/DAJLDFLASRFA_r.txt' target='_blank'>r-data</a>; max KL: 0.4899,-,-
764,21,950,22.8,0.090ks-a,N60304,80,>4,CFA,363,Sandia CV,DAJLLFLASRFA,1-Jan-17,<a href='/cvdata/assets/datafiles/readme/AAJLLFLASRFA.txt' target='_blank'>Readme</a>,-,21,-,O2 = 21; N2 = 69.33; CO2 = 6.11; H2O = 3.56;,-,29.47,948.72,3.22,2.2769,-,-,-,-,-,-,-,6.17,1.0154,1.48E-05,-,-,-,-,-,81.1,0,0,950,-,-,-,-,-,-,-,-,>4,-,-,-,-,-,-,-,-,-,-,-,-,-,-,-,-,-,11.07; <a href='/cvdata/assets/datafiles/liq/DAJLLF_avg_LiqPen.txt' target='_blank'>DAJLLF_avg_LiqPen.txt</a>,0.1,0.070711,14.184,0.542,0.38325,0.4551,0.0383,0.027082,0.4412,0.0373,0.026375,<a href='/cvdata/assets/datafiles/press/DAJLLFmeanPress.txt' target='_blank'>PvsT</a>,-,-,-,-,-,-,-,-,<a href='/cvdata/assets/datafiles/soot/DAJLLFLASRFA_soot.txt' target='_blank'>Soot Mass</a>; <a href='/cvdata/assets/datafiles/soot/DAJLLFLASRFA.tif' target='_blank'>Quasi-Steady KL</a>; <a href='/cvdata/assets/datafiles/soot/DAJLLFLASRFA_x.txt' target='_blank'>x-data</a>; <a href='/cvdata/assets/datafiles/soot/DAJLLFLASRFA_r.txt' target='_blank'>r-data</a>; max KL: 1.5566,-,-
765,21,900,22.8,0.090ks-a,N60304,150,>4,CFA,363,Sandia CV,DAKLDFLASRFA,1-Jan-17,<a href='/cvdata/assets/datafiles/readme/AAKLDFLASRFA.txt' target='_blank'>Readme</a>,-,21,-,O2 = 21; N2 = 69.33; CO2 = 6.11; H2O = 3.56;,-,29.47,918.7,32.23,16.115,-,-,-,-,-,-,-,5.95,1.015,0.0001055,-,-,-,-,-,151.2,0.2,0.1,900,-,-,-,-,-,-,-,-,>4,-,-,-,-,-,-,-,-,-,-,-,-,-,-,-,-,-,11.69; <a href='/cvdata/assets/datafiles/liq/DAKLDF_avg_LiqPen.txt' target='_blank'>DAKLDF_avg_LiqPen.txt</a>,0.72,0.36,22.891,1.784,1.03,0.5375,0.1488,0.0744,0.5643,0.1226,0.070783,<a href='/cvdata/assets/datafiles/press/DAKLDFmeanPress.txt' target='_blank'>PvsT</a>,-,-,-,-,-,-,-,-,<a href='/cvdata/assets/datafiles/soot/DAKLDFLASRFA_soot.txt' target='_blank'>Soot Mass</a>; <a href='/cvdata/assets/datafiles/soot/DAKLDFLASRFA.tif' target='_blank'>Quasi-Steady KL</a>; <a href='/cvdata/assets/datafiles/soot/DAKLDFLASRFA_x.txt' target='_blank'>x-data</a>; <a href='/cvdata/assets/datafiles/soot/DAKLDFLASRFA_r.txt' target='_blank'>r-data</a>; max KL: 0.17105,-,-
766,21,900,22.8,0.090ks-a,N60304,80,>4,CFA,363,Sandia CV,DAKLLFLASRFA,1-Jan-17,<a href='/cvdata/assets/datafiles/readme/AAKLLFLASRFA.txt' target='_blank'>Readme</a>,-,21,-,O2 = 21; N2 = 69.33; CO2 = 6.11; H2O = 3.56;,-,29.47,903.42,4.11,2.3729,-,-,-,-,-,-,-,5.86,1.0149,1.56E-05,-,-,-,-,-,81.1,0.3,0.1,900,-,-,-,-,-,-,-,-,>4,-,-,-,-,-,-,-,-,-,-,-,-,-,-,-,-,-,12.57; <a href='/cvdata/assets/datafiles/liq/DAKLLF_avg_LiqPen.txt' target='_blank'>DAKLLF_avg_LiqPen.txt</a>,0.3,0.17321,18.893,2.191,1.265,0.6952,0.1185,0.068416,0.6757,0.1135,0.065529,<a href='/cvdata/assets/datafiles/press/DAKLLFmeanPress.txt' target='_blank'>PvsT</a>,-,-,-,-,-,-,-,-,<a href='/cvdata/assets/datafiles/soot/DAKLLFLASRFA_soot.txt' target='_blank'>Soot Mass</a>; <a href='/cvdata/assets/datafiles/soot/DAKLLFLASRFA.tif' target='_blank'>Quasi-Steady KL</a>; <a href='/cvdata/assets/datafiles/soot/DAKLLFLASRFA_x.txt' target='_blank'>x-data</a>; <a href='/cvdata/assets/datafiles/soot/DAKLLFLASRFA_r.txt' target='_blank'>r-data</a>; max KL: 0.49053,-,-
767,21,975,22.8,0.090ks-a,N60304,150,>4,CFA,363,Sandia CV,DAXLDFLASRFA,1-Jan-17,<a href='/cvdata/assets/datafiles/readme/AAXLDFLASRFA.txt' target='_blank'>Readme</a>,-,21,-,O2 = 21; N2 = 69.33; CO2 = 6.11; H2O = 3.56;,-,29.47,977.08,2.22,1.2817,-,-,-,-,-,-,-,6.35,1.0156,9.82E-06,-,-,-,-,-,151.3,0.1,0,1600; 440-460,-,-,-,-,-,-,-,-,>4,-,-,-,-,-,-,-,-,-,-,-,-,-,-,-,-,-,10.13; <a href='/cvdata/assets/datafiles/liq/DAXLDF_avg_LiqPen.txt' target='_blank'>DAXLDF_avg_LiqPen.txt</a>,0.17,0.09815,15.078,0.372,0.21477,0.3422,0.0146,0.0084293,0.3275,0.0113,0.0065241,<a href='/cvdata/assets/datafiles/press/DAXLDFmeanPress.txt' target='_blank'>PvsT</a>,-,-,-,-,-,-,-,-,<a href='/cvdata/assets/datafiles/soot/DAXLDFLASRFA_soot.txt' target='_blank'>Soot Mass</a>; <a href='/cvdata/assets/datafiles/soot/DAXLDFLASRFA.tif' target='_blank'>Quasi-Steady KL</a>; <a href='/cvdata/assets/datafiles/soot/DAXLDFLASRFA_x.txt' target='_blank'>x-data</a>; <a href='/cvdata/assets/datafiles/soot/DAXLDFLASRFA_r.txt' target='_blank'>r-data</a>; max KL: 1.1092,-,-
768,21,925,22.8,0.090ks-a,N60304,80,>4,CFA,363,Sandia CV,DAXLLFLASRFA,1-Jan-17,<a href='/cvdata/assets/datafiles/readme/AAXLLFLASRFA.txt' target='_blank'>Readme</a>,-,21,-,O2 = 21; N2 = 69.33; CO2 = 6.11; H2O = 3.56;,-,29.47,923.73,0.71,0.50205,-,-,-,-,-,-,-,6.01,1.0151,4.24E-06,-,-,-,-,-,81.2,0.1,0.1,1600; 440-460,-,-,-,-,-,-,-,-,>4,-,-,-,-,-,-,-,-,-,-,-,-,-,-,-,-,-,11.77; <a href='/cvdata/assets/datafiles/liq/DAXLLF_avg_LiqPen.txt' target='_blank'>DAXLLF_avg_LiqPen.txt</a>,0.2,0.14142,16.892,0.848,0.59963,0.537,0.0455,0.032173,0.5245,0.0383,0.027082,<a href='/cvdata/assets/datafiles/press/DAXLLFmeanPress.txt' target='_blank'>PvsT</a>,-,-,-,-,-,-,-,-,<a href='/cvdata/assets/datafiles/soot/DAXLLFLASRFA_soot.txt' target='_blank'>Soot Mass</a>; <a href='/cvdata/assets/datafiles/soot/DAXLLFLASRFA.tif' target='_blank'>Quasi-Steady KL</a>; <a href='/cvdata/assets/datafiles/soot/DAXLLFLASRFA_x.txt' target='_blank'>x-data</a>; <a href='/cvdata/assets/datafiles/soot/DAXLLFLASRFA_r.txt' target='_blank'>r-data</a>; max KL: 0.91281,-,-
769,15,1200,22.8,0.090ks-a,N60304,80,>4,CFA,363,Sandia CV,DJELDFLASRFA,1-Jan-17,<a href='/cvdata/assets/datafiles/readme/AJELLFLASRFA.txt' target='_blank'>Readme</a>,-,15,-,O2 = 15; N2 = 75.15; CO2 = 6.22; H2O = 3.62;,-,29.24,1202.08,2.82,1.994,-,-,-,-,-,-,-,7.89,1.0174,9.19E-06,-,-,-,-,-,81.1,0,0,1200,-,-,-,-,-,-,-,-,>4,-,-,-,-,-,-,-,-,-,-,-,-,-,-,-,-,-,7.29; <a href='/cvdata/assets/datafiles/liq/DJELLF_avg_LiqPen.txt' target='_blank'>DJELLF_avg_LiqPen.txt</a>,0.07,0.049497,10.799,1.052,0.74388,0.1683,0.015,0.010607,0.1662,0.0118,0.0083439,<a href='/cvdata/assets/datafiles/press/DJELLFmeanPress.txt' target='_blank'>PvsT</a>,-,-,-,-,-,-,-,-,<a href='/cvdata/assets/datafiles/soot/DJELLFLASRFA_soot.txt' target='_blank'>Soot Mass</a>; <a href='/cvdata/assets/datafiles/soot/DJELLFLASRFA.tif' target='_blank'>Quasi-Steady KL</a>; <a href='/cvdata/assets/datafiles/soot/DJELLFLASRFA_x.txt' target='_blank'>x-data</a>; <a href='/cvdata/assets/datafiles/soot/DJELLFLASRFA_r.txt' target='_blank'>r-data</a>; max KL: 3.5608,-,-
770,15,1100,22.8,0.090ks-a,N60304,150,>4,nC12,363,Sandia,AJGLDFLASRFA,1-Jan-17,<a href='/cvdata/assets/datafiles/readme/AJGLDFLASRFA.txt' target='_blank'>Readme</a>,-,15,-,O2 = 15; N2 = 75.15; CO2 = 6.22; H2O = 3.62;,-,29.24,1103.78,1.79,1.0335,-,-,-,-,-,-,-,7.22,1.0168,4.62E-06,-,-,-,-,-,150.9,0.2,0.1,1100,-,-,-,-,-,-,-,-,>4,-,-,-,-,-,-,-,-,-,-,-,-,-,-,-,-,-,8.28; <a href='/cvdata/assets/datafiles/liq/AJGLDF_avg_LiqPen.txt' target='_blank'>AJGLDF_avg_LiqPen.txt</a>,0.12,0.069282,12.865,0.373,0.21535,0.2795,0.0056,0.0032332,0.2592,0.0001,5.77E-05,<a href='/cvdata/assets/datafiles/press/AJGLDFmeanPress.txt' target='_blank'>PvsT</a>,-,-,-,-,-,-,-,-,<a href='/cvdata/assets/datafiles/soot/AJGLDFLASRFA_soot.txt' target='_blank'>Soot Mass</a>; <a href='/cvdata/assets/datafiles/soot/AJGLDFLASRFA.tif' target='_blank'>Quasi-Steady KL</a>; <a href='/cvdata/assets/datafiles/soot/AJGLDFLASRFA_x.txt' target='_blank'>x-data</a>; <a href='/cvdata/assets/datafiles/soot/AJGLDFLASRFA_r.txt' target='_blank'>r-data</a>; max KL: 2.9309,-,-
771,15,1100,22.8,0.090ks-a,N60304,80,>4,nC12,363,Sandia,AJGLLFLASRFA,1-Jan-17,<a href='/cvdata/assets/datafiles/readme/AJGLLFLASRFA.txt' target='_blank'>Readme</a>,-,15,-,O2 = 15; N2 = 75.15; CO2 = 6.22; H2O = 3.62;,-,29.24,1104,0.85,0.49075,-,-,-,-,-,-,-,7.24,1.0168,5.77E-06,-,-,-,-,-,81.1,0.1,0.1,1100,-,-,-,-,-,-,-,-,>4,-,-,-,-,-,-,-,-,-,-,-,-,-,-,-,-,-,8.16; <a href='/cvdata/assets/datafiles/liq/AJGLLF_avg_LiqPen.txt' target='_blank'>AJGLLF_avg_LiqPen.txt</a>,0.12,0.069282,10.117,0.881,0.50865,0.252,0.0145,0.0083716,0.2347,0.0099,0.0057158,<a href='/cvdata/assets/datafiles/press/AJGLLFmeanPress.txt' target='_blank'>PvsT</a>,-,-,-,-,-,-,-,-,<a href='/cvdata/assets/datafiles/soot/AJGLLFLASRFA_soot.txt' target='_blank'>Soot Mass</a>; <a href='/cvdata/assets/datafiles/soot/AJGLLFLASRFA.tif' target='_blank'>Quasi-Steady KL</a>; <a href='/cvdata/assets/datafiles/soot/AJGLLFLASRFA_x.txt' target='_blank'>x-data</a>; <a href='/cvdata/assets/datafiles/soot/AJGLLFLASRFA_r.txt' target='_blank'>r-data</a>; max KL: 3.4899,-,-
772,15,1050,22.8,0.090ks-a,N60304,150,>4,nC12,363,Sandia,AJHLDFLASRFA,1-Jan-17,<a href='/cvdata/assets/datafiles/readme/AJHLDFLASRFA.txt' target='_blank'>Readme</a>,-,15,-,O2 = 15; N2 = 75.15; CO2 = 6.22; H2O = 3.62;,-,29.24,1051.53,1.04,0.73539,-,-,-,-,-,-,-,6.89,1.0165,1.48E-05,-,-,-,-,-,151.1,0.1,0.1,1050,-,-,-,-,-,-,-,-,>4,-,-,-,-,-,-,-,-,-,-,-,-,-,-,-,-,-,8.56; <a href='/cvdata/assets/datafiles/liq/AJHLDF_avg_LiqPen.txt' target='_blank'>AJHLDF_avg_LiqPen.txt</a>,0.12,0.084853,14.184,0.739,0.52255,0.3235,0.0147,0.010394,0.3131,0.0116,0.0082024,<a href='/cvdata/assets/datafiles/press/AJHLDFmeanPress.txt' target='_blank'>PvsT</a>,-,-,-,-,-,-,-,-,<a href='/cvdata/assets/datafiles/soot/AJHLDFLASRFA_soot.txt' target='_blank'>Soot Mass</a>; <a href='/cvdata/assets/datafiles/soot/AJHLDFLASRFA.tif' target='_blank'>Quasi-Steady KL</a>; <a href='/cvdata/assets/datafiles/soot/AJHLDFLASRFA_x.txt' target='_blank'>x-data</a>; <a href='/cvdata/assets/datafiles/soot/AJHLDFLASRFA_r.txt' target='_blank'>r-data</a>; max KL: 2.2931,-,-
773,15,1050,22.8,0.090ks-a,N60304,80,>4,nC12,363,Sandia,AJHLLFLASRFA,1-Jan-17,<a href='/cvdata/assets/datafiles/readme/AJHLLFLASRFA.txt' target='_blank'>Readme</a>,-,15,-,O2 = 15; N2 = 75.15; CO2 = 6.22; H2O = 3.62;,-,29.24,1054.63,2.42,1.7112,-,-,-,-,-,-,-,6.91,1.0165,9.90E-06,-,-,-,-,-,80.9,0.4,0.3,1050,-,-,-,-,-,-,-,-,>4,-,-,-,-,-,-,-,-,-,-,-,-,-,-,-,-,-,8.96; <a href='/cvdata/assets/datafiles/liq/AJHLLF_avg_LiqPen.txt' target='_blank'>AJHLLF_avg_LiqPen.txt</a>,0.28,0.19799,12.292,0.052,0.03677,0.3515,0.0245,0.017324,0.333,0.0117,0.0082731,<a href='/cvdata/assets/datafiles/press/AJHLLFmeanPress.txt' target='_blank'>PvsT</a>,-,-,-,-,-,-,-,-,<a href='/cvdata/assets/datafiles/soot/AJHLLFLASRFA_soot.txt' target='_blank'>Soot Mass</a>; <a href='/cvdata/assets/datafiles/soot/AJHLLFLASRFA.tif' target='_blank'>Quasi-Steady KL</a>; <a href='/cvdata/assets/datafiles/soot/AJHLLFLASRFA_x.txt' target='_blank'>x-data</a>; <a href='/cvdata/assets/datafiles/soot/AJHLLFLASRFA_r.txt' target='_blank'>r-data</a>; max KL: 3.2484,-,-
774,15,1000,22.8,0.090ks-a,N60304,150,>4,nC12,363,Sandia,AJILDFLASRFA,1-Jan-17,<a href='/cvdata/assets/datafiles/readme/AJILDFLASRFA.txt' target='_blank'>Readme</a>,-,15,-,O2 = 15; N2 = 75.15; CO2 = 6.22; H2O = 3.62;,-,29.24,1002.17,6.81,4.8154,-,-,-,-,-,-,-,6.55,1.0161,2.55E-05,-,-,-,-,-,150.9,0.2,0.2,1000,-,-,-,-,-,-,-,-,>4,-,-,-,-,-,-,-,-,-,-,-,-,-,-,-,-,-,9.41; <a href='/cvdata/assets/datafiles/liq/AJILDF_avg_LiqPen.txt' target='_blank'>AJILDF_avg_LiqPen.txt</a>,0.32,0.22627,17.691,0.711,0.50275,0.4146,0.0415,0.029345,0.3929,0.0304,0.021496,<a href='/cvdata/assets/datafiles/press/AJILDFmeanPress.txt' target='_blank'>PvsT</a>,-,-,-,-,-,-,-,-,<a href='/cvdata/assets/datafiles/soot/AJILDFLASRFA_soot.txt' target='_blank'>Soot Mass</a>; <a href='/cvdata/assets/datafiles/soot/AJILDFLASRFA.tif' target='_blank'>Quasi-Steady KL</a>; <a href='/cvdata/assets/datafiles/soot/AJILDFLASRFA_x.txt' target='_blank'>x-data</a>; <a href='/cvdata/assets/datafiles/soot/AJILDFLASRFA_r.txt' target='_blank'>r-data</a>; max KL: 1.5381,-,-
775,15,1000,22.8,0.090ks-a,N60304,80,>4,nC12,363,Sandia,AJILLFLASRFA,1-Jan-17,<a href='/cvdata/assets/datafiles/readme/AJILLFLASRFA.txt' target='_blank'>Readme</a>,-,15,-,O2 = 15; N2 = 75.15; CO2 = 6.22; H2O = 3.62;,-,29.24,1005.49,4.14,2.9274,-,-,-,-,-,-,-,6.59,1.0162,1.63E-05,-,-,-,-,-,81,0,0,1000,-,-,-,-,-,-,-,-,>4,-,-,-,-,-,-,-,-,-,-,-,-,-,-,-,-,-,9.66; <a href='/cvdata/assets/datafiles/liq/AJILLF_avg_LiqPen.txt' target='_blank'>AJILLF_avg_LiqPen.txt</a>,0,0,14.983,0.235,0.16617,0.4198,0.0109,0.0077075,0.4064,0.0117,0.0082731,<a href='/cvdata/assets/datafiles/press/AJILLFmeanPress.txt' target='_blank'>PvsT</a>,-,-,-,-,-,-,-,-,<a href='/cvdata/assets/datafiles/soot/AJILLFLASRFA_soot.txt' target='_blank'>Soot Mass</a>; <a href='/cvdata/assets/datafiles/soot/AJILLFLASRFA.tif' target='_blank'>Quasi-Steady KL</a>; <a href='/cvdata/assets/datafiles/soot/AJILLFLASRFA_x.txt' target='_blank'>x-data</a>; <a href='/cvdata/assets/datafiles/soot/AJILLFLASRFA_r.txt' target='_blank'>r-data</a>; max KL: 2.8073,-,-
776,15,950,22.8,0.090ks-a,N60304,150,>4,nC12,363,Sandia,AJJLDFLASRFA,1-Jan-17,<a href='/cvdata/assets/datafiles/readme/AJJLDFLASRFA.txt' target='_blank'>Readme</a>,-,15,-,O2 = 15; N2 = 75.15; CO2 = 6.22; H2O = 3.62;,-,29.24,950.36,2.22,1.5698,-,-,-,-,-,-,-,6.22,1.0157,1.63E-05,-,-,-,-,-,151.6,0.4,0.3,950,-,-,-,-,-,-,-,-,>4,-,-,-,-,-,-,-,-,-,-,-,-,-,-,-,-,-,10.39; <a href='/cvdata/assets/datafiles/liq/AJJLDF_avg_LiqPen.txt' target='_blank'>AJJLDF_avg_LiqPen.txt</a>,0.24,0.16971,22.76,1.014,0.71701,0.5713,0.059,0.041719,0.5329,0.0505,0.035709,<a href='/cvdata/assets/datafiles/press/AJJLDFmeanPress.txt' target='_blank'>PvsT</a>,-,-,-,-,-,-,-,-,<a href='/cvdata/assets/datafiles/soot/AJJLDFLASRFA_soot.txt' target='_blank'>Soot Mass</a>; <a href='/cvdata/assets/datafiles/soot/AJJLDFLASRFA.tif' target='_blank'>Quasi-Steady KL</a>; <a href='/cvdata/assets/datafiles/soot/AJJLDFLASRFA_x.txt' target='_blank'>x-data</a>; <a href='/cvdata/assets/datafiles/soot/AJJLDFLASRFA_r.txt' target='_blank'>r-data</a>; max KL: 0.54118,-,-
777,15,950,22.8,0.090ks-a,N60304,80,>4,nC12,363,Sandia,AJJLLFLASRFA,1-Jan-17,<a href='/cvdata/assets/datafiles/readme/AJJLLFLASRFA.txt' target='_blank'>Readme</a>,-,15,-,O2 = 15; N2 = 75.15; CO2 = 6.22; H2O = 3.62;,-,29.24,953.39,0.26,0.18385,-,-,-,-,-,-,-,6.25,1.0157,1.41E-06,-,-,-,-,-,81.1,0,0,950,-,-,-,-,-,-,-,-,>4,-,-,-,-,-,-,-,-,-,-,-,-,-,-,-,-,-,10.72; <a href='/cvdata/assets/datafiles/liq/AJJLLF_avg_LiqPen.txt' target='_blank'>AJJLLF_avg_LiqPen.txt</a>,0.14,0.098995,18.16,0.581,0.41083,0.5673,0.0053,0.0037477,0.5327,0.0114,0.008061,<a href='/cvdata/assets/datafiles/press/AJJLLFmeanPress.txt' target='_blank'>PvsT</a>,-,-,-,-,-,-,-,-,<a href='/cvdata/assets/datafiles/soot/AJJLLFLASRFA_soot.txt' target='_blank'>Soot Mass</a>; <a href='/cvdata/assets/datafiles/soot/AJJLLFLASRFA.tif' target='_blank'>Quasi-Steady KL</a>; <a href='/cvdata/assets/datafiles/soot/AJJLLFLASRFA_x.txt' target='_blank'>x-data</a>; <a href='/cvdata/assets/datafiles/soot/AJJLLFLASRFA_r.txt' target='_blank'>r-data</a>; max KL: 1.648,-,-
778,15,900,22.8,0.090ks-a,N60304,150,>4,CFA,363,Sandia,AJKLDFLASRFA,1-Jan-17,<a href='/cvdata/assets/datafiles/readme/AJKLDFLASRFA.txt' target='_blank'>Readme</a>,-,15,-,O2 = 15; N2 = 75.15; CO2 = 6.22; H2O = 3.62;,-,29.24,900.97,6.22,2.3509,-,-,-,-,-,-,-,5.89,1.0152,1.78E-05,-,-,-,-,-,132.1,25.3,9.6,900,-,-,-,-,-,-,-,-,>4,-,-,-,-,-,-,-,-,-,-,-,-,-,-,-,-,-,11.05; <a href='/cvdata/assets/datafiles/liq/AJKLDF_avg_LiqPen.txt' target='_blank'>AJKLDF_avg_LiqPen.txt</a>,0.51,0.20821,28.171,2.354,0.88973,0.749,0.1004,0.037948,0.7145,0.1019,0.038515,<a href='/cvdata/assets/datafiles/press/AJKLDFmeanPress.txt' target='_blank'>PvsT</a>,-,-,-,-,-,-,-,-,<a href='/cvdata/assets/datafiles/soot/AJKLDFLASRFA_soot.txt' target='_blank'>Soot Mass</a>; <a href='/cvdata/assets/datafiles/soot/AJKLDFLASRFA.tif' target='_blank'>Quasi-Steady KL</a>; <a href='/cvdata/assets/datafiles/soot/AJKLDFLASRFA_x.txt' target='_blank'>x-data</a>; <a href='/cvdata/assets/datafiles/soot/AJKLDFLASRFA_r.txt' target='_blank'>r-data</a>; max KL: 0.077102,-,-
779,15,900,22.8,0.090ks-a,N60304,80,>4,nC12,363,Sandia,AJKLLFLASRFA,1-Jan-17,<a href='/cvdata/assets/datafiles/readme/AJKLLFLASRFA.txt' target='_blank'>Readme</a>,-,15,-,O2 = 15; N2 = 75.15; CO2 = 6.22; H2O = 3.62;,-,29.24,899.18,0.91,0.64347,-,-,-,-,-,-,-,5.88,1.0152,8.49E-06,-,-,-,-,-,80.7,0.5,0.4,900,-,-,-,-,-,-,-,-,>4,-,-,-,-,-,-,-,-,-,-,-,-,-,-,-,-,-,12.22; <a href='/cvdata/assets/datafiles/liq/AJKLLF_avg_LiqPen.txt' target='_blank'>AJKLLF_avg_LiqPen.txt</a>,0.21,0.14849,23.906,1.253,0.886,0.8497,0.0534,0.03776,0.7931,0.0502,0.035497,<a href='/cvdata/assets/datafiles/press/AJKLLFmeanPress.txt' target='_blank'>PvsT</a>,-,-,-,-,-,-,-,-,<a href='/cvdata/assets/datafiles/soot/AJKLLFLASRFA_soot.txt' target='_blank'>Soot Mass</a>; <a href='/cvdata/assets/datafiles/soot/AJKLLFLASRFA.tif' target='_blank'>Quasi-Steady KL</a>; <a href='/cvdata/assets/datafiles/soot/AJKLLFLASRFA_x.txt' target='_blank'>x-data</a>; <a href='/cvdata/assets/datafiles/soot/AJKLLFLASRFA_r.txt' target='_blank'>r-data</a>; max KL: 0.54487,-,-
780,15,925,22.8,0.090ks-a,N60304,150,>4,nC12,363,Sandia,AJXLDFLASRFA,1-Jan-17,<a href='/cvdata/assets/datafiles/readme/AJXLDFLASRFA.txt' target='_blank'>Readme</a>,-,15,-,O2 = 15; N2 = 75.15; CO2 = 6.22; H2O = 3.62;,-,29.24,927.4,0.56,0.39598,-,-,-,-,-,-,-,6.07,1.0155,1.27E-05,-,-,-,-,-,151.1,0.1,0.1,1600; 440-460,-,-,-,-,-,-,-,-,>4,-,-,-,-,-,-,-,-,-,-,-,-,-,-,-,-,-,10.96; <a href='/cvdata/assets/datafiles/liq/AJXLDF_avg_LiqPen.txt' target='_blank'>AJXLDF_avg_LiqPen.txt</a>,0.07,0.049497,24.965,1.482,1.0479,0.7207,0.0433,0.030618,0.6461,0.0462,0.032668,<a href='/cvdata/assets/datafiles/press/AJXLDFmeanPress.txt' target='_blank'>PvsT</a>,-,-,-,-,-,-,-,-,<a href='/cvdata/assets/datafiles/soot/AJXLDFLASRFA_soot.txt' target='_blank'>Soot Mass</a>; <a href='/cvdata/assets/datafiles/soot/AJXLDFLASRFA.tif' target='_blank'>Quasi-Steady KL</a>; <a href='/cvdata/assets/datafiles/soot/AJXLDFLASRFA_x.txt' target='_blank'>x-data</a>; <a href='/cvdata/assets/datafiles/soot/AJXLDFLASRFA_r.txt' target='_blank'>r-data</a>; max KL: 0.2368,-,-
781,15,925,22.8,0.090ks-a,N60304,80,>4,nC12,363,Sandia,AJXLLFLASRFA,1-Jan-17,<a href='/cvdata/assets/datafiles/readme/AJXLLFLASRFA.txt' target='_blank'>Readme</a>,-,15,-,O2 = 15; N2 = 75.15; CO2 = 6.22; H2O = 3.62;,-,29.24,925.67,1.3,0.91924,-,-,-,-,-,-,-,6.06,1.0155,7.07E-06,-,-,-,-,-,80.9,0.4,0.3,1600; 440-460,-,-,-,-,-,-,-,-,>4,-,-,-,-,-,-,-,-,-,-,-,-,-,-,-,-,-,11.65; <a href='/cvdata/assets/datafiles/liq/AJXLLF_avg_LiqPen.txt' target='_blank'>AJXLLF_avg_LiqPen.txt</a>,0.14,0.098995,21.267,1.255,0.88742,0.7325,0.0526,0.037194,0.6995,0.0526,0.037194,<a href='/cvdata/assets/datafiles/press/AJXLLFmeanPress.txt' target='_blank'>PvsT</a>,-,-,-,-,-,-,-,-,<a href='/cvdata/assets/datafiles/soot/AJXLLFLASRFA_soot.txt' target='_blank'>Soot Mass</a>; <a href='/cvdata/assets/datafiles/soot/AJXLLFLASRFA.tif' target='_blank'>Quasi-Steady KL</a>; <a href='/cvdata/assets/datafiles/soot/AJXLLFLASRFA_x.txt' target='_blank'>x-data</a>; <a href='/cvdata/assets/datafiles/soot/AJXLLFLASRFA_r.txt' target='_blank'>r-data</a>; max KL: 0.94911,-,-
782,21,900,22.8,0.090ks-a,N60304,150,>4,CFA,363,Sandia,DAKLDFLASRGH,1-Aug-18,<a href='/cvdata/assets/datafiles/readme/DAKLDFLASRGH.txt' target='_blank'>Readme</a>,-,21,-,O2 = 21; N2 = 69.33; CO2 = 6.11; H2O = 3.56;,-,29.47,895.99,17.29,17.29,-,-,-,-,-,-,-,5.64,1.0144,0.000188,-,-,-,-,-,146.2,0,0,900,-,-,-,-,-,-,-,-,>4,-,-,-,-,-,-,-,-,-,-,-,-,-,-,-,-,-,14.32; <a href='/cvdata/assets/datafiles/liq/DAKLDF_avg_LiqPen.txt' target='_blank'>DAKLDF_avg_LiqPen.txt</a>,0.66,0.66,27.094,5.313,5.313,0.8302,0.3754,0.3754,0.7877,0.3762,0.3762,<a href='/cvdata/assets/datafiles/press/DAKLDFmeanPress.txt' target='_blank'>PvsT</a>,-,-,-,-,-,-,-,-,-,-,-
783,15,1050,22.8,0.090ks-a,N60304,150,>4,CFA,363,Sandia,DJHLDFLASRGH,1-Aug-18,<a href='/cvdata/assets/datafiles/readme/DJHLDFLASRGH.txt' target='_blank'>Readme</a>,-,15,-,O2 = 15; N2 = 75.15; CO2 = 6.22; H2O = 3.62;,-,29.24,1047.97,8.72,4.36,-,-,-,-,-,-,-,6.87,1.0165,2.45E-05,-,-,-,-,-,146.2,0,0,1050,-,-,-,-,-,-,-,-,>4,-,-,-,-,-,-,-,-,-,-,-,-,-,-,-,-,-,10.07; <a href='/cvdata/assets/datafiles/liq/DJHLDF_avg_LiqPen.txt' target='_blank'>DJHLDF_avg_LiqPen.txt</a>,0.08,0.04,14.654,0.389,0.1945,0.3301,0.0161,0.00805,0.3151,0.017,0.0085,<a href='/cvdata/assets/datafiles/press/DJHLDFmeanPress.txt' target='_blank'>PvsT</a>,-,-,-,-,-,-,-,-,-,-,-
784,15,1050,22.8,0.090ks-a,N60304,80,>4,CFA,363,Sandia,DJHLLFLASRGH,1-Aug-18,<a href='/cvdata/assets/datafiles/readme/DJHLLFLASRGH.txt' target='_blank'>Readme</a>,-,15,-,O2 = 15; N2 = 75.15; CO2 = 6.22; H2O = 3.62;,-,29.24,1052.01,3.3,1.65,-,-,-,-,-,-,-,6.87,1.0164,4.45E-05,-,-,-,-,-,79.9,0.1,0.1,1050,-,-,-,-,-,-,-,-,>4,-,-,-,-,-,-,-,-,-,-,-,-,-,-,-,-,-,10.11; <a href='/cvdata/assets/datafiles/liq/DJHLLF_avg_LiqPen.txt' target='_blank'>DJHLLF_avg_LiqPen.txt</a>,0.19,0.095,12.327,0.18,0.09,0.3347,0.0279,0.01395,0.322,0.0271,0.01355,<a href='/cvdata/assets/datafiles/press/DJHLLFmeanPress.txt' target='_blank'>PvsT</a>,-,-,-,-,-,-,-,-,-,-,-
785,15,1000,22.8,0.090ks-a,N60304,150,>4,CFA,363,Sandia,DJILDFLASRGH,1-Aug-18,<a href='/cvdata/assets/datafiles/readme/DJILDFLASRGH.txt' target='_blank'>Readme</a>,-,15,-,O2 = 15; N2 = 75.15; CO2 = 6.22; H2O = 3.62;,-,29.24,998.2,2.84,1.42,-,-,-,-,-,-,-,6.52,1.016,4.80E-05,-,-,-,-,-,146.1,0.1,0.1,1000,-,-,-,-,-,-,-,-,>4,-,-,-,-,-,-,-,-,-,-,-,-,-,-,-,-,-,10.93; <a href='/cvdata/assets/datafiles/liq/DJILDF_avg_LiqPen.txt' target='_blank'>DJILDF_avg_LiqPen.txt</a>,0.17,0.085,17.66,0.076,0.038,0.4532,0.0257,0.01285,0.4406,0.0208,0.0104,<a href='/cvdata/assets/datafiles/press/DJILDFmeanPress.txt' target='_blank'>PvsT</a>,-,-,-,-,-,-,-,-,-,-,-
786,15,1000,22.8,0.090ks-a,N60304,80,>4,CFA,363,Sandia,DJILLFLASRGH,1-Aug-18,<a href='/cvdata/assets/datafiles/readme/DJILLFLASRGH.txt' target='_blank'>Readme</a>,-,15,-,O2 = 15; N2 = 75.15; CO2 = 6.22; H2O = 3.62;,-,29.24,1001.13,3.07,1.535,-,-,-,-,-,-,-,6.56,1.0161,1.20E-05,-,-,-,-,-,79.9,0,0,1000,-,-,-,-,-,-,-,-,>4,-,-,-,-,-,-,-,-,-,-,-,-,-,-,-,-,-,10.93; <a href='/cvdata/assets/datafiles/liq/DJILLF_avg_LiqPen.txt' target='_blank'>DJILLF_avg_LiqPen.txt</a>,0.25,0.125,14.375,0.259,0.1295,0.4193,0.0224,0.0112,0.4012,0.0218,0.0109,<a href='/cvdata/assets/datafiles/press/DJILLFmeanPress.txt' target='_blank'>PvsT</a>,-,-,-,-,-,-,-,-,-,-,-
787,15,950,22.8,0.090ks-a,N60304,150,>4,CFA,363,Sandia,DJJLDFLASRGH,1-Aug-18,<a href='/cvdata/assets/datafiles/readme/DJJLDFLASRGH.txt' target='_blank'>Readme</a>,-,15,-,O2 = 15; N2 = 75.15; CO2 = 6.22; H2O = 3.62;,-,29.24,949.71,10.13,5.065,-,-,-,-,-,-,-,6.19,1.0156,6.20E-05,-,-,-,-,-,146.1,0,0,950,-,-,-,-,-,-,-,-,>4,-,-,-,-,-,-,-,-,-,-,-,-,-,-,-,-,-,11.91; <a href='/cvdata/assets/datafiles/liq/DJJLDF_avg_LiqPen.txt' target='_blank'>DJJLDF_avg_LiqPen.txt</a>,0.21,0.105,22.766,0.895,0.4475,0.6139,0.0686,0.0343,0.5933,0.0696,0.0348,<a href='/cvdata/assets/datafiles/press/DJJLDFmeanPress.txt' target='_blank'>PvsT</a>,-,-,-,-,-,-,-,-,-,-,-
788,15,950,22.8,0.090ks-a,N60304,80,>4,CFA,363,Sandia,DJJLLFLASRGH,1-Aug-18,<a href='/cvdata/assets/datafiles/readme/DJJLLFLASRGH.txt' target='_blank'>Readme</a>,-,15,-,O2 = 15; N2 = 75.15; CO2 = 6.22; H2O = 3.62;,-,29.24,951.43,4.06,2.03,-,-,-,-,-,-,-,6.21,1.0156,4.65E-05,-,-,-,-,-,79.9,0.1,0.1,950,-,-,-,-,-,-,-,-,>4,-,-,-,-,-,-,-,-,-,-,-,-,-,-,-,-,-,11.87; <a href='/cvdata/assets/datafiles/liq/DJJLLF_avg_LiqPen.txt' target='_blank'>DJJLLF_avg_LiqPen.txt</a>,0.31,0.155,17.686,0.678,0.339,0.5708,0.0368,0.0184,0.533,0.0339,0.01695,<a href='/cvdata/assets/datafiles/press/DJJLLFmeanPress.txt' target='_blank'>PvsT</a>,-,-,-,-,-,-,-,-,-,-,-
789,15,900,22.8,0.090ks-a,N60304,150,>4,CFA,363,Sandia,DJKLDFLASRGH,1-Aug-18,<a href='/cvdata/assets/datafiles/readme/DJKLDFLASRGH.txt' target='_blank'>Readme</a>,-,15,-,O2 = 15; N2 = 75.15; CO2 = 6.22; H2O = 3.62;,-,29.24,897.02,6.79,2.2633,-,-,-,-,-,-,-,5.77,1.0149,0.00025833,-,-,-,-,-,146.1,0.1,0,900,-,-,-,-,-,-,-,-,>4,-,-,-,-,-,-,-,-,-,-,-,-,-,-,-,-,-,12.79; <a href='/cvdata/assets/datafiles/liq/DJKLDF_avg_LiqPen.txt' target='_blank'>DJKLDF_avg_LiqPen.txt</a>,0.51,0.18031,28.879,2.338,0.82661,0.8532,0.1174,0.039133,0.7885,0.0807,0.028532,<a href='/cvdata/assets/datafiles/press/DJKLDFmeanPress.txt' target='_blank'>PvsT</a>,-,-,-,-,-,-,-,-,-,-,-
790,15,900,22.8,0.090ks-a,N60304,80,>4,CFA,363,Sandia,DJKLLFLASRGH,1-Aug-18,<a href='/cvdata/assets/datafiles/readme/DJKLLFLASRGH.txt' target='_blank'>Readme</a>,-,15,-,O2 = 15; N2 = 75.15; CO2 = 6.22; H2O = 3.62;,-,29.24,898.83,8.31,4.155,-,-,-,-,-,-,-,5.84,1.0151,8.15E-05,-,-,-,-,-,79.9,0,0,900,-,-,-,-,-,-,-,-,>4,-,-,-,-,-,-,-,-,-,-,-,-,-,-,-,-,-,13.29; <a href='/cvdata/assets/datafiles/liq/DJKLLF_avg_LiqPen.txt' target='_blank'>DJKLLF_avg_LiqPen.txt</a>,0.26,0.13,22.699,1.401,0.7005,0.7882,0.0833,0.04165,0.7231,0.0618,0.0309,<a href='/cvdata/assets/datafiles/press/DJKLLFmeanPress.txt' target='_blank'>PvsT</a>,-,-,-,-,-,-,-,-,-,-,-
791,15,850,22.8,0.090ks-a,N60304,150,>4,CFA,363,Sandia,DJLLDFLASRGH,1-Aug-18,<a href='/cvdata/assets/datafiles/readme/DJLLDFLASRGH.txt' target='_blank'>Readme</a>,-,15,-,O2 = 15; N2 = 75.15; CO2 = 6.22; H2O = 3.62;,-,29.24,844.91,7.87,5.5649,-,-,-,-,-,-,-,5.52,1.0146,4.24E-05,-,-,-,-,-,146.2,0.1,0.1,850,-,-,-,-,-,-,-,-,>4,-,-,-,-,-,-,-,-,-,-,-,-,-,-,-,-,-,14.1; <a href='/cvdata/assets/datafiles/liq/DJLLDF_avg_LiqPen.txt' target='_blank'>DJLLDF_avg_LiqPen.txt</a>,0.47,0.33234,39.074,2.693,1.9042,1.2073,0.2159,0.15266,1.1395,0.1887,0.13343,<a href='/cvdata/assets/datafiles/press/DJLLDFmeanPress.txt' target='_blank'>PvsT</a>,-,-,-,-,-,-,-,-,-,-,-
792,15,975,22.8,0.090ks-a,N60304,150,>4,CFA,363,Sandia,DJYLDFLASRGH,1-Aug-18,<a href='/cvdata/assets/datafiles/readme/DJYLDFLASRGH.txt' target='_blank'>Readme</a>,-,15,-,O2 = 15; N2 = 75.15; CO2 = 6.22; H2O = 3.62;,-,29.24,974.08,0,-,-,-,-,-,-,-,-,6.32,1.0157,-,-,-,-,-,-,146.2,0,-,1650; 360-380,-,-,-,-,-,-,-,-,>4,-,-,-,-,-,-,-,-,-,-,-,-,-,-,-,-,-,11.61; <a href='/cvdata/assets/datafiles/liq/DJYLDF_avg_LiqPen.txt' target='_blank'>DJYLDF_avg_LiqPen.txt</a>,0,-,22.407,0,-,0.5522,0,-,0.5288,0,-,<a href='/cvdata/assets/datafiles/press/DJYLDFmeanPress.txt' target='_blank'>PvsT</a>,-,-,-,-,-,-,-,-,-,-,-
793,21,1050,22.8,0.090ks-a,N60304,150,>4,v0a,363,Sandia,SAHLDFLASRGH,1-Aug-18,<a href='/cvdata/assets/datafiles/readme/SAHLDFLASRGH.txt' target='_blank'>Readme</a>,-,21,-,O2 = 21; N2 = 69.33; CO2 = 6.11; H2O = 3.56;,-,29.47,1053.41,21.73,9.718,-,-,-,-,-,-,-,6.84,1.0161,4.96E-05,-,-,-,-,-,144.4,0.4,0.2,1050,-,-,-,-,-,-,-,-,>4,-,-,-,-,-,-,-,-,-,-,-,-,-,-,-,-,-,8.33; <a href='/cvdata/assets/datafiles/liq/SAHLDF_avg_LiqPen.txt' target='_blank'>SAHLDF_avg_LiqPen.txt</a>,1.03,0.46063,10.851,1.153,0.5765,0.2474,0.0393,0.017575,0.2377,0.0424,0.0212,<a href='/cvdata/assets/datafiles/press/SAHLDFmeanPress.txt' target='_blank'>PvsT</a>,-,-,-,-,-,-,-,-,-,-,-
794,21,1050,22.8,0.090ks-a,N60304,80,>4,v0a,363,Sandia,SAHLLFLASRFA,1-Jan-17,<a href='/cvdata/assets/datafiles/readme/SAHLLFLASRFA.txt' target='_blank'>Readme</a>,-,21,-,O2 = 21; N2 = 69.33; CO2 = 6.11; H2O = 3.56;,-,29.47,1052.64,5.7,4.0305,-,-,-,-,-,-,-,6.84,1.0162,2.62E-05,-,-,-,-,-,80.6,0.1,0.1,1050,-,-,-,-,-,-,-,-,>4,-,-,-,-,-,-,-,-,-,-,-,-,-,-,-,-,-,8.23; <a href='/cvdata/assets/datafiles/liq/SAHLLF_avg_LiqPen.txt' target='_blank'>SAHLLF_avg_LiqPen.txt</a>,0.1,0.070711,10.347,0.287,0.20294,0.261,0.009,0.006364,0.2497,0.012,0.0084853,<a href='/cvdata/assets/datafiles/press/SAHLLFmeanPress.txt' target='_blank'>PvsT</a>,-,-,-,-,-,-,-,-,-,-,-
795,21,1050,22.8,0.090ks-a,N60304,80,>4,v0a,363,Sandia,SAHLLFLASRGH,1-Aug-18,<a href='/cvdata/assets/datafiles/readme/SAHLLFLASRGH.txt' target='_blank'>Readme</a>,-,21,-,O2 = 21; N2 = 69.33; CO2 = 6.11; H2O = 3.56;,-,29.47,1049.76,4.47,3.1608,-,-,-,-,-,-,-,6.76,1.016,3.96E-05,-,-,-,-,-,79.8,0,0,1050,-,-,-,-,-,-,-,-,>4,-,-,-,-,-,-,-,-,-,-,-,-,-,-,-,-,-,9.17; <a href='/cvdata/assets/datafiles/liq/SAHLLF_avg_LiqPen.txt' target='_blank'>SAHLLF_avg_LiqPen.txt</a>,0.32,0.22627,11.259,0.903,0.63852,0.2735,0.0224,0.015839,0.2733,0.0299,0.021142,<a href='/cvdata/assets/datafiles/press/SAHLLFmeanPress.txt' target='_blank'>PvsT</a>,-,-,-,-,-,-,-,-,-,-,-
796,21,1000,22.8,0.090ks-a,N60304,150,>4,v0a,363,Sandia,SAILDFLASRGH,1-Aug-18,<a href='/cvdata/assets/datafiles/readme/SAILDFLASRGH.txt' target='_blank'>Readme</a>,-,21,-,O2 = 21; N2 = 69.33; CO2 = 6.11; H2O = 3.56;,-,29.47,999.6,5.42,2.71,-,-,-,-,-,-,-,6.5,1.0158,1.90E-05,-,-,-,-,-,144.6,0.1,0.1,1000,-,-,-,-,-,-,-,-,>4,-,-,-,-,-,-,-,-,-,-,-,-,-,-,-,-,-,9.59; <a href='/cvdata/assets/datafiles/liq/SAILDF_avg_LiqPen.txt' target='_blank'>SAILDF_avg_LiqPen.txt</a>,0.24,0.12,13.085,0.982,0.491,0.2984,0.0264,0.0132,0.2906,0.0271,0.01355,<a href='/cvdata/assets/datafiles/press/SAILDFmeanPress.txt' target='_blank'>PvsT</a>,-,-,-,-,-,-,-,-,-,-,-
797,21,1000,22.8,0.090ks-a,N60304,80,>4,v0a,363,Sandia,SAILLFLASRFA,1-Jan-17,<a href='/cvdata/assets/datafiles/readme/SAILLFLASRFA.txt' target='_blank'>Readme</a>,-,21,-,O2 = 21; N2 = 69.33; CO2 = 6.11; H2O = 3.56;,-,29.47,996.31,5.71,4.0376,-,-,-,-,-,-,-,6.48,1.0158,2.90E-05,-,-,-,-,-,80.6,0,0,1000,-,-,-,-,-,-,-,-,>4,-,-,-,-,-,-,-,-,-,-,-,-,-,-,-,-,-,8.93; <a href='/cvdata/assets/datafiles/liq/SAILLF_avg_LiqPen.txt' target='_blank'>SAILLF_avg_LiqPen.txt</a>,0.1,0.070711,11.944,0.318,0.22486,0.3222,0.0273,0.019304,0.316,0.0287,0.020294,<a href='/cvdata/assets/datafiles/press/SAILLFmeanPress.txt' target='_blank'>PvsT</a>,-,-,-,-,-,-,-,-,-,-,-
798,21,1000,22.8,0.090ks-a,N60304,80,>4,v0a,363,Sandia,SAILLFLASRGH,1-Aug-18,<a href='/cvdata/assets/datafiles/readme/SAILLFLASRGH.txt' target='_blank'>Readme</a>,-,21,-,O2 = 21; N2 = 69.33; CO2 = 6.11; H2O = 3.56;,-,29.47,989.54,13.95,9.8641,-,-,-,-,-,-,-,6.35,1.0155,5.16E-05,-,-,-,-,-,79.8,0,0,1000,-,-,-,-,-,-,-,-,>4,-,-,-,-,-,-,-,-,-,-,-,-,-,-,-,-,-,10.48; <a href='/cvdata/assets/datafiles/liq/SAILLF_avg_LiqPen.txt' target='_blank'>SAILLF_avg_LiqPen.txt</a>,0.19,0.13435,13.586,0.679,0.48013,0.3919,0.0296,0.02093,0.3808,0.0331,0.023405,<a href='/cvdata/assets/datafiles/press/SAILLFmeanPress.txt' target='_blank'>PvsT</a>,-,-,-,-,-,-,-,-,-,-,-
799,21,950,22.8,0.090ks-a,N60304,150,>4,v0a,363,Sandia,SAJLDFLASRGH,1-Aug-18,<a href='/cvdata/assets/datafiles/readme/SAJLDFLASRGH.txt' target='_blank'>Readme</a>,-,21,-,O2 = 21; N2 = 69.33; CO2 = 6.11; H2O = 3.56;,-,29.47,949.98,3.25,1.625,-,-,-,-,-,-,-,6.15,1.0153,3.35E-05,-,-,-,-,-,144.4,0.5,0.2,950,-,-,-,-,-,-,-,-,>4,-,-,-,-,-,-,-,-,-,-,-,-,-,-,-,-,-,10.45; <a href='/cvdata/assets/datafiles/liq/SAJLDF_avg_LiqPen.txt' target='_blank'>SAJLDF_avg_LiqPen.txt</a>,0.16,0.08,15.758,0.921,0.4605,0.365,0.0308,0.0154,0.3534,0.0364,0.0182,<a href='/cvdata/assets/datafiles/press/SAJLDFmeanPress.txt' target='_blank'>PvsT</a>,-,-,-,-,-,-,-,-,-,-,-
800,21,950,22.8,0.090ks-a,N60304,80,>4,v0a,363,Sandia,SAJLLFLASRFA,1-Jan-17,<a href='/cvdata/assets/datafiles/readme/SAJLLFLASRFA.txt' target='_blank'>Readme</a>,-,21,-,O2 = 21; N2 = 69.33; CO2 = 6.11; H2O = 3.56;,-,29.47,950.33,2.96,2.093,-,-,-,-,-,-,-,6.17,1.0153,1.63E-05,-,-,-,-,-,80.6,0,0,950,-,-,-,-,-,-,-,-,>4,-,-,-,-,-,-,-,-,-,-,-,-,-,-,-,-,-,9.8; <a href='/cvdata/assets/datafiles/liq/SAJLLF_avg_LiqPen.txt' target='_blank'>SAJLLF_avg_LiqPen.txt</a>,0.1,0.070711,14.531,1.354,0.95742,0.4452,0.0334,0.023617,0.4332,0.0437,0.030901,<a href='/cvdata/assets/datafiles/press/SAJLLFmeanPress.txt' target='_blank'>PvsT</a>,-,-,-,-,-,-,-,-,-,-,-
801,21,950,22.8,0.090ks-a,N60304,80,>4,v0a,363,Sandia,SAJLLFLASRGH,1-Aug-18,<a href='/cvdata/assets/datafiles/readme/SAJLLFLASRGH.txt' target='_blank'>Readme</a>,-,21,-,O2 = 21; N2 = 69.33; CO2 = 6.11; H2O = 3.56;,-,29.47,943.14,13.65,9.652,-,-,-,-,-,-,-,6.09,1.0152,9.26E-05,-,-,-,-,-,79.8,0,0,950,-,-,-,-,-,-,-,-,>4,-,-,-,-,-,-,-,-,-,-,-,-,-,-,-,-,-,11.11; <a href='/cvdata/assets/datafiles/liq/SAJLLF_avg_LiqPen.txt' target='_blank'>SAJLLF_avg_LiqPen.txt</a>,0.11,0.077782,16.223,1.045,0.73893,0.4611,0.0646,0.045679,0.4435,0.0546,0.038608,<a href='/cvdata/assets/datafiles/press/SAJLLFmeanPress.txt' target='_blank'>PvsT</a>,-,-,-,-,-,-,-,-,-,-,-
802,21,900,22.8,0.090ks-a,N60304,150,>4,v0a,363,Sandia,SAKLDFLASRGH,1-Aug-18,<a href='/cvdata/assets/datafiles/readme/SAKLDFLASRGH.txt' target='_blank'>Readme</a>,-,21,-,O2 = 21; N2 = 69.33; CO2 = 6.11; H2O = 3.56;,-,29.47,898.5,3.61,1.2033,-,-,-,-,-,-,-,5.84,1.0149,1.23E-05,-,-,-,-,-,144.7,0.9,0.3,900,-,-,-,-,-,-,-,-,>4,-,-,-,-,-,-,-,-,-,-,-,-,-,-,-,-,-,11.25; <a href='/cvdata/assets/datafiles/liq/SAKLDF_avg_LiqPen.txt' target='_blank'>SAKLDF_avg_LiqPen.txt</a>,0.24,0.08,19.295,1.441,0.48033,0.4829,0.0797,0.026567,0.4535,0.0794,0.026467,<a href='/cvdata/assets/datafiles/press/SAKLDFmeanPress.txt' target='_blank'>PvsT</a>,-,-,-,-,-,-,-,-,-,-,-
803,21,900,22.8,0.090ks-a,N60304,80,>4,v0a,363,Sandia,SAKLLFLASRFA,1-Jan-17,<a href='/cvdata/assets/datafiles/readme/SAKLLFLASRFA.txt' target='_blank'>Readme</a>,-,21,-,O2 = 21; N2 = 69.33; CO2 = 6.11; H2O = 3.56;,-,29.47,900.2,5.79,2.3638,-,-,-,-,-,-,-,5.84,1.0149,1.67E-05,-,-,-,-,-,68.9,31,12.7,900,-,-,-,-,-,-,-,-,>4,-,-,-,-,-,-,-,-,-,-,-,-,-,-,-,-,-,10.86; <a href='/cvdata/assets/datafiles/liq/SAKLLF_avg_LiqPen.txt' target='_blank'>SAKLLF_avg_LiqPen.txt</a>,0.17,0.069402,18.08,1.287,0.52542,0.6322,0.0758,0.030945,0.6084,0.0642,0.02621,<a href='/cvdata/assets/datafiles/press/SAKLLFmeanPress.txt' target='_blank'>PvsT</a>,-,-,-,-,-,-,-,-,-,-,-
804,21,900,22.8,0.090ks-a,N60304,80,>4,v0a,363,Sandia,SAKLLFLASRGH,1-Aug-18,<a href='/cvdata/assets/datafiles/readme/SAKLLFLASRGH.txt' target='_blank'>Readme</a>,-,21,-,O2 = 21; N2 = 69.33; CO2 = 6.11; H2O = 3.56;,-,29.47,908.93,8.37,5.9185,-,-,-,-,-,-,-,5.9,1.015,4.24E-05,-,-,-,-,-,79.8,0,0,900,-,-,-,-,-,-,-,-,>4,-,-,-,-,-,-,-,-,-,-,-,-,-,-,-,-,-,11.86; <a href='/cvdata/assets/datafiles/liq/SAKLLF_avg_LiqPen.txt' target='_blank'>SAKLLF_avg_LiqPen.txt</a>,0.47,0.33234,17.199,2.49,1.7607,0.532,0.1001,0.070781,0.5152,0.097,0.068589,<a href='/cvdata/assets/datafiles/press/SAKLLFmeanPress.txt' target='_blank'>PvsT</a>,-,-,-,-,-,-,-,-,-,-,-
805,21,975,22.8,0.090ks-a,N60304,150,>4,v0a,363,Sandia,SAXLDFLASRGH,1-Aug-18,<a href='/cvdata/assets/datafiles/readme/SAXLDFLASRGH.txt' target='_blank'>Readme</a>,-,21,-,O2 = 21; N2 = 69.33; CO2 = 6.11; H2O = 3.56;,-,29.47,974.99,5.11,2.555,-,-,-,-,-,-,-,6.29,1.0155,4.65E-05,-,-,-,-,-,145.1,0.5,0.3,1600; 440-460,-,-,-,-,-,-,-,-,>4,-,-,-,-,-,-,-,-,-,-,-,-,-,-,-,-,-,10; <a href='/cvdata/assets/datafiles/liq/SAXLDF_avg_LiqPen.txt' target='_blank'>SAXLDF_avg_LiqPen.txt</a>,0.21,0.105,14.947,0.512,0.256,0.3307,0.0193,0.00965,0.3227,0.0237,0.01185,<a href='/cvdata/assets/datafiles/press/SAXLDFmeanPress.txt' target='_blank'>PvsT</a>,-,-,-,-,-,-,-,-,-,-,-
806,21,925,22.8,0.090ks-a,N60304,80,>4,v0a,363,Sandia,SAXLLFLASRFA,1-Jan-17,<a href='/cvdata/assets/datafiles/readme/SAXLLFLASRFA.txt' target='_blank'>Readme</a>,-,21,-,O2 = 21; N2 = 69.33; CO2 = 6.11; H2O = 3.56;,-,29.47,929.33,7.82,4.5149,-,-,-,-,-,-,-,6.02,1.0151,2.71E-05,-,-,-,-,-,80.5,0.3,0.1,1600; 440-460,-,-,-,-,-,-,-,-,>4,-,-,-,-,-,-,-,-,-,-,-,-,-,-,-,-,-,10.39; <a href='/cvdata/assets/datafiles/liq/SAXLLF_avg_LiqPen.txt' target='_blank'>SAXLLF_avg_LiqPen.txt</a>,0.09,0.051962,16.667,0.66,0.38105,0.5573,0.0392,0.022632,0.5307,0.0372,0.021477,<a href='/cvdata/assets/datafiles/press/SAXLLFmeanPress.txt' target='_blank'>PvsT</a>,-,-,-,-,-,-,-,-,-,-,-
807,15,1050,22.8,0.090ks-a,N60304,150,>4,v0a,363,Sandia,SJHLDFLASRFA,1-Jan-17,<a href='/cvdata/assets/datafiles/readme/SJHLDFLASRFA.txt' target='_blank'>Readme</a>,-,15,-,O2 = 15; N2 = 75.15; CO2 = 6.22; H2O = 3.62;,-,29.24,1048.9,13.98,8.0714,-,-,-,-,-,-,-,6.88,1.0165,4.04E-05,-,-,-,-,-,148.7,0.5,0.3,1050,-,-,-,-,-,-,-,-,>4,-,-,-,-,-,-,-,-,-,-,-,-,-,-,-,-,-,8.13; <a href='/cvdata/assets/datafiles/liq/SJHLDF_avg_LiqPen.txt' target='_blank'>SJHLDF_avg_LiqPen.txt</a>,0.09,0.051962,16.406,0.456,0.26327,0.3711,0.0229,0.013221,0.357,0.0277,0.015993,<a href='/cvdata/assets/datafiles/press/SJHLDFmeanPress.txt' target='_blank'>PvsT</a>,-,-,-,-,-,-,-,-,-,-,-
808,15,1050,22.8,0.090ks-a,N60304,150,>4,v0a,363,Sandia,SJHLDFLASRGH,1-Aug-18,<a href='/cvdata/assets/datafiles/readme/SJHLDFLASRGH.txt' target='_blank'>Readme</a>,-,15,-,O2 = 15; N2 = 75.15; CO2 = 6.22; H2O = 3.62;,-,29.24,1053.46,2.94,2.0789,-,-,-,-,-,-,-,6.81,1.0163,7.99E-05,-,-,-,-,-,145.7,0.3,0.2,1050,-,-,-,-,-,-,-,-,>4,-,-,-,-,-,-,-,-,-,-,-,-,-,-,-,-,-,8.99; <a href='/cvdata/assets/datafiles/liq/SJHLDF_avg_LiqPen.txt' target='_blank'>SJHLDF_avg_LiqPen.txt</a>,0,0,14.694,1.862,1.3166,0.3266,0.0181,0.012799,0.3156,0.009,0.006364,<a href='/cvdata/assets/datafiles/press/SJHLDFmeanPress.txt' target='_blank'>PvsT</a>,-,-,-,-,-,-,-,-,-,-,-
809,15,1050,22.8,0.090ks-a,N60304,100,>4,v0a,363,Sandia,SJHLFFLASRFA,1-Jan-17,<a href='/cvdata/assets/datafiles/readme/SJHLFFLASRFA.txt' target='_blank'>Readme</a>,-,15,-,O2 = 15; N2 = 75.15; CO2 = 6.22; H2O = 3.62;,-,29.24,1052.69,0,-,-,-,-,-,-,-,-,6.9,1.0165,-,-,-,-,-,-,100.6,0,-,1050,-,-,-,-,-,-,-,-,>4,-,-,-,-,-,-,-,-,-,-,-,-,-,-,-,-,-,8.52; <a href='/cvdata/assets/datafiles/liq/SJHLFF_avg_LiqPen.txt' target='_blank'>SJHLFF_avg_LiqPen.txt</a>,0,-,15.677,0,-,0.4317,0,-,0.4163,0,-,<a href='/cvdata/assets/datafiles/press/SJHLFFmeanPress.txt' target='_blank'>PvsT</a>,-,-,-,-,-,-,-,-,-,-,-
810,15,1050,22.8,0.090ks-a,N60304,80,>4,v0a,363,Sandia,SJHLLFLASRFA,1-Jan-17,<a href='/cvdata/assets/datafiles/readme/SJHLLFLASRFA.txt' target='_blank'>Readme</a>,-,15,-,O2 = 15; N2 = 75.15; CO2 = 6.22; H2O = 3.62;,-,29.24,1053.04,2.09,1.2067,-,-,-,-,-,-,-,6.83,1.0163,0.00023152,-,-,-,-,-,80.2,0.2,0.1,1050,-,-,-,-,-,-,-,-,>4,-,-,-,-,-,-,-,-,-,-,-,-,-,-,-,-,-,8.26; <a href='/cvdata/assets/datafiles/liq/SJHLLF_avg_LiqPen.txt' target='_blank'>SJHLLF_avg_LiqPen.txt</a>,0.17,0.09815,13.438,0.526,0.30369,0.3333,0.0241,0.013914,0.3257,0.0215,0.012413,<a href='/cvdata/assets/datafiles/press/SJHLLFmeanPress.txt' target='_blank'>PvsT</a>,-,-,-,-,-,-,-,-,-,-,-
811,15,1000,22.8,0.090ks-a,N60304,150,>4,v0a,363,Sandia,SJILDFLASRFA,1-Jan-17,<a href='/cvdata/assets/datafiles/readme/SJILDFLASRFA.txt' target='_blank'>Readme</a>,-,15,-,O2 = 15; N2 = 75.15; CO2 = 6.22; H2O = 3.62;,-,29.24,1003.42,1.03,0.72832,-,-,-,-,-,-,-,6.57,1.0161,1.34E-05,-,-,-,-,-,148.8,0.4,0.3,1000,-,-,-,-,-,-,-,-,>4,-,-,-,-,-,-,-,-,-,-,-,-,-,-,-,-,-,8.58; <a href='/cvdata/assets/datafiles/liq/SJILDF_avg_LiqPen.txt' target='_blank'>SJILDF_avg_LiqPen.txt</a>,0.1,0.070711,19.271,0.587,0.41507,0.4473,0.0221,0.015627,0.412,0.0191,0.013506,<a href='/cvdata/assets/datafiles/press/SJILDFmeanPress.txt' target='_blank'>PvsT</a>,-,-,-,-,-,-,-,-,-,-,-
812,15,1000,22.8,0.090ks-a,N60304,150,>4,v0a,363,Sandia,SJILDFLASRGH,1-Aug-18,<a href='/cvdata/assets/datafiles/readme/SJILDFLASRGH.txt' target='_blank'>Readme</a>,-,15,-,O2 = 15; N2 = 75.15; CO2 = 6.22; H2O = 3.62;,-,29.24,1001.65,2.19,1.5486,-,-,-,-,-,-,-,6.5,1.016,4.45E-05,-,-,-,-,-,145.6,0.1,0,1000,-,-,-,-,-,-,-,-,>4,-,-,-,-,-,-,-,-,-,-,-,-,-,-,-,-,-,9.92; <a href='/cvdata/assets/datafiles/liq/SJILDF_avg_LiqPen.txt' target='_blank'>SJILDF_avg_LiqPen.txt</a>,0.19,0.13435,19.88,1.213,0.85772,0.5097,0.06,0.042426,0.4895,0.0439,0.031042,<a href='/cvdata/assets/datafiles/press/SJILDFmeanPress.txt' target='_blank'>PvsT</a>,-,-,-,-,-,-,-,-,-,-,-
813,15,1000,22.8,0.090ks-a,N60304,80,>4,v0a,363,Sandia,SJILLFLASRFA,1-Jan-17,<a href='/cvdata/assets/datafiles/readme/SJILLFLASRFA.txt' target='_blank'>Readme</a>,-,15,-,O2 = 15; N2 = 75.15; CO2 = 6.22; H2O = 3.62;,-,29.24,1002.12,0.65,0.45962,-,-,-,-,-,-,-,6.56,1.0161,9.90E-06,-,-,-,-,-,80,0.2,0.1,1000,-,-,-,-,-,-,-,-,>4,-,-,-,-,-,-,-,-,-,-,-,-,-,-,-,-,-,8.87; <a href='/cvdata/assets/datafiles/liq/SJILLF_avg_LiqPen.txt' target='_blank'>SJILLF_avg_LiqPen.txt</a>,0.17,0.12021,15.851,0.318,0.22486,0.4229,0.0144,0.010182,0.4163,0.0126,0.0089095,<a href='/cvdata/assets/datafiles/press/SJILLFmeanPress.txt' target='_blank'>PvsT</a>,-,-,-,-,-,-,-,-,-,-,-
814,15,950,22.8,0.090ks-a,N60304,150,>4,v0a,363,Sandia,SJJLDFLASRFA,1-Jan-17,<a href='/cvdata/assets/datafiles/readme/SJJLDFLASRFA.txt' target='_blank'>Readme</a>,-,15,-,O2 = 15; N2 = 75.15; CO2 = 6.22; H2O = 3.62;,-,29.24,951.54,4.91,2.8348,-,-,-,-,-,-,-,6.23,1.0157,2.66E-05,-,-,-,-,-,150.2,1.6,0.9,950,-,-,-,-,-,-,-,-,>4,-,-,-,-,-,-,-,-,-,-,-,-,-,-,-,-,-,9.35; <a href='/cvdata/assets/datafiles/liq/SJJLDF_avg_LiqPen.txt' target='_blank'>SJJLDF_avg_LiqPen.txt</a>,0.17,0.09815,23.316,0.257,0.18173,0.6148,0.0238,0.013741,0.5509,0.0341,0.024112,<a href='/cvdata/assets/datafiles/press/SJJLDFmeanPress.txt' target='_blank'>PvsT</a>,-,-,-,-,-,-,-,-,-,-,-
815,15,950,22.8,0.090ks-a,N60304,150,>4,v0a,363,Sandia,SJJLDFLASRGH,1-Aug-18,<a href='/cvdata/assets/datafiles/readme/SJJLDFLASRGH.txt' target='_blank'>Readme</a>,-,15,-,O2 = 15; N2 = 75.15; CO2 = 6.22; H2O = 3.62;,-,29.24,948.76,3.09,2.185,-,-,-,-,-,-,-,6.17,1.0156,6.08E-05,-,-,-,-,-,145.6,0.1,0.1,950,-,-,-,-,-,-,-,-,>4,-,-,-,-,-,-,-,-,-,-,-,-,-,-,-,-,-,10.55; <a href='/cvdata/assets/datafiles/liq/SJJLDF_avg_LiqPen.txt' target='_blank'>SJJLDF_avg_LiqPen.txt</a>,0.22,0.15556,23.027,2.286,1.6164,0.6236,0.0281,0.01987,0.5863,0.0401,0.028355,<a href='/cvdata/assets/datafiles/press/SJJLDFmeanPress.txt' target='_blank'>PvsT</a>,-,-,-,-,-,-,-,-,-,-,-
816,15,950,22.8,0.090ks-a,N60304,80,>4,v0a,363,Sandia,SJJLLFLASRFA,1-Jan-17,<a href='/cvdata/assets/datafiles/readme/SJJLLFLASRFA.txt' target='_blank'>Readme</a>,-,15,-,O2 = 15; N2 = 75.15; CO2 = 6.22; H2O = 3.62;,-,29.24,951.31,1.4,0.98995,-,-,-,-,-,-,-,6.23,1.0157,3.54E-06,-,-,-,-,-,80.1,0.2,0.1,950,-,-,-,-,-,-,-,-,>4,-,-,-,-,-,-,-,-,-,-,-,-,-,-,-,-,-,9.8; <a href='/cvdata/assets/datafiles/liq/SJJLLF_avg_LiqPen.txt' target='_blank'>SJJLLF_avg_LiqPen.txt</a>,0.1,0.070711,19.722,0.739,0.52255,0.5934,0.0143,0.010112,0.5705,0.0186,0.013152,<a href='/cvdata/assets/datafiles/press/SJJLLFmeanPress.txt' target='_blank'>PvsT</a>,-,-,-,-,-,-,-,-,-,-,-
817,15,950,22.8,0.090ks-a,N60304,-,>4,v0a,363,Sandia,SJJLPFLASRFA,1-Jan-17,<a href='/cvdata/assets/datafiles/readme/SJJLPFLASRFA.txt' target='_blank'>Readme</a>,-,15,-,O2 = 15; N2 = 75.15; CO2 = 6.22; H2O = 3.62;,-,29.24,947.33,0,-,-,-,-,-,-,-,-,6.21,1.0157,-,-,-,-,-,-,120.5,0,-,950,-,-,-,-,-,-,-,-,>4,-,-,-,-,-,-,-,-,-,-,-,-,-,-,-,-,-,9.91; <a href='/cvdata/assets/datafiles/liq/SJJLPF_avg_LiqPen.txt' target='_blank'>SJJLPF_avg_LiqPen.txt</a>,0,-,22.969,0,-,0.6379,0,-,0.5913,0,-,<a href='/cvdata/assets/datafiles/press/SJJLPFmeanPress.txt' target='_blank'>PvsT</a>,-,-,-,-,-,-,-,-,-,-,-
818,15,900,22.8,0.090ks-a,N60304,150,>4,v0a,363,Sandia,SJKLDFLASRFA,1-Jan-17,<a href='/cvdata/assets/datafiles/readme/SJKLDFLASRFA.txt' target='_blank'>Readme</a>,-,15,-,O2 = 15; N2 = 75.15; CO2 = 6.22; H2O = 3.62;,-,29.24,904.16,11.16,6.4432,-,-,-,-,-,-,-,5.91,1.0152,4.62E-05,-,-,-,-,-,148.9,0.6,0.3,900,-,-,-,-,-,-,-,-,>4,-,-,-,-,-,-,-,-,-,-,-,-,-,-,-,-,-,9.91; <a href='/cvdata/assets/datafiles/liq/SJKLDF_avg_LiqPen.txt' target='_blank'>SJKLDF_avg_LiqPen.txt</a>,0.43,0.24826,30.26,2.277,1.3146,0.807,0.1225,0.070725,0.7487,0.1097,0.063335,<a href='/cvdata/assets/datafiles/press/SJKLDFmeanPress.txt' target='_blank'>PvsT</a>,-,-,-,-,-,-,-,-,<a href='/cvdata/assets/datafiles/soot/SJKLDFLASRFA_soot.txt' target='_blank'>Soot Mass</a>; <a href='/cvdata/assets/datafiles/soot/SJKLDFLASRFA.tif' target='_blank'>Quasi-Steady KL</a>; <a href='/cvdata/assets/datafiles/soot/SJKLDFLASRFA_x.txt' target='_blank'>x-data</a>; <a href='/cvdata/assets/datafiles/soot/SJKLDFLASRFA_r.txt' target='_blank'>r-data</a>; max KL: 0.18572,-,-
819,15,900,22.8,0.090ks-a,N60304,150,>4,v0a,363,Sandia,SJKLDFLASRGH,1-Aug-18,<a href='/cvdata/assets/datafiles/readme/SJKLDFLASRGH.txt' target='_blank'>Readme</a>,-,15,-,O2 = 15; N2 = 75.15; CO2 = 6.22; H2O = 3.62;,-,29.24,-,-,-,-,-,-,-,-,-,-,-,-,-,-,-,-,-,-,-,-,-,900,-,-,-,-,-,-,-,-,>4,-,-,-,-,-,-,-,-,-,-,-,-,-,-,-,-,-,<a href='/cvdata/assets/datafiles/liq/SJKLDF_avg_LiqPen.txt' target='_blank'>SJKLDF_avg_LiqPen.txt</a>,-,-,-,-,-,-,-,-,-,-,-,<a href='/cvdata/assets/datafiles/press/SJKLDFmeanPress.txt' target='_blank'>PvsT</a>,-,-,-,-,-,-,-,-,-,-,-
820,15,900,22.8,0.090ks-a,N60304,80,>4,v0a,363,Sandia,SJKLLFLASRFA,1-Jan-17,<a href='/cvdata/assets/datafiles/readme/SJKLLFLASRFA.txt' target='_blank'>Readme</a>,-,15,-,O2 = 15; N2 = 75.15; CO2 = 6.22; H2O = 3.62;,-,29.24,899.82,2.83,1.415,-,-,-,-,-,-,-,5.89,1.0152,1.40E-05,-,-,-,-,-,79,2.1,1.1,900,-,-,-,-,-,-,-,-,>4,-,-,-,-,-,-,-,-,-,-,-,-,-,-,-,-,-,10.99; <a href='/cvdata/assets/datafiles/liq/SJKLLF_avg_LiqPen.txt' target='_blank'>SJKLLF_avg_LiqPen.txt</a>,0.15,0.075,-,-,-,0.8754,0.0516,0.0258,0.8163,0.0492,0.0246,<a href='/cvdata/assets/datafiles/press/SJKLLFmeanPress.txt' target='_blank'>PvsT</a>,-,-,-,-,-,-,-,-,-,-,-
821,15,925,22.8,0.090ks-a,N60304,150,>4,v0a,363,Sandia,SJXLDFLASRFA,1-Jan-17,<a href='/cvdata/assets/datafiles/readme/SJXLDFLASRFA.txt' target='_blank'>Readme</a>,-,15,-,O2 = 15; N2 = 75.15; CO2 = 6.22; H2O = 3.62;,-,29.24,933.19,1.93,1.1143,-,-,-,-,-,-,-,6.1,1.0155,1.33E-05,-,-,-,-,-,149.6,0.3,0.2,1600; 440-460,-,-,-,-,-,-,-,-,>4,-,-,-,-,-,-,-,-,-,-,-,-,-,-,-,-,-,9.87; <a href='/cvdata/assets/datafiles/liq/SJXLDF_avg_LiqPen.txt' target='_blank'>SJXLDF_avg_LiqPen.txt</a>,0.17,0.09815,27.422,1.07,0.61776,0.716,0.0184,0.010623,0.6433,0.0298,0.017205,<a href='/cvdata/assets/datafiles/press/SJXLDFmeanPress.txt' target='_blank'>PvsT</a>,-,-,-,-,-,-,-,-,-,-,-
822,15,925,22.8,0.090ks-a,N60304,80,>4,v0a,363,Sandia,SJXLLFLASRFA,1-Jan-17,<a href='/cvdata/assets/datafiles/readme/SJXLLFLASRFA.txt' target='_blank'>Readme</a>,-,15,-,O2 = 15; N2 = 75.15; CO2 = 6.22; H2O = 3.62;,-,29.24,927.18,2.2,1.5556,-,-,-,-,-,-,-,6.07,1.0155,9.90E-06,-,-,-,-,-,80,0.1,0.1,1600; 440-460,-,-,-,-,-,-,-,-,>4,-,-,-,-,-,-,-,-,-,-,-,-,-,-,-,-,-,10.2; <a href='/cvdata/assets/datafiles/liq/SJXLLF_avg_LiqPen.txt' target='_blank'>SJXLLF_avg_LiqPen.txt</a>,0.27,0.19092,22.778,1.382,0.97722,0.7651,0.0544,0.038467,0.6915,0.0572,0.040447,<a href='/cvdata/assets/datafiles/press/SJXLLFmeanPress.txt' target='_blank'>PvsT</a>,-,-,-,-,-,-,-,-,-,-,-
823,21,1050,22.8,0.090ks-a,N60304,150,>4,v2,363,Sandia,TAHLDFLASRFB,1-Feb-17,<a href='/cvdata/assets/datafiles/readme/TAHLDFLASRFB.txt' target='_blank'>Readme</a>,-,21,-,O2 = 21; N2 = 69.33; CO2 = 6.11; H2O = 3.56;,-,29.47,1050.81,6.67,4.7164,-,-,-,-,-,-,-,6.83,1.0162,1.98E-05,-,-,-,-,-,150.6,0.1,0.1,1050,-,-,-,-,-,-,-,-,>4,-,-,-,-,-,-,-,-,-,-,-,-,-,-,-,-,-,8.46; <a href='/cvdata/assets/datafiles/liq/TAHLDF_avg_LiqPen.txt' target='_blank'>TAHLDF_avg_LiqPen.txt</a>,0.1,0.070711,11.753,0.217,0.15344,0.252,0.0116,0.0082024,0.2496,0.0076,0.005374,<a href='/cvdata/assets/datafiles/press/TAHLDFmeanPress.txt' target='_blank'>PvsT</a>,-,-,-,-,-,-,-,-,-,-,-
824,21,1050,22.8,0.090ks-a,N60304,80,>4,v2,363,Sandia,TAHLLFLASRFB,1-Feb-17,<a href='/cvdata/assets/datafiles/readme/TAHLLFLASRFB.txt' target='_blank'>Readme</a>,-,21,-,O2 = 21; N2 = 69.33; CO2 = 6.11; H2O = 3.56;,-,29.47,1055.31,2.82,1.994,-,-,-,-,-,-,-,6.86,1.0162,1.27E-05,-,-,-,-,-,80.2,0.3,0.2,1050,-,-,-,-,-,-,-,-,>4,-,-,-,-,-,-,-,-,-,-,-,-,-,-,-,-,-,8.7; <a href='/cvdata/assets/datafiles/liq/TAHLLF_avg_LiqPen.txt' target='_blank'>TAHLLF_avg_LiqPen.txt</a>,0.35,0.24749,10.382,0.37,0.26163,0.2907,0.0201,0.014213,0.2748,0.019,0.013435,<a href='/cvdata/assets/datafiles/press/TAHLLFmeanPress.txt' target='_blank'>PvsT</a>,-,-,-,-,-,-,-,-,-,-,-
825,21,1000,22.8,0.090ks-a,N60304,150,>4,v2,363,Sandia,TAILDFLASRFB,1-Feb-17,<a href='/cvdata/assets/datafiles/readme/TAILDFLASRFB.txt' target='_blank'>Readme</a>,-,21,-,O2 = 21; N2 = 69.33; CO2 = 6.11; H2O = 3.56;,-,29.47,999.24,0.24,0.16971,-,-,-,-,-,-,-,6.5,1.0158,3.54E-06,-,-,-,-,-,150.8,0.1,0,1000,-,-,-,-,-,-,-,-,>4,-,-,-,-,-,-,-,-,-,-,-,-,-,-,-,-,-,9.22; <a href='/cvdata/assets/datafiles/liq/TAILDF_avg_LiqPen.txt' target='_blank'>TAILDF_avg_LiqPen.txt</a>,0,0,14.74,1.083,0.7658,0.3325,0.0255,0.018031,0.3159,0.0217,0.015344,<a href='/cvdata/assets/datafiles/press/TAILDFmeanPress.txt' target='_blank'>PvsT</a>,-,-,-,-,-,-,-,-,-,-,-
826,21,1000,22.8,0.090ks-a,N60304,80,>4,v2,363,Sandia,TAILLFLASRFB,1-Feb-17,<a href='/cvdata/assets/datafiles/readme/TAILLFLASRFB.txt' target='_blank'>Readme</a>,-,21,-,O2 = 21; N2 = 69.33; CO2 = 6.11; H2O = 3.56;,-,29.47,1003.75,6.67,4.7164,-,-,-,-,-,-,-,6.52,1.0158,2.47E-05,-,-,-,-,-,80,0.3,0.2,1000,-,-,-,-,-,-,-,-,>4,-,-,-,-,-,-,-,-,-,-,-,-,-,-,-,-,-,9.62; <a href='/cvdata/assets/datafiles/liq/TAILLF_avg_LiqPen.txt' target='_blank'>TAILLF_avg_LiqPen.txt</a>,0.1,0.070711,12.569,0.394,0.2786,0.3617,0.0097,0.0068589,0.3578,0.0069,0.004879,<a href='/cvdata/assets/datafiles/press/TAILLFmeanPress.txt' target='_blank'>PvsT</a>,-,-,-,-,-,-,-,-,-,-,-
827,21,950,22.8,0.090ks-a,N60304,150,>4,v2,363,Sandia,TAJLDFLASRFB,1-Feb-17,<a href='/cvdata/assets/datafiles/readme/TAJLDFLASRFB.txt' target='_blank'>Readme</a>,-,21,-,O2 = 21; N2 = 69.33; CO2 = 6.11; H2O = 3.56;,-,29.47,950.67,2.13,1.5061,-,-,-,-,-,-,-,6.18,1.0154,1.27E-05,-,-,-,-,-,149.6,1,0.7,950,-,-,-,-,-,-,-,-,>4,-,-,-,-,-,-,-,-,-,-,-,-,-,-,-,-,-,9.8; <a href='/cvdata/assets/datafiles/liq/TAJLDF_avg_LiqPen.txt' target='_blank'>TAJLDF_avg_LiqPen.txt</a>,0.1,0.070711,19.132,0.581,0.41083,0.465,0.0257,0.018173,0.4372,0.0317,0.022415,<a href='/cvdata/assets/datafiles/press/TAJLDFmeanPress.txt' target='_blank'>PvsT</a>,-,-,-,-,-,-,-,-,-,-,-
828,21,950,22.8,0.090ks-a,N60304,80,>4,v2,363,Sandia,TAJLLFLASRFB,1-Feb-17,<a href='/cvdata/assets/datafiles/readme/TAJLLFLASRFB.txt' target='_blank'>Readme</a>,-,21,-,O2 = 21; N2 = 69.33; CO2 = 6.11; H2O = 3.56;,-,29.47,949.37,5.69,4.0234,-,-,-,-,-,-,-,6.17,1.0153,2.47E-05,-,-,-,-,-,80.6,0.1,0.1,950,-,-,-,-,-,-,-,-,>4,-,-,-,-,-,-,-,-,-,-,-,-,-,-,-,-,-,10.61; <a href='/cvdata/assets/datafiles/liq/TAJLLF_avg_LiqPen.txt' target='_blank'>TAJLLF_avg_LiqPen.txt</a>,0.17,0.12021,15.486,0.335,0.23688,0.5097,0.0051,0.0036062,0.4955,0.007,0.0049497,<a href='/cvdata/assets/datafiles/press/TAJLLFmeanPress.txt' target='_blank'>PvsT</a>,-,-,-,-,-,-,-,-,-,-,-
829,21,900,22.8,0.090ks-a,N60304,150,>4,v2,363,Sandia,TAKLDFLASRFB,1-Feb-17,<a href='/cvdata/assets/datafiles/readme/TAKLDFLASRFB.txt' target='_blank'>Readme</a>,-,21,-,O2 = 21; N2 = 69.33; CO2 = 6.11; H2O = 3.56;,-,29.47,901.3,5.21,3.684,-,-,-,-,-,-,-,5.85,1.0149,2.62E-05,-,-,-,-,-,149.9,0.7,0.5,900,-,-,-,-,-,-,-,-,>4,-,-,-,-,-,-,-,-,-,-,-,-,-,-,-,-,-,10.9; <a href='/cvdata/assets/datafiles/liq/TAKLDF_avg_LiqPen.txt' target='_blank'>TAKLDF_avg_LiqPen.txt</a>,0.1,0.070711,23.524,1.632,1.154,0.6413,0.0224,0.015839,0.5995,0.0313,0.022132,<a href='/cvdata/assets/datafiles/press/TAKLDFmeanPress.txt' target='_blank'>PvsT</a>,-,-,-,-,-,-,-,-,-,-,-
830,21,900,22.8,0.090ks-a,N60304,80,>4,v2,363,Sandia,TAKLLFLASRFB,1-Feb-17,<a href='/cvdata/assets/datafiles/readme/TAKLLFLASRFB.txt' target='_blank'>Readme</a>,-,21,-,O2 = 21; N2 = 69.33; CO2 = 6.11; H2O = 3.56;,-,29.47,899.59,1.48,0.74,-,-,-,-,-,-,-,5.83,1.0148,7.50E-06,-,-,-,-,-,79.6,2.2,1.1,900,-,-,-,-,-,-,-,-,>4,-,-,-,-,-,-,-,-,-,-,-,-,-,-,-,-,-,11.69; <a href='/cvdata/assets/datafiles/liq/TAKLLF_avg_LiqPen.txt' target='_blank'>TAKLLF_avg_LiqPen.txt</a>,0.26,0.13,19.406,2.86,1.43,0.7661,0.119,0.0595,0.7305,0.126,0.063,<a href='/cvdata/assets/datafiles/press/TAKLLFmeanPress.txt' target='_blank'>PvsT</a>,-,-,-,-,-,-,-,-,-,-,-
831,21,975,22.8,0.090ks-a,N60304,150,>4,v2,363,Sandia,TAXLDFLASRFB,1-Feb-17,<a href='/cvdata/assets/datafiles/readme/TAXLDFLASRFB.txt' target='_blank'>Readme</a>,-,21,-,O2 = 21; N2 = 69.33; CO2 = 6.11; H2O = 3.56;,-,29.47,975.09,1.88,1.3294,-,-,-,-,-,-,-,6.34,1.0156,9.90E-06,-,-,-,-,-,150.4,0.3,0.2,1600; 440-460,-,-,-,-,-,-,-,-,>4,-,-,-,-,-,-,-,-,-,-,-,-,-,-,-,-,-,9.39; <a href='/cvdata/assets/datafiles/liq/TAXLDF_avg_LiqPen.txt' target='_blank'>TAXLDF_avg_LiqPen.txt</a>,0.17,0.12021,16.979,0.417,0.29486,0.3827,0.0308,0.021779,0.3662,0.0328,0.023193,<a href='/cvdata/assets/datafiles/press/TAXLDFmeanPress.txt' target='_blank'>PvsT</a>,-,-,-,-,-,-,-,-,-,-,-
832,21,925,22.8,0.090ks-a,N60304,80,>4,v2,363,Sandia,TAXLLFLASRFB,1-Feb-17,<a href='/cvdata/assets/datafiles/readme/TAXLLFLASRFB.txt' target='_blank'>Readme</a>,-,21,-,O2 = 21; N2 = 69.33; CO2 = 6.11; H2O = 3.56;,-,29.47,922.56,3.55,2.0496,-,-,-,-,-,-,-,5.99,1.0151,1.15E-05,-,-,-,-,-,81.1,1,0.6,1600; 440-460,-,-,-,-,-,-,-,-,>4,-,-,-,-,-,-,-,-,-,-,-,-,-,-,-,-,-,11.09; <a href='/cvdata/assets/datafiles/liq/TAXLLF_avg_LiqPen.txt' target='_blank'>TAXLLF_avg_LiqPen.txt</a>,0.3,0.17321,17.63,1.054,0.60853,0.6178,0.0911,0.052597,0.5873,0.0836,0.048266,<a href='/cvdata/assets/datafiles/press/TAXLLFmeanPress.txt' target='_blank'>PvsT</a>,-,-,-,-,-,-,-,-,-,-,-
833,15,1050,22.8,0.090ks-a,N60304,150,>4,v2,363,Sandia,TJHLDFLASRFB,1-Feb-17,<a href='/cvdata/assets/datafiles/readme/TJHLDFLASRFB.txt' target='_blank'>Readme</a>,-,15,-,O2 = 15; N2 = 75.15; CO2 = 6.22; H2O = 3.62;,-,29.24,1044.98,3.06,2.1637,-,-,-,-,-,-,-,6.85,1.0165,7.78E-06,-,-,-,-,-,150.8,0.2,0.1,1050,-,-,-,-,-,-,-,-,>4,-,-,-,-,-,-,-,-,-,-,-,-,-,-,-,-,-,8.64; <a href='/cvdata/assets/datafiles/liq/TJHLDF_avg_LiqPen.txt' target='_blank'>TJHLDF_avg_LiqPen.txt</a>,0.1,0.070711,16.389,0.547,0.38679,0.3704,0.0058,0.0041012,0.3412,0.0126,0.0089095,<a href='/cvdata/assets/datafiles/press/TJHLDFmeanPress.txt' target='_blank'>PvsT</a>,-,-,-,-,-,-,-,-,-,-,-
834,15,1050,22.8,0.090ks-a,N60304,80,>4,v2,363,Sandia,TJHLLFLASRFB,1-Feb-17,<a href='/cvdata/assets/datafiles/readme/TJHLLFLASRFB.txt' target='_blank'>Readme</a>,-,15,-,O2 = 15; N2 = 75.15; CO2 = 6.22; H2O = 3.62;,-,29.24,1056.31,2.41,1.3914,-,-,-,-,-,-,-,6.92,1.0165,2.89E-06,-,-,-,-,-,80.9,0.1,0,1050,-,-,-,-,-,-,-,-,>4,-,-,-,-,-,-,-,-,-,-,-,-,-,-,-,-,-,8.78; <a href='/cvdata/assets/datafiles/liq/TJHLLF_avg_LiqPen.txt' target='_blank'>TJHLLF_avg_LiqPen.txt</a>,0.3,0.17321,13.776,1.049,0.60564,0.3658,0.0328,0.018937,0.3485,0.0239,0.013799,<a href='/cvdata/assets/datafiles/press/TJHLLFmeanPress.txt' target='_blank'>PvsT</a>,-,-,-,-,-,-,-,-,-,-,-
835,15,1000,22.8,0.090ks-a,N60304,150,>4,v2,363,Sandia,TJILDFLASRFB,1-Feb-17,<a href='/cvdata/assets/datafiles/readme/TJILDFLASRFB.txt' target='_blank'>Readme</a>,-,15,-,O2 = 15; N2 = 75.15; CO2 = 6.22; H2O = 3.62;,-,29.24,998.7,7.43,3.3228,-,-,-,-,-,-,-,6.53,1.0161,2.10E-05,-,-,-,-,-,150.4,1.5,0.7,1000,-,-,-,-,-,-,-,-,>4,-,-,-,-,-,-,-,-,-,-,-,-,-,-,-,-,-,9.22; <a href='/cvdata/assets/datafiles/liq/TJILDF_avg_LiqPen.txt' target='_blank'>TJILDF_avg_LiqPen.txt</a>,0.31,0.13864,19.601,0.983,0.43961,0.4851,0.0293,0.013103,0.4599,0.0353,0.015787,<a href='/cvdata/assets/datafiles/press/TJILDFmeanPress.txt' target='_blank'>PvsT</a>,-,-,-,-,-,-,-,-,-,-,-
836,15,1000,22.8,0.090ks-a,N60304,80,>4,v2,363,Sandia,TJILLFLASRFB,1-Feb-17,<a href='/cvdata/assets/datafiles/readme/TJILLFLASRFB.txt' target='_blank'>Readme</a>,-,15,-,O2 = 15; N2 = 75.15; CO2 = 6.22; H2O = 3.62;,-,29.24,999.97,9.34,6.6044,-,-,-,-,-,-,-,6.55,1.0161,4.74E-05,-,-,-,-,-,80.8,0.1,0,1000,-,-,-,-,-,-,-,-,>4,-,-,-,-,-,-,-,-,-,-,-,-,-,-,-,-,-,9.57; <a href='/cvdata/assets/datafiles/liq/TJILLF_avg_LiqPen.txt' target='_blank'>TJILLF_avg_LiqPen.txt</a>,0.17,0.12021,16.892,0.617,0.43628,0.4831,0.0242,0.017112,0.4706,0.0443,0.031325,<a href='/cvdata/assets/datafiles/press/TJILLFmeanPress.txt' target='_blank'>PvsT</a>,-,-,-,-,-,-,-,-,-,-,-
837,15,950,22.8,0.090ks-a,N60304,150,>4,v2,363,Sandia,TJJLDFLASRFB,1-Feb-17,<a href='/cvdata/assets/datafiles/readme/TJJLDFLASRFB.txt' target='_blank'>Readme</a>,-,15,-,O2 = 15; N2 = 75.15; CO2 = 6.22; H2O = 3.62;,-,29.24,949.61,5.35,2.675,-,-,-,-,-,-,-,6.22,1.0157,1.70E-05,-,-,-,-,-,150.7,0.3,0.1,950,-,-,-,-,-,-,-,-,>4,-,-,-,-,-,-,-,-,-,-,-,-,-,-,-,-,-,10.16; <a href='/cvdata/assets/datafiles/liq/TJJLDF_avg_LiqPen.txt' target='_blank'>TJJLDF_avg_LiqPen.txt</a>,0.1,0.05,25.073,2.328,1.164,0.6419,0.0566,0.0283,0.6038,0.0587,0.02935,<a href='/cvdata/assets/datafiles/press/TJJLDFmeanPress.txt' target='_blank'>PvsT</a>,-,-,-,-,-,-,-,-,-,-,-
838,15,950,22.8,0.090ks-a,N60304,100,>4,v2,363,Sandia,TJJLFFLASRFB,1-Feb-17,<a href='/cvdata/assets/datafiles/readme/TJJLFFLASRFB.txt' target='_blank'>Readme</a>,-,15,-,O2 = 15; N2 = 75.15; CO2 = 6.22; H2O = 3.62;,-,29.24,968.94,0,-,-,-,-,-,-,-,-,6.33,1.0158,-,-,-,-,-,-,100.8,0,-,950,-,-,-,-,-,-,-,-,>4,-,-,-,-,-,-,-,-,-,-,-,-,-,-,-,-,-,9.91; <a href='/cvdata/assets/datafiles/liq/TJJLFF_avg_LiqPen.txt' target='_blank'>TJJLFF_avg_LiqPen.txt</a>,0,-,19.271,0,-,0.5744,0,-,0.5497,0,-,<a href='/cvdata/assets/datafiles/press/TJJLFFmeanPress.txt' target='_blank'>PvsT</a>,-,-,-,-,-,-,-,-,-,-,-
839,15,950,22.8,0.090ks-a,N60304,80,>4,v2,363,Sandia,TJJLLFLASRFB,1-Feb-17,<a href='/cvdata/assets/datafiles/readme/TJJLLFLASRFB.txt' target='_blank'>Readme</a>,-,15,-,O2 = 15; N2 = 75.15; CO2 = 6.22; H2O = 3.62;,-,29.24,953.07,3.31,2.3405,-,-,-,-,-,-,-,6.24,1.0157,1.98E-05,-,-,-,-,-,80.8,0.1,0,950,-,-,-,-,-,-,-,-,>4,-,-,-,-,-,-,-,-,-,-,-,-,-,-,-,-,-,10.38; <a href='/cvdata/assets/datafiles/liq/TJJLLF_avg_LiqPen.txt' target='_blank'>TJJLLF_avg_LiqPen.txt</a>,0.1,0.070711,20.556,1.12,0.79196,0.6309,0.0165,0.011667,0.5952,0.0262,0.018526,<a href='/cvdata/assets/datafiles/press/TJJLLFmeanPress.txt' target='_blank'>PvsT</a>,-,-,-,-,-,-,-,-,-,-,-
840,15,950,22.8,0.090ks-a,N60304,-,>4,v2,363,Sandia,TJJLPFLASRFB,1-Feb-17,<a href='/cvdata/assets/datafiles/readme/TJJLPFLASRFB.txt' target='_blank'>Readme</a>,-,15,-,O2 = 15; N2 = 75.15; CO2 = 6.22; H2O = 3.62;,-,29.24,954.1,0,-,-,-,-,-,-,-,-,6.24,1.0157,-,-,-,-,-,-,121.1,0,-,950,-,-,-,-,-,-,-,-,>4,-,-,-,-,-,-,-,-,-,-,-,-,-,-,-,-,-,10.26; <a href='/cvdata/assets/datafiles/liq/TJJLPF_avg_LiqPen.txt' target='_blank'>TJJLPF_avg_LiqPen.txt</a>,0,-,23.229,0,-,0.6122,0,-,0.5624,0,-,<a href='/cvdata/assets/datafiles/press/TJJLPFmeanPress.txt' target='_blank'>PvsT</a>,-,-,-,-,-,-,-,-,-,-,-
841,15,900,22.8,0.090ks-a,N60304,150,>4,v2,363,Sandia,TJKLDFLASRFB,1-Feb-17,<a href='/cvdata/assets/datafiles/readme/TJKLDFLASRFB.txt' target='_blank'>Readme</a>,-,15,-,O2 = 15; N2 = 75.15; CO2 = 6.22; H2O = 3.62;,-,29.24,900.54,11.04,7.8065,-,-,-,-,-,-,-,5.89,1.0152,6.22E-05,-,-,-,-,-,150.3,0.5,0.4,900,-,-,-,-,-,-,-,-,>4,-,-,-,-,-,-,-,-,-,-,-,-,-,-,-,-,-,11.3; <a href='/cvdata/assets/datafiles/liq/TJKLDF_avg_LiqPen.txt' target='_blank'>TJKLDF_avg_LiqPen.txt</a>,0.17,0.12021,33.75,2.265,1.6016,0.9525,0.0343,0.024254,0.9082,0.0506,0.03578,<a href='/cvdata/assets/datafiles/press/TJKLDFmeanPress.txt' target='_blank'>PvsT</a>,-,-,-,-,-,-,-,-,-,-,-
842,15,900,22.8,0.090ks-a,N60304,80,>4,v2,363,Sandia,TJKLLFLASRFB,1-Feb-17,<a href='/cvdata/assets/datafiles/readme/TJKLLFLASRFB.txt' target='_blank'>Readme</a>,-,15,-,O2 = 15; N2 = 75.15; CO2 = 6.22; H2O = 3.62;,-,29.24,900.42,7.58,3.79,-,-,-,-,-,-,-,5.89,1.0152,2.75E-05,-,-,-,-,-,79.7,2.6,1.3,900,-,-,-,-,-,-,-,-,>4,-,-,-,-,-,-,-,-,-,-,-,-,-,-,-,-,-,11.27; <a href='/cvdata/assets/datafiles/liq/TJKLLF_avg_LiqPen.txt' target='_blank'>TJKLLF_avg_LiqPen.txt</a>,0.29,0.145,25.073,1.573,0.7865,0.8702,0.1063,0.05315,0.7986,0.0974,0.0487,<a href='/cvdata/assets/datafiles/press/TJKLLFmeanPress.txt' target='_blank'>PvsT</a>,-,-,-,-,-,-,-,-,-,-,-
843,15,975,22.8,0.090ks-a,N60304,150,>4,v2,363,Sandia,TJXLDFLASRFB,1-Feb-17,<a href='/cvdata/assets/datafiles/readme/TJXLDFLASRFB.txt' target='_blank'>Readme</a>,-,15,-,O2 = 15; N2 = 75.15; CO2 = 6.22; H2O = 3.62;,-,29.24,978.84,2.74,1.37,-,-,-,-,-,-,-,6.4,1.0159,1.00E-05,-,-,-,-,-,149.4,1.8,0.9,1600; 440-460,-,-,-,-,-,-,-,-,>4,-,-,-,-,-,-,-,-,-,-,-,-,-,-,-,-,-,9.53; <a href='/cvdata/assets/datafiles/liq/TJXLDF_avg_LiqPen.txt' target='_blank'>TJXLDF_avg_LiqPen.txt</a>,0.15,0.075,22.073,1.135,0.5675,0.4935,0.0273,0.01365,0.4513,0.0223,0.01115,<a href='/cvdata/assets/datafiles/press/TJXLDFmeanPress.txt' target='_blank'>PvsT</a>,-,-,-,-,-,-,-,-,-,-,-
844,15,925,22.8,0.090ks-a,N60304,80,>4,v2,363,Sandia,TJXLLFLASRFB,1-Feb-17,<a href='/cvdata/assets/datafiles/readme/TJXLLFLASRFB.txt' target='_blank'>Readme</a>,-,15,-,O2 = 15; N2 = 75.15; CO2 = 6.22; H2O = 3.62;,-,29.24,930.26,3.79,2.1882,-,-,-,-,-,-,-,6.08,1.0155,1.44E-05,-,-,-,-,-,80.8,0,0,1600; 440-460,-,-,-,-,-,-,-,-,>4,-,-,-,-,-,-,-,-,-,-,-,-,-,-,-,-,-,10.83; <a href='/cvdata/assets/datafiles/liq/TJXLLF_avg_LiqPen.txt' target='_blank'>TJXLLF_avg_LiqPen.txt</a>,0.26,0.15011,22.148,1.167,0.67377,0.7405,0.0888,0.051269,0.7216,0.0939,0.054213,<a href='/cvdata/assets/datafiles/press/TJXLLFmeanPress.txt' target='_blank'>PvsT</a>,-,-,-,-,-,-,-,-,-,-,-
845,15,875,22.8,0.090ks-a,N60304,80,>4,v2,363,Sandia,TJYLLFLASRFB,1-Feb-17,<a href='/cvdata/assets/datafiles/readme/TJYLLFLASRFB.txt' target='_blank'>Readme</a>,-,15,-,O2 = 15; N2 = 75.15; CO2 = 6.22; H2O = 3.62;,-,29.24,879.86,11.07,6.3913,-,-,-,-,-,-,-,5.75,1.015,5.83E-05,-,-,-,-,-,81.2,0.8,0.5,1650; 360-380,-,-,-,-,-,-,-,-,>4,-,-,-,-,-,-,-,-,-,-,-,-,-,-,-,-,-,12.43; <a href='/cvdata/assets/datafiles/liq/TJYLLF_avg_LiqPen.txt' target='_blank'>TJYLLF_avg_LiqPen.txt</a>,0.46,0.26558,31.758,1.365,0.78808,1.2301,0.0776,0.044802,1.1578,0.1054,0.060853,<a href='/cvdata/assets/datafiles/press/TJYLLFmeanPress.txt' target='_blank'>PvsT</a>,-,-,-,-,-,-,-,-,-,-,-
846,21,1050,22.8,0.090ks-a,N60304,150,>4,v0b,363,Sandia,UAHLDFLASRFB,1-Feb-17,<a href='/cvdata/assets/datafiles/readme/UAHLDFLASRFB.txt' target='_blank'>Readme</a>,-,21,-,O2 = 21; N2 = 69.33; CO2 = 6.11; H2O = 3.56;,-,29.47,1050.74,1.69,1.195,-,-,-,-,-,-,-,6.84,1.0162,1.20E-05,-,-,-,-,-,151.3,0,0,1050,-,-,-,-,-,-,-,-,>4,-,-,-,-,-,-,-,-,-,-,-,-,-,-,-,-,-,8.52; <a href='/cvdata/assets/datafiles/liq/UAHLDF_avg_LiqPen.txt' target='_blank'>UAHLDF_avg_LiqPen.txt</a>,0.17,0.12021,12.413,0.287,0.20294,0.2506,0.017,0.012021,0.2453,0.0147,0.010394,<a href='/cvdata/assets/datafiles/press/UAHLDFmeanPress.txt' target='_blank'>PvsT</a>,-,-,-,-,-,-,-,-,-,-,-
847,21,1050,22.8,0.090ks-a,N60304,80,>4,v0b,363,Sandia,UAHLLFLASRFB,1-Feb-17,<a href='/cvdata/assets/datafiles/readme/UAHLLFLASRFB.txt' target='_blank'>Readme</a>,-,21,-,O2 = 21; N2 = 69.33; CO2 = 6.11; H2O = 3.56;,-,29.47,1054.81,4.71,3.3305,-,-,-,-,-,-,-,6.85,1.0161,2.05E-05,-,-,-,-,-,81.2,0.1,0.1,1050,-,-,-,-,-,-,-,-,>4,-,-,-,-,-,-,-,-,-,-,-,-,-,-,-,-,-,8.75; <a href='/cvdata/assets/datafiles/liq/UAHLLF_avg_LiqPen.txt' target='_blank'>UAHLLF_avg_LiqPen.txt</a>,0.1,0.070711,10.677,0.407,0.28779,0.2972,0.0192,0.013576,0.279,0.025,0.017678,<a href='/cvdata/assets/datafiles/press/UAHLLFmeanPress.txt' target='_blank'>PvsT</a>,-,-,-,-,-,-,-,-,-,-,-
848,21,1000,22.8,0.090ks-a,N60304,150,>4,v0b,363,Sandia,UAILDFLASRFB,1-Feb-17,<a href='/cvdata/assets/datafiles/readme/UAILDFLASRFB.txt' target='_blank'>Readme</a>,-,21,-,O2 = 21; N2 = 69.33; CO2 = 6.11; H2O = 3.56;,-,29.47,1000.6,1.57,1.1102,-,-,-,-,-,-,-,6.51,1.0158,7.07E-06,-,-,-,-,-,151.4,0,0,1000,-,-,-,-,-,-,-,-,>4,-,-,-,-,-,-,-,-,-,-,-,-,-,-,-,-,-,9.51; <a href='/cvdata/assets/datafiles/liq/UAILDF_avg_LiqPen.txt' target='_blank'>UAILDF_avg_LiqPen.txt</a>,0.1,0.070711,15.365,0.239,0.169,0.3476,0.0199,0.014071,0.337,0.019,0.013435,<a href='/cvdata/assets/datafiles/press/UAILDFmeanPress.txt' target='_blank'>PvsT</a>,-,-,-,-,-,-,-,-,-,-,-
849,21,1000,22.8,0.090ks-a,N60304,80,>4,v0b,363,Sandia,UAILLFLASRFB,1-Feb-17,<a href='/cvdata/assets/datafiles/readme/UAILLFLASRFB.txt' target='_blank'>Readme</a>,-,21,-,O2 = 21; N2 = 69.33; CO2 = 6.11; H2O = 3.56;,-,29.47,1003.9,3.85,2.7224,-,-,-,-,-,-,-,6.51,1.0158,1.63E-05,-,-,-,-,-,81.3,0,0,1000,-,-,-,-,-,-,-,-,>4,-,-,-,-,-,-,-,-,-,-,-,-,-,-,-,-,-,9.33; <a href='/cvdata/assets/datafiles/liq/UAILLF_avg_LiqPen.txt' target='_blank'>UAILLF_avg_LiqPen.txt</a>,0.27,0.19092,12.604,0.407,0.28779,0.3459,0.0206,0.014566,0.333,0.0149,0.010536,<a href='/cvdata/assets/datafiles/press/UAILLFmeanPress.txt' target='_blank'>PvsT</a>,-,-,-,-,-,-,-,-,-,-,-
850,21,950,22.8,0.090ks-a,N60304,150,>4,v0b,363,Sandia,UAJLDFLASRFB,1-Feb-17,<a href='/cvdata/assets/datafiles/readme/UAJLDFLASRFB.txt' target='_blank'>Readme</a>,-,21,-,O2 = 21; N2 = 69.33; CO2 = 6.11; H2O = 3.56;,-,29.47,947.01,4.27,3.0193,-,-,-,-,-,-,-,6.15,1.0153,2.12E-05,-,-,-,-,-,151.5,0.1,0,950,-,-,-,-,-,-,-,-,>4,-,-,-,-,-,-,-,-,-,-,-,-,-,-,-,-,-,10.32; <a href='/cvdata/assets/datafiles/liq/UAJLDF_avg_LiqPen.txt' target='_blank'>UAJLDF_avg_LiqPen.txt</a>,0.27,0.19092,20.295,1.611,1.1391,0.502,0.0385,0.027224,0.4872,0.04,0.028284,<a href='/cvdata/assets/datafiles/press/UAJLDFmeanPress.txt' target='_blank'>PvsT</a>,-,-,-,-,-,-,-,-,-,-,-
851,21,950,22.8,0.090ks-a,N60304,80,>4,v0b,363,Sandia,UAJLLFLASRFB,1-Feb-17,<a href='/cvdata/assets/datafiles/readme/UAJLLFLASRFB.txt' target='_blank'>Readme</a>,-,21,-,O2 = 21; N2 = 69.33; CO2 = 6.11; H2O = 3.56;,-,29.47,948.15,4.76,2.38,-,-,-,-,-,-,-,6.16,1.0153,1.25E-05,-,-,-,-,-,76.8,9.2,4.6,950,-,-,-,-,-,-,-,-,>4,-,-,-,-,-,-,-,-,-,-,-,-,-,-,-,-,-,10.5; <a href='/cvdata/assets/datafiles/liq/UAJLLF_avg_LiqPen.txt' target='_blank'>UAJLLF_avg_LiqPen.txt</a>,0.2,0.1,15.087,0.856,0.60528,0.4769,0.0375,0.01875,0.4608,0.0542,0.038325,<a href='/cvdata/assets/datafiles/press/UAJLLFmeanPress.txt' target='_blank'>PvsT</a>,-,-,-,-,-,-,-,-,-,-,-
852,21,900,22.8,0.090ks-a,N60304,150,>4,v0b,363,Sandia,UAKLDFLASRFB,1-Feb-17,<a href='/cvdata/assets/datafiles/readme/UAKLDFLASRFB.txt' target='_blank'>Readme</a>,-,21,-,O2 = 21; N2 = 69.33; CO2 = 6.11; H2O = 3.56;,-,29.47,897.87,5.84,4.1295,-,-,-,-,-,-,-,5.83,1.0149,3.18E-05,-,-,-,-,-,150.3,2,1.4,900,-,-,-,-,-,-,-,-,>4,-,-,-,-,-,-,-,-,-,-,-,-,-,-,-,-,-,11.01; <a href='/cvdata/assets/datafiles/liq/UAKLDF_avg_LiqPen.txt' target='_blank'>UAKLDF_avg_LiqPen.txt</a>,0.1,0.070711,24.34,1.861,1.3159,0.717,0.0887,0.06272,0.6831,0.0948,0.067034,<a href='/cvdata/assets/datafiles/press/UAKLDFmeanPress.txt' target='_blank'>PvsT</a>,-,-,-,-,-,-,-,-,-,-,-
853,21,900,22.8,0.090ks-a,N60304,80,>4,v0b,363,Sandia,UAKLLFLASRFB,1-Feb-17,<a href='/cvdata/assets/datafiles/readme/UAKLLFLASRFB.txt' target='_blank'>Readme</a>,-,21,-,O2 = 21; N2 = 69.33; CO2 = 6.11; H2O = 3.56;,-,29.47,897.74,3.5,2.4749,-,-,-,-,-,-,-,5.83,1.0149,1.84E-05,-,-,-,-,-,81.1,0.1,0.1,900,-,-,-,-,-,-,-,-,>4,-,-,-,-,-,-,-,-,-,-,-,-,-,-,-,-,-,11.59; <a href='/cvdata/assets/datafiles/liq/UAKLLF_avg_LiqPen.txt' target='_blank'>UAKLLF_avg_LiqPen.txt</a>,0.1,0.070711,19.878,0.581,0.41083,0.7376,0.0228,0.016122,0.7102,0.0158,0.011172,<a href='/cvdata/assets/datafiles/press/UAKLLFmeanPress.txt' target='_blank'>PvsT</a>,-,-,-,-,-,-,-,-,-,-,-
854,21,975,22.8,0.090ks-a,N60304,150,>4,v0b,363,Sandia,UAXLDFLASRFB,1-Feb-17,<a href='/cvdata/assets/datafiles/readme/UAXLDFLASRFB.txt' target='_blank'>Readme</a>,-,21,-,O2 = 21; N2 = 69.33; CO2 = 6.11; H2O = 3.56;,-,29.47,975.25,3.53,2.4961,-,-,-,-,-,-,-,6.34,1.0156,1.77E-05,-,-,-,-,-,151.4,0.1,0,1600; 440-460,-,-,-,-,-,-,-,-,>4,-,-,-,-,-,-,-,-,-,-,-,-,-,-,-,-,-,9.8; <a href='/cvdata/assets/datafiles/liq/UAXLDF_avg_LiqPen.txt' target='_blank'>UAXLDF_avg_LiqPen.txt</a>,0.1,0.070711,16.91,0.473,0.33446,0.3623,0.0093,0.0065761,0.3495,0.0142,0.010041,<a href='/cvdata/assets/datafiles/press/UAXLDFmeanPress.txt' target='_blank'>PvsT</a>,-,-,-,-,-,-,-,-,-,-,-
855,21,925,22.8,0.090ks-a,N60304,80,>4,v0b,363,Sandia,UAXLLFLASRFB,1-Feb-17,<a href='/cvdata/assets/datafiles/readme/UAXLLFLASRFB.txt' target='_blank'>Readme</a>,-,21,-,O2 = 21; N2 = 69.33; CO2 = 6.11; H2O = 3.56;,-,29.47,928.16,5.28,3.0484,-,-,-,-,-,-,-,6.02,1.0151,2.08E-05,-,-,-,-,-,81.2,0.1,0,1600; 440-460,-,-,-,-,-,-,-,-,>4,-,-,-,-,-,-,-,-,-,-,-,-,-,-,-,-,-,10.87; <a href='/cvdata/assets/datafiles/liq/UAXLLF_avg_LiqPen.txt' target='_blank'>UAXLLF_avg_LiqPen.txt</a>,0.36,0.20785,16.615,0.902,0.52077,0.6003,0.0895,0.051673,0.5692,0.0896,0.051731,<a href='/cvdata/assets/datafiles/press/UAXLLFmeanPress.txt' target='_blank'>PvsT</a>,-,-,-,-,-,-,-,-,-,-,-
856,15,1050,22.8,0.090ks-a,N60304,150,>4,v0b,363,Sandia,UJHLDFLASRFB,1-Feb-17,<a href='/cvdata/assets/datafiles/readme/UJHLDFLASRFB.txt' target='_blank'>Readme</a>,-,15,-,O2 = 15; N2 = 75.15; CO2 = 6.22; H2O = 3.62;,-,29.24,1051.61,4.56,3.2244,-,-,-,-,-,-,-,6.89,1.0165,1.70E-05,-,-,-,-,-,151.1,0.1,0.1,1050,-,-,-,-,-,-,-,-,>4,-,-,-,-,-,-,-,-,-,-,-,-,-,-,-,-,-,8.7; <a href='/cvdata/assets/datafiles/liq/UJHLDF_avg_LiqPen.txt' target='_blank'>UJHLDF_avg_LiqPen.txt</a>,0.35,0.24749,16.788,0.183,0.1294,0.3888,0.0387,0.027365,0.3746,0.0261,0.018455,<a href='/cvdata/assets/datafiles/press/UJHLDFmeanPress.txt' target='_blank'>PvsT</a>,-,-,-,-,-,-,-,-,-,-,-
857,15,1050,22.8,0.090ks-a,N60304,80,>4,v0b,363,Sandia,UJHLLFLASRFB,1-Feb-17,<a href='/cvdata/assets/datafiles/readme/UJHLLFLASRFB.txt' target='_blank'>Readme</a>,-,15,-,O2 = 15; N2 = 75.15; CO2 = 6.22; H2O = 3.62;,-,29.24,1050.04,3.19,2.2557,-,-,-,-,-,-,-,6.89,1.0165,7.07E-06,-,-,-,-,-,80.9,0.1,0,1050,-,-,-,-,-,-,-,-,>4,-,-,-,-,-,-,-,-,-,-,-,-,-,-,-,-,-,8.75; <a href='/cvdata/assets/datafiles/liq/UJHLLF_avg_LiqPen.txt' target='_blank'>UJHLLF_avg_LiqPen.txt</a>,0.27,0.19092,14.722,0.636,0.44972,0.4124,0.0333,0.023547,0.3997,0.0381,0.026941,<a href='/cvdata/assets/datafiles/press/UJHLLFmeanPress.txt' target='_blank'>PvsT</a>,-,-,-,-,-,-,-,-,-,-,-
858,15,1000,22.8,0.090ks-a,N60304,150,>4,v0b,363,Sandia,UJILDFLASRFB,1-Feb-17,<a href='/cvdata/assets/datafiles/readme/UJILDFLASRFB.txt' target='_blank'>Readme</a>,-,15,-,O2 = 15; N2 = 75.15; CO2 = 6.22; H2O = 3.62;,-,29.24,999.03,2.32,1.6405,-,-,-,-,-,-,-,6.55,1.0161,8.49E-06,-,-,-,-,-,151,0.3,0.2,1000,-,-,-,-,-,-,-,-,>4,-,-,-,-,-,-,-,-,-,-,-,-,-,-,-,-,-,9.28; <a href='/cvdata/assets/datafiles/liq/UJILDF_avg_LiqPen.txt' target='_blank'>UJILDF_avg_LiqPen.txt</a>,0.2,0.14142,20.434,0.906,0.64064,0.4761,0.0294,0.020789,0.4664,0.0331,0.023405,<a href='/cvdata/assets/datafiles/press/UJILDFmeanPress.txt' target='_blank'>PvsT</a>,-,-,-,-,-,-,-,-,-,-,-
859,15,1000,22.8,0.090ks-a,N60304,80,>4,v0b,363,Sandia,UJILLFLASRFB,1-Feb-17,<a href='/cvdata/assets/datafiles/readme/UJILLFLASRFB.txt' target='_blank'>Readme</a>,-,15,-,O2 = 15; N2 = 75.15; CO2 = 6.22; H2O = 3.62;,-,29.24,998.65,5.78,4.0871,-,-,-,-,-,-,-,6.54,1.0161,2.26E-05,-,-,-,-,-,80.9,0.1,0.1,1000,-,-,-,-,-,-,-,-,>4,-,-,-,-,-,-,-,-,-,-,-,-,-,-,-,-,-,9.51; <a href='/cvdata/assets/datafiles/liq/UJILLF_avg_LiqPen.txt' target='_blank'>UJILLF_avg_LiqPen.txt</a>,0.1,0.070711,16.753,0.495,0.35002,0.5027,0.0294,0.020789,0.4912,0.0449,0.031749,<a href='/cvdata/assets/datafiles/press/UJILLFmeanPress.txt' target='_blank'>PvsT</a>,-,-,-,-,-,-,-,-,-,-,-
860,15,950,22.8,0.090ks-a,N60304,150,>4,v0b,363,Sandia,UJJLDFLASRFB,1-Feb-17,<a href='/cvdata/assets/datafiles/readme/UJJLDFLASRFB.txt' target='_blank'>Readme</a>,-,15,-,O2 = 15; N2 = 75.15; CO2 = 6.22; H2O = 3.62;,-,29.24,950.17,4.06,2.8709,-,-,-,-,-,-,-,6.23,1.0157,2.19E-05,-,-,-,-,-,150.9,0.2,0.2,950,-,-,-,-,-,-,-,-,>4,-,-,-,-,-,-,-,-,-,-,-,-,-,-,-,-,-,9.91; <a href='/cvdata/assets/datafiles/liq/UJJLDF_avg_LiqPen.txt' target='_blank'>UJJLDF_avg_LiqPen.txt</a>,0.17,0.12021,25.434,0.659,0.46598,0.6686,0.0533,0.037689,0.591,0.0624,0.044123,<a href='/cvdata/assets/datafiles/press/UJJLDFmeanPress.txt' target='_blank'>PvsT</a>,-,-,-,-,-,-,-,-,-,-,-
861,15,950,22.8,0.090ks-a,N60304,80,>4,v0b,363,Sandia,UJJLLFLASRFB,1-Feb-17,<a href='/cvdata/assets/datafiles/readme/UJJLLFLASRFB.txt' target='_blank'>Readme</a>,-,15,-,O2 = 15; N2 = 75.15; CO2 = 6.22; H2O = 3.62;,-,29.24,954.43,1.54,1.0889,-,-,-,-,-,-,-,6.24,1.0157,1.20E-05,-,-,-,-,-,81.9,1.1,0.8,950,-,-,-,-,-,-,-,-,>4,-,-,-,-,-,-,-,-,-,-,-,-,-,-,-,-,-,10.38; <a href='/cvdata/assets/datafiles/liq/UJJLLF_avg_LiqPen.txt' target='_blank'>UJJLLF_avg_LiqPen.txt</a>,0.2,0.14142,20.938,0.653,0.46174,0.7023,0.0365,0.025809,0.6497,0.0318,0.022486,<a href='/cvdata/assets/datafiles/press/UJJLLFmeanPress.txt' target='_blank'>PvsT</a>,-,-,-,-,-,-,-,-,-,-,-
862,15,900,22.8,0.090ks-a,N60304,150,>4,v0b,363,Sandia,UJKLDFLASRFB,1-Feb-17,<a href='/cvdata/assets/datafiles/readme/UJKLDFLASRFB.txt' target='_blank'>Readme</a>,-,15,-,O2 = 15; N2 = 75.15; CO2 = 6.22; H2O = 3.62;,-,29.24,899.55,1.14,0.8061,-,-,-,-,-,-,-,5.89,1.0152,7.07E-06,-,-,-,-,-,151.1,0,0,900,-,-,-,-,-,-,-,-,>4,-,-,-,-,-,-,-,-,-,-,-,-,-,-,-,-,-,10.9; <a href='/cvdata/assets/datafiles/liq/UJKLDF_avg_LiqPen.txt' target='_blank'>UJKLDF_avg_LiqPen.txt</a>,0.27,0.19092,32.934,2.205,1.5592,0.9219,0.0563,0.03981,0.866,0.0662,0.04681,<a href='/cvdata/assets/datafiles/press/UJKLDFmeanPress.txt' target='_blank'>PvsT</a>,-,-,-,-,-,-,-,-,-,-,-
863,15,900,22.8,0.090ks-a,N60304,80,>4,v0b,363,Sandia,UJKLLFLASRFB,1-Feb-17,<a href='/cvdata/assets/datafiles/readme/UJKLLFLASRFB.txt' target='_blank'>Readme</a>,-,15,-,O2 = 15; N2 = 75.15; CO2 = 6.22; H2O = 3.62;,-,29.24,901.58,4.69,2.7078,-,-,-,-,-,-,-,5.9,1.0152,2.08E-05,-,-,-,-,-,80.7,0.1,0.1,900,-,-,-,-,-,-,-,-,>4,-,-,-,-,-,-,-,-,-,-,-,-,-,-,-,-,-,11.57; <a href='/cvdata/assets/datafiles/liq/UJKLLF_avg_LiqPen.txt' target='_blank'>UJKLLF_avg_LiqPen.txt</a>,0.1,0.057735,28.242,2.267,1.3089,1.0411,0.0974,0.056234,0.9975,0.1012,0.058428,<a href='/cvdata/assets/datafiles/press/UJKLLFmeanPress.txt' target='_blank'>PvsT</a>,-,-,-,-,-,-,-,-,-,-,-
864,15,975,22.8,0.090ks-a,N60304,150,>4,v0b,363,Sandia,UJXLDFLASRFB,1-Feb-17,<a href='/cvdata/assets/datafiles/readme/UJXLDFLASRFB.txt' target='_blank'>Readme</a>,-,15,-,O2 = 15; N2 = 75.15; CO2 = 6.22; H2O = 3.62;,-,29.24,978.56,1.27,0.89803,-,-,-,-,-,-,-,6.41,1.0159,8.49E-06,-,-,-,-,-,151,0.1,0,1600; 440-460,-,-,-,-,-,-,-,-,>4,-,-,-,-,-,-,-,-,-,-,-,-,-,-,-,-,-,9.57; <a href='/cvdata/assets/datafiles/liq/UJXLDF_avg_LiqPen.txt' target='_blank'>UJXLDF_avg_LiqPen.txt</a>,0.17,0.12021,23.264,1.445,1.0218,0.5548,0.0507,0.03585,0.5243,0.0401,0.028355,<a href='/cvdata/assets/datafiles/press/UJXLDFmeanPress.txt' target='_blank'>PvsT</a>,-,-,-,-,-,-,-,-,-,-,-
865,15,925,22.8,0.090ks-a,N60304,80,>4,v0b,363,Sandia,UJXLLFLASRFB,1-Feb-17,<a href='/cvdata/assets/datafiles/readme/UJXLLFLASRFB.txt' target='_blank'>Readme</a>,-,15,-,O2 = 15; N2 = 75.15; CO2 = 6.22; H2O = 3.62;,-,29.24,927.13,2.51,1.4491,-,-,-,-,-,-,-,6.06,1.0155,7.51E-06,-,-,-,-,-,79.7,2.3,1.4,1600; 440-460,-,-,-,-,-,-,-,-,>4,-,-,-,-,-,-,-,-,-,-,-,-,-,-,-,-,-,10.74; <a href='/cvdata/assets/datafiles/liq/UJXLLF_avg_LiqPen.txt' target='_blank'>UJXLLF_avg_LiqPen.txt</a>,0.22,0.12702,22.76,1.394,0.80483,0.7305,0.0544,0.031408,0.7007,0.0542,0.031292,<a href='/cvdata/assets/datafiles/press/UJXLLFmeanPress.txt' target='_blank'>PvsT</a>,-,-,-,-,-,-,-,-,-,-,-
866,21,1050,22.8,0.090ks-a,N60304,150,>4,v1,363,Sandia,VAHLDFLASRFB,1-Feb-17,<a href='/cvdata/assets/datafiles/readme/VAHLDFLASRFB.txt' target='_blank'>Readme</a>,-,21,-,O2 = 21; N2 = 69.33; CO2 = 6.11; H2O = 3.56;,-,29.47,1050.34,7.5,5.3033,-,-,-,-,-,-,-,6.83,1.0161,2.69E-05,-,-,-,-,-,150.6,0.8,0.6,1050,-,-,-,-,-,-,-,-,>4,-,-,-,-,-,-,-,-,-,-,-,-,-,-,-,-,-,8.35; <a href='/cvdata/assets/datafiles/liq/VAHLDF_avg_LiqPen.txt' target='_blank'>VAHLDF_avg_LiqPen.txt</a>,0,0,11.962,0.318,0.22486,0.2662,0.0242,0.017112,0.2539,0.0193,0.013647,<a href='/cvdata/assets/datafiles/press/VAHLDFmeanPress.txt' target='_blank'>PvsT</a>,-,-,-,-,-,-,-,-,-,-,-
867,21,1050,22.8,0.090ks-a,N60304,80,>4,v1,363,Sandia,VAHLLFLASRFB,1-Feb-17,<a href='/cvdata/assets/datafiles/readme/VAHLLFLASRFB.txt' target='_blank'>Readme</a>,-,21,-,O2 = 21; N2 = 69.33; CO2 = 6.11; H2O = 3.56;,-,29.47,1046.92,1.65,1.1667,-,-,-,-,-,-,-,6.81,1.0161,7.07E-06,-,-,-,-,-,81.1,0,0,1050,-,-,-,-,-,-,-,-,>4,-,-,-,-,-,-,-,-,-,-,-,-,-,-,-,-,-,8.64; <a href='/cvdata/assets/datafiles/liq/VAHLLF_avg_LiqPen.txt' target='_blank'>VAHLLF_avg_LiqPen.txt</a>,0.1,0.070711,10.747,0.267,0.1888,0.2822,0.0124,0.0087681,0.2717,0.0167,0.011809,<a href='/cvdata/assets/datafiles/press/VAHLLFmeanPress.txt' target='_blank'>PvsT</a>,-,-,-,-,-,-,-,-,-,-,-
868,21,1000,22.8,0.090ks-a,N60304,150,>4,v1,363,Sandia,VAILDFLASRFB,1-Feb-17,<a href='/cvdata/assets/datafiles/readme/VAILDFLASRFB.txt' target='_blank'>Readme</a>,-,21,-,O2 = 21; N2 = 69.33; CO2 = 6.11; H2O = 3.56;,-,29.47,1002.75,1.22,0.86267,-,-,-,-,-,-,-,6.52,1.0158,7.07E-06,-,-,-,-,-,150.9,0.1,0.1,1000,-,-,-,-,-,-,-,-,>4,-,-,-,-,-,-,-,-,-,-,-,-,-,-,-,-,-,9.1; <a href='/cvdata/assets/datafiles/liq/VAILDF_avg_LiqPen.txt' target='_blank'>VAILDF_avg_LiqPen.txt</a>,0.2,0.14142,14.722,0.571,0.40376,0.3374,0.0098,0.0069296,0.3203,0.0074,0.0052326,<a href='/cvdata/assets/datafiles/press/VAILDFmeanPress.txt' target='_blank'>PvsT</a>,-,-,-,-,-,-,-,-,-,-,-
869,21,1000,22.8,0.090ks-a,N60304,80,>4,v1,363,Sandia,VAILLFLASRFB,1-Feb-17,<a href='/cvdata/assets/datafiles/readme/VAILLFLASRFB.txt' target='_blank'>Readme</a>,-,21,-,O2 = 21; N2 = 69.33; CO2 = 6.11; H2O = 3.56;,-,29.47,999.72,4.52,3.1961,-,-,-,-,-,-,-,6.5,1.0158,1.91E-05,-,-,-,-,-,81.1,0.1,0,1000,-,-,-,-,-,-,-,-,>4,-,-,-,-,-,-,-,-,-,-,-,-,-,-,-,-,-,9.39; <a href='/cvdata/assets/datafiles/liq/VAILLF_avg_LiqPen.txt' target='_blank'>VAILLF_avg_LiqPen.txt</a>,0,0,12.969,0.634,0.44831,0.3385,0.0312,0.022062,0.3287,0.029,0.020506,<a href='/cvdata/assets/datafiles/press/VAILLFmeanPress.txt' target='_blank'>PvsT</a>,-,-,-,-,-,-,-,-,-,-,-
870,21,950,22.8,0.090ks-a,N60304,150,>4,v1,363,Sandia,VAJLDFLASRFB,1-Feb-17,<a href='/cvdata/assets/datafiles/readme/VAJLDFLASRFB.txt' target='_blank'>Readme</a>,-,21,-,O2 = 21; N2 = 69.33; CO2 = 6.11; H2O = 3.56;,-,29.47,948.65,6.78,3.9144,-,-,-,-,-,-,-,6.16,1.0153,2.60E-05,-,-,-,-,-,151.7,1.2,0.7,950,-,-,-,-,-,-,-,-,>4,-,-,-,-,-,-,-,-,-,-,-,-,-,-,-,-,-,9.83; <a href='/cvdata/assets/datafiles/liq/VAJLDF_avg_LiqPen.txt' target='_blank'>VAJLDF_avg_LiqPen.txt</a>,0.1,0.057735,17.826,0.694,0.40068,0.4391,0.0257,0.014838,0.4223,0.0234,0.01351,<a href='/cvdata/assets/datafiles/press/VAJLDFmeanPress.txt' target='_blank'>PvsT</a>,-,-,-,-,-,-,-,-,-,-,-
871,21,950,22.8,0.090ks-a,N60304,80,>4,v1,363,Sandia,VAJLLFLASRFB,1-Feb-17,<a href='/cvdata/assets/datafiles/readme/VAJLLFLASRFB.txt' target='_blank'>Readme</a>,-,21,-,O2 = 21; N2 = 69.33; CO2 = 6.11; H2O = 3.56;,-,29.47,947.27,4.53,3.2032,-,-,-,-,-,-,-,6.15,1.0153,2.33E-05,-,-,-,-,-,81,0.1,0.1,950,-,-,-,-,-,-,-,-,>4,-,-,-,-,-,-,-,-,-,-,-,-,-,-,-,-,-,10.32; <a href='/cvdata/assets/datafiles/liq/VAJLLF_avg_LiqPen.txt' target='_blank'>VAJLLF_avg_LiqPen.txt</a>,0.1,0.070711,15.434,0.108,0.076368,0.4768,0.0348,0.024607,0.4663,0.0363,0.025668,<a href='/cvdata/assets/datafiles/press/VAJLLFmeanPress.txt' target='_blank'>PvsT</a>,-,-,-,-,-,-,-,-,-,-,-
872,21,900,22.8,0.090ks-a,N60304,150,>4,v1,363,Sandia,VAKLDFLASRFB,1-Feb-17,<a href='/cvdata/assets/datafiles/readme/VAKLDFLASRFB.txt' target='_blank'>Readme</a>,-,21,-,O2 = 21; N2 = 69.33; CO2 = 6.11; H2O = 3.56;,-,29.47,903.92,0.8,0.56569,-,-,-,-,-,-,-,5.87,1.0149,4.95E-06,-,-,-,-,-,150.8,0.2,0.1,900,-,-,-,-,-,-,-,-,>4,-,-,-,-,-,-,-,-,-,-,-,-,-,-,-,-,-,10.67; <a href='/cvdata/assets/datafiles/liq/VAKLDF_avg_LiqPen.txt' target='_blank'>VAKLDF_avg_LiqPen.txt</a>,0.27,0.19092,22.257,0.759,0.53669,0.5566,0.0722,0.051053,0.5288,0.0618,0.043699,<a href='/cvdata/assets/datafiles/press/VAKLDFmeanPress.txt' target='_blank'>PvsT</a>,-,-,-,-,-,-,-,-,-,-,-
873,21,900,22.8,0.090ks-a,N60304,80,>4,v1,363,Sandia,VAKLLFLASRFB,1-Feb-17,<a href='/cvdata/assets/datafiles/readme/VAKLLFLASRFB.txt' target='_blank'>Readme</a>,-,21,-,O2 = 21; N2 = 69.33; CO2 = 6.11; H2O = 3.56;,-,29.47,906.65,3.07,1.7725,-,-,-,-,-,-,-,5.88,1.0149,1.15E-05,-,-,-,-,-,81.1,0,0,900,-,-,-,-,-,-,-,-,>4,-,-,-,-,-,-,-,-,-,-,-,-,-,-,-,-,-,11.17; <a href='/cvdata/assets/datafiles/liq/VAKLLF_avg_LiqPen.txt' target='_blank'>VAKLLF_avg_LiqPen.txt</a>,0.09,0.051962,19.336,0.461,0.26616,0.6049,0.0366,0.021131,0.5871,0.0395,0.022805,<a href='/cvdata/assets/datafiles/press/VAKLLFmeanPress.txt' target='_blank'>PvsT</a>,-,-,-,-,-,-,-,-,-,-,-
874,21,975,22.8,0.090ks-a,N60304,150,>4,v1,363,Sandia,VAXLDFLASRFB,1-Feb-17,<a href='/cvdata/assets/datafiles/readme/VAXLDFLASRFB.txt' target='_blank'>Readme</a>,-,21,-,O2 = 21; N2 = 69.33; CO2 = 6.11; H2O = 3.56;,-,29.47,977.51,7.91,4.5668,-,-,-,-,-,-,-,6.35,1.0156,3.06E-05,-,-,-,-,-,151,0.3,0.2,1600; 440-460,-,-,-,-,-,-,-,-,>4,-,-,-,-,-,-,-,-,-,-,-,-,-,-,-,-,-,9.35; <a href='/cvdata/assets/datafiles/liq/VAXLDF_avg_LiqPen.txt' target='_blank'>VAXLDF_avg_LiqPen.txt</a>,0.17,0.09815,15.534,0.4,0.23094,0.3771,0.0139,0.0080252,0.359,0.0062,0.0035796,<a href='/cvdata/assets/datafiles/press/VAXLDFmeanPress.txt' target='_blank'>PvsT</a>,-,-,-,-,-,-,-,-,-,-,-
875,21,925,22.8,0.090ks-a,N60304,80,>4,v1,363,Sandia,VAXLLFLASRFB,1-Feb-17,<a href='/cvdata/assets/datafiles/readme/VAXLLFLASRFB.txt' target='_blank'>Readme</a>,-,21,-,O2 = 21; N2 = 69.33; CO2 = 6.11; H2O = 3.56;,-,29.47,926.23,6.17,4.3628,-,-,-,-,-,-,-,6.02,1.0151,3.18E-05,-,-,-,-,-,81.1,0.1,0,1600; 440-460,-,-,-,-,-,-,-,-,>4,-,-,-,-,-,-,-,-,-,-,-,-,-,-,-,-,-,10.78; <a href='/cvdata/assets/datafiles/liq/VAXLLF_avg_LiqPen.txt' target='_blank'>VAXLLF_avg_LiqPen.txt</a>,0.3,0.21213,17.344,0.994,0.70286,0.5524,0.0477,0.033729,0.5162,0.0381,0.026941,<a href='/cvdata/assets/datafiles/press/VAXLLFmeanPress.txt' target='_blank'>PvsT</a>,-,-,-,-,-,-,-,-,-,-,-
876,15,1050,22.8,0.090ks-a,N60304,150,>4,v1,363,Sandia,VJHLDFLASRFB,1-Feb-17,<a href='/cvdata/assets/datafiles/readme/VJHLDFLASRFB.txt' target='_blank'>Readme</a>,-,15,-,O2 = 15; N2 = 75.15; CO2 = 6.22; H2O = 3.62;,-,29.24,1054.22,4.18,2.9557,-,-,-,-,-,-,-,6.91,1.0165,1.48E-05,-,-,-,-,-,151,0.2,0.2,1050,-,-,-,-,-,-,-,-,>4,-,-,-,-,-,-,-,-,-,-,-,-,-,-,-,-,-,8.29; <a href='/cvdata/assets/datafiles/liq/VJHLDF_avg_LiqPen.txt' target='_blank'>VJHLDF_avg_LiqPen.txt</a>,0.1,0.070711,15.399,0.262,0.18526,0.3498,0.0096,0.0067882,0.3455,0.0145,0.010253,<a href='/cvdata/assets/datafiles/press/VJHLDFmeanPress.txt' target='_blank'>PvsT</a>,-,-,-,-,-,-,-,-,-,-,-
877,15,1050,22.8,0.090ks-a,N60304,80,>4,v1,363,Sandia,VJHLLFLASRFB,1-Feb-17,<a href='/cvdata/assets/datafiles/readme/VJHLLFLASRFB.txt' target='_blank'>Readme</a>,-,15,-,O2 = 15; N2 = 75.15; CO2 = 6.22; H2O = 3.62;,-,29.24,1049.15,2.41,1.7041,-,-,-,-,-,-,-,6.88,1.0165,4.95E-06,-,-,-,-,-,81.5,0,0,1050,-,-,-,-,-,-,-,-,>4,-,-,-,-,-,-,-,-,-,-,-,-,-,-,-,-,-,8.41; <a href='/cvdata/assets/datafiles/liq/VJHLLF_avg_LiqPen.txt' target='_blank'>VJHLLF_avg_LiqPen.txt</a>,0.27,0.19092,14.01,0.454,0.32103,0.3533,0.0205,0.014496,0.3512,0.0315,0.022274,<a href='/cvdata/assets/datafiles/press/VJHLLFmeanPress.txt' target='_blank'>PvsT</a>,-,-,-,-,-,-,-,-,-,-,-
878,15,1000,22.8,0.090ks-a,N60304,150,>4,v1,363,Sandia,VJILDFLASRFB,1-Feb-17,<a href='/cvdata/assets/datafiles/readme/VJILDFLASRFB.txt' target='_blank'>Readme</a>,-,15,-,O2 = 15; N2 = 75.15; CO2 = 6.22; H2O = 3.62;,-,29.24,1002.43,1.68,0.96995,-,-,-,-,-,-,-,6.56,1.0161,9.82E-06,-,-,-,-,-,151.1,0.2,0.1,1000,-,-,-,-,-,-,-,-,>4,-,-,-,-,-,-,-,-,-,-,-,-,-,-,-,-,-,9.04; <a href='/cvdata/assets/datafiles/liq/VJILDF_avg_LiqPen.txt' target='_blank'>VJILDF_avg_LiqPen.txt</a>,0.14,0.080829,19.076,0.838,0.48382,0.441,0.0161,0.0092953,0.4276,0.0118,0.0068127,<a href='/cvdata/assets/datafiles/press/VJILDFmeanPress.txt' target='_blank'>PvsT</a>,-,-,-,-,-,-,-,-,-,-,-
879,15,1000,22.8,0.090ks-a,N60304,80,>4,v1,363,Sandia,VJILLFLASRFB,1-Feb-17,<a href='/cvdata/assets/datafiles/readme/VJILLFLASRFB.txt' target='_blank'>Readme</a>,-,15,-,O2 = 15; N2 = 75.15; CO2 = 6.22; H2O = 3.62;,-,29.24,998.12,1.65,1.1667,-,-,-,-,-,-,-,6.54,1.0161,1.13E-05,-,-,-,-,-,81.6,0.1,0,1000,-,-,-,-,-,-,-,-,>4,-,-,-,-,-,-,-,-,-,-,-,-,-,-,-,-,-,9.22; <a href='/cvdata/assets/datafiles/liq/VJILLF_avg_LiqPen.txt' target='_blank'>VJILLF_avg_LiqPen.txt</a>,0,0,17.396,1.16,0.82024,0.4884,0.0111,0.0078489,0.476,0.0023,0.0016263,<a href='/cvdata/assets/datafiles/press/VJILLFmeanPress.txt' target='_blank'>PvsT</a>,-,-,-,-,-,-,-,-,-,-,-
880,15,950,22.8,0.090ks-a,N60304,150,>4,v1,363,Sandia,VJJLDFLASRFB,1-Feb-17,<a href='/cvdata/assets/datafiles/readme/VJJLDFLASRFB.txt' target='_blank'>Readme</a>,-,15,-,O2 = 15; N2 = 75.15; CO2 = 6.22; H2O = 3.62;,-,29.24,950.18,1.56,0.90067,-,-,-,-,-,-,-,6.22,1.0157,1.15E-05,-,-,-,-,-,150,2.5,1.5,950,-,-,-,-,-,-,-,-,>4,-,-,-,-,-,-,-,-,-,-,-,-,-,-,-,-,-,9.7; <a href='/cvdata/assets/datafiles/liq/VJJLDF_avg_LiqPen.txt' target='_blank'>VJJLDF_avg_LiqPen.txt</a>,0.26,0.15011,24.154,1.047,0.60449,0.6256,0.0047,0.0027135,0.5807,0.0161,0.0092953,<a href='/cvdata/assets/datafiles/press/VJJLDFmeanPress.txt' target='_blank'>PvsT</a>,-,-,-,-,-,-,-,-,-,-,-
881,15,950,22.8,0.090ks-a,N60304,80,>4,v1,363,Sandia,VJJLLFLASRFB,1-Feb-17,<a href='/cvdata/assets/datafiles/readme/VJJLLFLASRFB.txt' target='_blank'>Readme</a>,-,15,-,O2 = 15; N2 = 75.15; CO2 = 6.22; H2O = 3.62;,-,29.24,951.82,8.9,3.9802,-,-,-,-,-,-,-,6.22,1.0157,2.68E-05,-,-,-,-,-,81.7,0.6,0.2,950,-,-,-,-,-,-,-,-,>4,-,-,-,-,-,-,-,-,-,-,-,-,-,-,-,-,-,10.26; <a href='/cvdata/assets/datafiles/liq/VJJLLF_avg_LiqPen.txt' target='_blank'>VJJLLF_avg_LiqPen.txt</a>,0.27,0.135,20.635,1.033,0.5165,0.6537,0.0515,0.023032,0.6348,0.0634,0.0317,<a href='/cvdata/assets/datafiles/press/VJJLLFmeanPress.txt' target='_blank'>PvsT</a>,-,-,-,-,-,-,-,-,-,-,-
882,15,950,22.8,0.090ks-a,N60304,-,>4,v1,363,Sandia,VJJLPFLASRFB,1-Feb-17,<a href='/cvdata/assets/datafiles/readme/VJJLPFLASRFB.txt' target='_blank'>Readme</a>,-,15,-,O2 = 15; N2 = 75.15; CO2 = 6.22; H2O = 3.62;,-,29.24,951.56,0,-,-,-,-,-,-,-,-,6.23,1.0157,-,-,-,-,-,-,122.1,0,-,950,-,-,-,-,-,-,-,-,>4,-,-,-,-,-,-,-,-,-,-,-,-,-,-,-,-,-,9.91; <a href='/cvdata/assets/datafiles/liq/VJJLPF_avg_LiqPen.txt' target='_blank'>VJJLPF_avg_LiqPen.txt</a>,0,-,23.333,0,-,0.6286,0,-,0.6039,0,-,<a href='/cvdata/assets/datafiles/press/VJJLPFmeanPress.txt' target='_blank'>PvsT</a>,-,-,-,-,-,-,-,-,-,-,-
883,15,900,22.8,0.090ks-a,N60304,150,>4,v1,363,Sandia,VJKLDFLASRFB,1-Feb-17,<a href='/cvdata/assets/datafiles/readme/VJKLDFLASRFB.txt' target='_blank'>Readme</a>,-,15,-,O2 = 15; N2 = 75.15; CO2 = 6.22; H2O = 3.62;,-,29.24,902.09,7.69,3.845,-,-,-,-,-,-,-,5.9,1.0152,3.15E-05,-,-,-,-,-,151.2,0.1,0.1,900,-,-,-,-,-,-,-,-,>4,-,-,-,-,-,-,-,-,-,-,-,-,-,-,-,-,-,10.71; <a href='/cvdata/assets/datafiles/liq/VJKLDF_avg_LiqPen.txt' target='_blank'>VJKLDF_avg_LiqPen.txt</a>,0.47,0.235,31.781,0.93,0.465,0.8765,0.0436,0.0218,0.7936,0.0541,0.02705,<a href='/cvdata/assets/datafiles/press/VJKLDFmeanPress.txt' target='_blank'>PvsT</a>,-,-,-,-,-,-,-,-,-,-,-
884,15,900,22.8,0.090ks-a,N60304,80,>4,v1,363,Sandia,VJKLLFLASRFB,1-Feb-17,<a href='/cvdata/assets/datafiles/readme/VJKLLFLASRFB.txt' target='_blank'>Readme</a>,-,15,-,O2 = 15; N2 = 75.15; CO2 = 6.22; H2O = 3.62;,-,29.24,901.33,7.74,3.87,-,-,-,-,-,-,-,5.9,1.0152,3.10E-05,-,-,-,-,-,81.5,0.1,0,900,-,-,-,-,-,-,-,-,>4,-,-,-,-,-,-,-,-,-,-,-,-,-,-,-,-,-,11.27; <a href='/cvdata/assets/datafiles/liq/VJKLLF_avg_LiqPen.txt' target='_blank'>VJKLLF_avg_LiqPen.txt</a>,0.26,0.13,26.104,1.319,0.6595,0.8777,0.0482,0.0241,0.8518,0.0357,0.01785,<a href='/cvdata/assets/datafiles/press/VJKLLFmeanPress.txt' target='_blank'>PvsT</a>,-,-,-,-,-,-,-,-,-,-,-
885,15,975,22.8,0.090ks-a,N60304,150,>4,v1,363,Sandia,VJXLDFLASRFB,1-Feb-17,<a href='/cvdata/assets/datafiles/readme/VJXLDFLASRFB.txt' target='_blank'>Readme</a>,-,15,-,O2 = 15; N2 = 75.15; CO2 = 6.22; H2O = 3.62;,-,29.24,977.18,1.19,0.84146,-,-,-,-,-,-,-,6.4,1.0159,1.34E-05,-,-,-,-,-,151.2,0,0,1600; 440-460,-,-,-,-,-,-,-,-,>4,-,-,-,-,-,-,-,-,-,-,-,-,-,-,-,-,-,9.51; <a href='/cvdata/assets/datafiles/liq/VJXLDF_avg_LiqPen.txt' target='_blank'>VJXLDF_avg_LiqPen.txt</a>,0.27,0.19092,21.094,0.921,0.65125,0.5222,0.0294,0.020789,0.4953,0.0314,0.022203,<a href='/cvdata/assets/datafiles/press/VJXLDFmeanPress.txt' target='_blank'>PvsT</a>,-,-,-,-,-,-,-,-,-,-,-
886,15,925,22.8,0.090ks-a,N60304,80,>4,v1,363,Sandia,VJXLLFLASRFB,1-Feb-17,<a href='/cvdata/assets/datafiles/readme/VJXLLFLASRFB.txt' target='_blank'>Readme</a>,-,15,-,O2 = 15; N2 = 75.15; CO2 = 6.22; H2O = 3.62;,-,29.24,925.91,4.05,1.5308,-,-,-,-,-,-,-,6.06,1.0155,9.07E-06,-,-,-,-,-,81.1,0.4,0.2,1600; 440-460,-,-,-,-,-,-,-,-,>4,-,-,-,-,-,-,-,-,-,-,-,-,-,-,-,-,-,10.78; <a href='/cvdata/assets/datafiles/liq/VJXLLF_avg_LiqPen.txt' target='_blank'>VJXLLF_avg_LiqPen.txt</a>,0.37,0.13985,22.669,1.129,0.42672,0.74109,0.099,0.037418,0.6997,0.0863,0.032618,<a href='/cvdata/assets/datafiles/press/VJXLLFmeanPress.txt' target='_blank'>PvsT</a>,-,-,-,-,-,-,-,-,-,-,-
887,15,1200,22.8,0.090ks-a,A210370,150,>4,nC12,363,Sandia,AJELDNLASRFA,1-Jan-17,<a href='/cvdata/assets/datafiles/readme/AJELDNLASRFA.txt' target='_blank'>Readme</a>,-,15,-,O2 = 15; N2 = 75.15; CO2 = 6.22; H2O = 3.62;,-,29.24,1199.5,3.81,2.6941,-,-,-,-,-,-,-,7.87,1.0174,7.07E-06,-,-,-,-,-,149,0.7,0.5,363,-,-,-,-,-,-,-,-,>4,-,-,-,-,-,-,-,-,-,-,-,-,-,-,-,-,-,6.37; <a href='/cvdata/assets/datafiles/liq/AJELDN_avg_LiqPen.txt' target='_blank'>AJELDN_avg_LiqPen.txt</a>,0.13,0.091924,7.222,0.246,0.17395,0.1136,0.0158,0.011172,0.1262,0.0115,0.0081317,<a href='/cvdata/assets/datafiles/press/AJELDNmeanPress.txt' target='_blank'>PvsT</a>,-,-,-,-,-,-,-,-,<a href='/cvdata/assets/datafiles/soot/AJELDNLASRFA_soot.txt' target='_blank'>Soot Mass</a>; <a href='/cvdata/assets/datafiles/soot/AJELDNLASRFA.tif' target='_blank'>Quasi-Steady KL</a>; <a href='/cvdata/assets/datafiles/soot/AJELDNLASRFA_x.txt' target='_blank'>x-data</a>; <a href='/cvdata/assets/datafiles/soot/AJELDNLASRFA_r.txt' target='_blank'>r-data</a>; max KL: 2.8051,-,-
888,15,1100,22.8,0.090ks-a,A210370,150,>4,nC12,363,Sandia,AJGLDNLASRFA,1-Jan-17,<a href='/cvdata/assets/datafiles/readme/AJGLDNLASRFA.txt' target='_blank'>Readme</a>,-,15,-,O2 = 15; N2 = 75.15; CO2 = 6.22; H2O = 3.62;,-,29.24,1103.06,2.27,1.135,-,-,-,-,-,-,-,7.23,1.0168,3.50E-06,-,-,-,-,-,148.5,1.2,0.6,363,-,-,-,-,-,-,-,-,>4,-,-,-,-,-,-,-,-,-,-,-,-,-,-,-,-,-,7.06; <a href='/cvdata/assets/datafiles/liq/AJGLDN_avg_LiqPen.txt' target='_blank'>AJGLDN_avg_LiqPen.txt</a>,0.11,0.055,9.24,0.267,0.1335,0.1568,0.0075,0.00375,0.1676,0.0109,0.00545,<a href='/cvdata/assets/datafiles/press/AJGLDNmeanPress.txt' target='_blank'>PvsT</a>,-,-,-,-,-,-,-,-,<a href='/cvdata/assets/datafiles/soot/AJGLDNLASRFA_soot.txt' target='_blank'>Soot Mass</a>; <a href='/cvdata/assets/datafiles/soot/AJGLDNLASRFA.tif' target='_blank'>Quasi-Steady KL</a>; <a href='/cvdata/assets/datafiles/soot/AJGLDNLASRFA_x.txt' target='_blank'>x-data</a>; <a href='/cvdata/assets/datafiles/soot/AJGLDNLASRFA_r.txt' target='_blank'>r-data</a>; max KL: 2.0385,-,-
889,15,1000,22.8,0.090ks-a,A210370,150,>4,nC12,363,Sandia,AJILDNLASRFA,1-Jan-17,<a href='/cvdata/assets/datafiles/readme/AJILDNLASRFA.txt' target='_blank'>Readme</a>,-,15,-,O2 = 15; N2 = 75.15; CO2 = 6.22; H2O = 3.62;,-,29.24,1001.65,2.55,1.275,-,-,-,-,-,-,-,6.56,1.0161,7.50E-06,-,-,-,-,-,148.6,1.1,0.5,363,-,-,-,-,-,-,-,-,>4,-,-,-,-,-,-,-,-,-,-,-,-,-,-,-,-,-,8.03; <a href='/cvdata/assets/datafiles/liq/AJILDN_avg_LiqPen.txt' target='_blank'>AJILDN_avg_LiqPen.txt</a>,0.13,0.065,12.427,0.262,0.131,0.2353,0.0052,0.0026,0.2557,0.0091,0.00455,<a href='/cvdata/assets/datafiles/press/AJILDNmeanPress.txt' target='_blank'>PvsT</a>,-,-,-,-,-,-,-,-,<a href='/cvdata/assets/datafiles/soot/AJILDNLASRFA_soot.txt' target='_blank'>Soot Mass</a>; <a href='/cvdata/assets/datafiles/soot/AJILDNLASRFA.tif' target='_blank'>Quasi-Steady KL</a>; <a href='/cvdata/assets/datafiles/soot/AJILDNLASRFA_x.txt' target='_blank'>x-data</a>; <a href='/cvdata/assets/datafiles/soot/AJILDNLASRFA_r.txt' target='_blank'>r-data</a>; max KL: 1.143,-,-
890,15,900,22.8,0.090ks-a,A210370,150,>4,nC12,363,Sandia,AJKLDNLASRFA,1-Jan-17,<a href='/cvdata/assets/datafiles/readme/AJKLDNLASRFA.txt' target='_blank'>Readme</a>,-,15,-,O2 = 15; N2 = 75.15; CO2 = 6.22; H2O = 3.62;,-,29.24,902.06,2.42,0.37341,-,-,-,-,-,-,-,5.9,1.0152,3.55E-06,-,-,-,-,-,148.8,1.1,0.2,363,-,-,-,-,-,-,-,-,>4,-,-,-,-,-,-,-,-,-,-,-,-,-,-,-,-,-,9.6; <a href='/cvdata/assets/datafiles/liq/AJKLDN_avg_LiqPen.txt' target='_blank'>AJKLDN_avg_LiqPen.txt</a>,0.31,0.047834,17.664,0.888,0.13868,0.428,0.0679,0.010477,0.4206,0.0392,0.006122,<a href='/cvdata/assets/datafiles/press/AJKLDNmeanPress.txt' target='_blank'>PvsT</a>,-,-,-,-,-,-,-,-,<a href='/cvdata/assets/datafiles/soot/AJKLDNLASRFA_soot.txt' target='_blank'>Soot Mass</a>; <a href='/cvdata/assets/datafiles/soot/AJKLDNLASRFA.tif' target='_blank'>Quasi-Steady KL</a>; <a href='/cvdata/assets/datafiles/soot/AJKLDNLASRFA_x.txt' target='_blank'>x-data</a>; <a href='/cvdata/assets/datafiles/soot/AJKLDNLASRFA_r.txt' target='_blank'>r-data</a>; max KL: 0.32383,-,-
891,15,900,22.8,0.090ks-a,A210370,100,>4,nC12,363,Sandia,AJKLFNLASRFA,1-Jan-17,<a href='/cvdata/assets/datafiles/readme/AJKLFNLASRFA.txt' target='_blank'>Readme</a>,-,15,-,O2 = 15; N2 = 75.15; CO2 = 6.22; H2O = 3.62;,-,29.24,900.29,1.76,0.88,-,-,-,-,-,-,-,5.9,1.0152,8.00E-06,-,-,-,-,-,102.3,0.4,0.2,363,-,-,-,-,-,-,-,-,>4,-,-,-,-,-,-,-,-,-,-,-,-,-,-,-,-,-,9.73; <a href='/cvdata/assets/datafiles/liq/AJKLFN_avg_LiqPen.txt' target='_blank'>AJKLFN_avg_LiqPen.txt</a>,0.17,0.085,15.885,0.325,0.1625,0.4667,0.0321,0.01605,0.4556,0.0387,0.01935,<a href='/cvdata/assets/datafiles/press/AJKLFNmeanPress.txt' target='_blank'>PvsT</a>,-,-,-,-,-,-,-,-,<a href='/cvdata/assets/datafiles/soot/AJKLFNLASRFA_soot.txt' target='_blank'>Soot Mass</a>; <a href='/cvdata/assets/datafiles/soot/AJKLFNLASRFA.tif' target='_blank'>Quasi-Steady KL</a>; <a href='/cvdata/assets/datafiles/soot/AJKLFNLASRFA_x.txt' target='_blank'>x-data</a>; <a href='/cvdata/assets/datafiles/soot/AJKLFNLASRFA_r.txt' target='_blank'>r-data</a>; max KL: 0.60392,-,-
892,15,900,22.8,0.090ks-a,A210370,-,>4,nC12,363,Sandia,AJKLRNLASRFA,1-Jan-17,<a href='/cvdata/assets/datafiles/readme/AJKLRNLASRFA.txt' target='_blank'>Readme</a>,-,15,-,O2 = 15; N2 = 75.15; CO2 = 6.22; H2O = 3.62;,-,29.24,900.15,0.91,0.455,-,-,-,-,-,-,-,5.89,1.0152,7.50E-06,-,-,-,-,-,51.4,0,0,363,-,-,-,-,-,-,-,-,>4,-,-,-,-,-,-,-,-,-,-,-,-,-,-,-,-,-,9.96; <a href='/cvdata/assets/datafiles/liq/AJKLRN_avg_LiqPen.txt' target='_blank'>AJKLRN_avg_LiqPen.txt</a>,0.14,0.07,13.219,0.715,0.3575,0.5014,0.0482,0.0241,0.4757,0.0434,0.0217,<a href='/cvdata/assets/datafiles/press/AJKLRNmeanPress.txt' target='_blank'>PvsT</a>,-,-,-,-,-,-,-,-,<a href='/cvdata/assets/datafiles/soot/AJKLRNLASRFA_soot.txt' target='_blank'>Soot Mass</a>; <a href='/cvdata/assets/datafiles/soot/AJKLRNLASRFA.tif' target='_blank'>Quasi-Steady KL</a>; <a href='/cvdata/assets/datafiles/soot/AJKLRNLASRFA_x.txt' target='_blank'>x-data</a>; <a href='/cvdata/assets/datafiles/soot/AJKLRNLASRFA_r.txt' target='_blank'>r-data</a>; max KL: 1.6537,-,-
893,15,850,22.8,0.090ks-a,A210370,150,>4,nC12,363,Sandia,AJLLDNLASRFA,1-Jan-17,<a href='/cvdata/assets/datafiles/readme/AJLLDNLASRFA.txt' target='_blank'>Readme</a>,-,15,-,O2 = 15; N2 = 75.15; CO2 = 6.22; H2O = 3.62;,-,29.24,852.01,1.02,0.51,-,-,-,-,-,-,-,5.57,1.0147,9.00E-06,-,-,-,-,-,149.1,1.1,0.6,363,-,-,-,-,-,-,-,-,>4,-,-,-,-,-,-,-,-,-,-,-,-,-,-,-,-,-,10.62; <a href='/cvdata/assets/datafiles/liq/AJLLDN_avg_LiqPen.txt' target='_blank'>AJLLDN_avg_LiqPen.txt</a>,0.07,0.035,23.302,0.785,0.3925,0.8078,0.095,0.0475,0.7437,0.0686,0.0343,<a href='/cvdata/assets/datafiles/press/AJLLDNmeanPress.txt' target='_blank'>PvsT</a>,-,-,-,-,-,-,-,-,<a href='/cvdata/assets/datafiles/soot/AJLLDNLASRFA_soot.txt' target='_blank'>Soot Mass</a>; <a href='/cvdata/assets/datafiles/soot/AJLLDNLASRFA.tif' target='_blank'>Quasi-Steady KL</a>; <a href='/cvdata/assets/datafiles/soot/AJLLDNLASRFA_x.txt' target='_blank'>x-data</a>; <a href='/cvdata/assets/datafiles/soot/AJLLDNLASRFA_r.txt' target='_blank'>r-data</a>; max KL: 0.037812,-,-
894,0,900,22.8,0.090ks-a,A210370,150,>4,nC12,363,Sandia,ABKLDNLASRFA,6-May-15,<a href='/cvdata/assets/datafiles/liq/ABKLDN_liquid_readme.txt' target='_blank'>readme</a>,<a href='/data/liquid370/' target='_blank'>Liquid370 Data</a>,0,&plusmn;0.01,O2 = 0.00; N2 = 89.71; CO2 = 6.52; H2O = 3.77;,-,28.68, <a href= '/diesel-spray-combustion/sandia-cv/thermal-distribution/thermal-distribution-for-spray-a/' target='_blank'>Temp Distr</a>,-,-,-,-,-,-,-,-,-,-,-,-,-,-,-,-,-,-,-,-,-,-,-,-,-,-,-,-,-,>4,-,-,-,-,-,0.089; <a href= '/diesel-spray-combustion/sandia-cv/injector-characterization/2007-to-present/' target='_blank'>SprayA nozzle coefficients</a>,&plusmn;0.01,-,-,0.091,&plusmn;0.001,injector SN 210370; <a href= '/diesel-spray-combustion/target-condition/spray-a-nozzle-geometry/' target='_blank'>SprayA</a>,-,-,-,-,-,11.2; <a href='/cvdata/assets/datafiles/liq/ABKLDN_avg_LiqPen.txt' target='_blank'>ABKLDN_avg_LiqPen.txt</a>,-,-,-,-,-,-,-,-,-,-,-,-,-,-,-,-,-,-,-,-,-,<a href='/data/liquid370/' target='_BLANK'>Link to Movie Page</a>,-
895,15,1100,22.8,0.094k3-a,02C08031,150,3.5,nC12,363,Sandia,AJGLDKLASPIG,1-Jul-20,<a href='/cvdata/assets/datafiles/readme/AJGLDKLASPIG.txt' target='_blank'>Readme</a>,-,15,-,O2 = 15; N2 = 75.15; CO2 = 6.22; H2O = 3.62;,-,29.24,1098.02,2.04,1.02,-,-,22.67,0.010663,-,-,-,7.2,1.0168,7.00E-06,-,-,-,-,-,148.9,1.1,0.6,363,-,-,-,-,-,-,-,-,3.5,-,-,-,-,-,-,-,-,-,-,-,-,-,-,-,-,-,-,-,-,8.6,0.491,0.2455,-,-,-,0.118,0.0148,0.0074,-,-,-,-,-,-,-,-,-,-,-,<a href='/data/ajgldklaspig/' target='_blank'>Formaldehyde Measurements</a>
896,15,1000,22.8,0.094k3-a,02C08031,150,3.5,nC12,363,Sandia,AJILDKLASPIG,1-Jul-20,<a href='/cvdata/assets/datafiles/readme/AJILDKLASPIG.txt' target='_blank'>Readme</a>,-,15,-,O2 = 15; N2 = 75.15; CO2 = 6.22; H2O = 3.62;,-,29.24,994.96,3.13,1.3998,996,-,22.67,0.011958,-,22.77,-,6.52,1.0161,8.94E-06,-,-,-,-,-,148.9,1.2,0.5,363,-,-,-,-,-,-,-,-,3.5,-,-,-,-,-,-,-,-,-,-,-,-,-,-,-,-,-,<a href='/cvdata/assets/datafiles/liq/AJILDK_avg_LiqPen.txt' target='_blank'>AJILDK_avg_LiqPen.txt</a>,0.08,0.035777,10.798,0.477,0.21332,0.2537,0.0003,0.00013416,0.2583,0.0041,0.0018336,<a href='/cvdata/assets/datafiles/press/AJILDKmeanPress.txt' target='_blank'>PvsT</a>,-,-,-,-,-,-,-,-,-,-,<a href='/data/ajildklaspig/' target='_blank'>Formaldehyde Measurements</a>
897,15,900,22.8,0.094k3-a,02C08031,150,3.5,nC12,363,Sandia,AJKLDKLASPIG,1-Jul-20,<a href='/cvdata/assets/datafiles/readme/AJKLDKLASPIG.txt' target='_blank'>Readme</a>,-,15,-,O2 = 15; N2 = 75.15; CO2 = 6.22; H2O = 3.62;,-,29.24,900.01,9.9,4.95,901,-,22.67,0.016981,-,22.78,-,5.89,1.0152,3.80E-05,-,-,-,-,-,148.6,1.2,0.6,363,-,-,-,-,-,-,-,-,3.5,-,-,-,-,-,-,-,-,-,-,-,-,-,-,-,-,-,-,0.28,0.12522,15.743,0.98,0.49,0.3901,0.0273,0.01365,0.384,0.023,0.0115,<a href='/cvdata/assets/datafiles/press/AJKLDKmeanPress.txt' target='_blank'>PvsT</a>,-,-,-,-,-,-,-,-,-,-,<a href='/data/ajkldklaspig/' target='_blank'>Formaldehyde Measurements</a>
898,15,850,22.8,0.094k3-a,02C08031,150,3.5,nC12,363,Sandia,AJLLDKLASPIG,1-Jul-20,<a href='/cvdata/assets/datafiles/readme/AJLLDKLASPIG.txt' target='_blank'>Readme</a>,-,15,-,O2 = 15; N2 = 75.15; CO2 = 6.22; H2O = 3.62;,-,29.24,849.12,5.81,2.5983,850,-,22.66,0.02094,-,22.78,-,5.55,1.0147,2.68E-05,-,-,-,-,-,148.6,1.3,0.6,363,-,-,-,-,-,-,-,-,3.5,-,-,-,-,-,-,-,-,-,-,-,-,-,-,-,-,-,-,-,-,18.988,0.514,0.22987,0.5046,0.051,0.022808,0.5117,0.0578,0.025849,<a href='/cvdata/assets/datafiles/press/AJLLDKmeanPress.txt' target='_blank'>PvsT</a>,-,-,-,-,-,-,-,-,-,-,<a href='/data/ajlldklaspig/' target='_blank'>Formaldehyde Measurements</a>
899,15,800,22.8,0.094k3-a,02C08031,150,3.5,nC12,363,Sandia,AJMLDKLASPIG,1-Jul-20,<a href='/cvdata/assets/datafiles/readme/AJMLDKLASPIG.txt' target='_blank'>Readme</a>,-,15,-,O2 = 15; N2 = 75.15; CO2 = 6.22; H2O = 3.62;,-,29.24,802.07,3.59,2.0727,-,-,22.63,0.017418,-,-,-,5.23,1.014,1.73E-05,-,-,-,-,-,147.9,0.6,0.3,363,-,-,-,-,-,-,-,-,3.5,-,-,-,-,-,-,-,-,-,-,-,-,-,-,-,-,-,-,-,-,25.886,1.472,0.736,-,-,-,0.74,0.093,0.0465,-,-,-,-,-,-,-,-,-,-,-,<a href='/data/ajmldklaspig/' target='_blank'>Formaldehyde Measurements</a>
900,15,750,22.8,0.094k3-a,02C08031,150,3.5,nC12,363,Sandia,AJNLDKLASPIG,1-Jul-20,<a href='/cvdata/assets/datafiles/readme/AJNLDKLASPIG.txt' target='_blank'>Readme</a>,-,15,-,O2 = 15; N2 = 75.15; CO2 = 6.22; H2O = 3.62;,-,29.24,748.39,4.42,1.9767,-,-,22.68,0.005488,-,-,-,4.89,1.0133,2.50E-05,-,-,-,-,-,149,0.9,0.4,363,-,-,-,-,-,-,-,-,3.5,-,-,-,-,-,-,-,-,-,-,-,-,-,-,-,-,-,-,-,-,40.69,4.599,3.252,-,-,-,0.3133,0.0289,0.020435,-,-,-,-,-,-,-,-,-,-,-,<a href='/data/ajnldklaspig/' target='_blank'>Formaldehyde Measurements</a>
901,15,1100,21.8-23.8,0.094k3-a,02C08031,150,1.5,OME,363,Sandia,OJGLDKLASLKC,1-Mar-22,<a href='/cvdata/assets/datafiles/readme/OJGLDKLASLKC.txt' target='_blank'>Readme</a>,-,15,-,O2 = 15; N2 = 75.15; CO2 = 6.22; H2O = 3.62;,-,29.24,1104.59,4.37,2.185,1104,-,22.71,0.020799,-,22.72,-,7.25,1.0169,8.00E-06,-,-,-,-,-,154.4,0.2,0.1,363,-,-,-,-,-,-,-,-,1.5,-,-,-,-,-,-,-,-,-,-,-,-,-,-,-,-,-,-,-,-,8.155,0.67,0.47376,0.1653,0.0743,0.03715,0.1051,0.0209,0.014779,-,-,-,-,-,-,-,-,-,-,-,<a href='/data/ojgldklaslkc/' target='_blank'>OME Measurements</a>
902,15,1000,21.8-23.8,0.094k3-a,02C08031,150,1.5,OME,363,Sandia,OJILDKLASLKC,1-Mar-22,<a href='/cvdata/assets/datafiles/readme/OJILDKLASLKC.txt' target='_blank'>Readme</a>,-,15,-,O2 = 15; N2 = 75.15; CO2 = 6.22; H2O = 3.62;,-,29.24,995.5,8.3,4.15,995,-,22.73,0.012858,-,22.75,-,6.53,1.0161,2.25E-05,-,-,-,-,-,154.1,0.3,0.2,363,-,-,-,-,-,-,-,-,1.5,-,-,-,-,-,-,-,-,-,-,-,-,-,-,-,-,-,-,-,-,12.473,0.864,0.49883,0.2061,0.0397,0.01985,0.1701,0.0223,0.012875,-,-,-,-,-,-,-,-,-,-,-,<a href='/data/ojildklaslkc/' target='_blank'>OME Measurements</a>
903,15,900,21.8-23.8,0.094k3-a,02C08031,150,1.5,OME,363,Sandia,OJKLDKLASLKC,1-Mar-22,<a href='/cvdata/assets/datafiles/readme/OJKLDKLASLKC.txt' target='_blank'>Readme</a>,-,15,-,O2 = 15; N2 = 75.15; CO2 = 6.22; H2O = 3.62;,-,29.24,893.68,1.66,0.74237,893,-,22.73,0.022813,-,22.75,-,5.86,1.0152,4.47E-06,-,-,-,-,-,154.3,0.3,0.2,363,-,-,-,-,-,-,-,-,1.5,-,-,-,-,-,-,-,-,-,-,-,-,-,-,-,-,-,-,-,-,21.853,1.688,0.7549,0.34,0.0702,0.031394,0.309,0.0314,0.014043,-,-,-,-,-,-,-,-,-,-,-,<a href='/data/ojkldklaslkc/' target='_blank'>OME Measurements</a>
904,15,850,21.8-23.8,0.094k3-a,02C08031,150,1.5,OME,363,Sandia,OJLLDKLASLKC,1-Mar-22,<a href='/cvdata/assets/datafiles/readme/OJLLDKLASLKC.txt' target='_blank'>Readme</a>,-,15,-,O2 = 15; N2 = 75.15; CO2 = 6.22; H2O = 3.62;,-,29.24,841.56,1.88,0.84076,841,-,22.74,0.022876,-,22.75,-,5.52,1.0146,8.50E-06,-,-,-,-,-,154.2,0.2,0.1,363,-,-,-,-,-,-,-,-,1.5,-,-,-,-,-,-,-,-,-,-,-,-,-,-,-,-,-,-,-,-,33.53,3.736,1.6708,0.5383,0.0896,0.04007,0.5932,0.0992,0.044364,-,-,-,-,-,-,-,-,-,-,-,<a href='/data/ojlldklaslkc/' target='_blank'>OME Measurements</a>
905,15,800,21.8-23.8,0.094k3-a,02C08031,150,1.5,OME,363,Sandia,OJMLDKLASLKC,1-Mar-22,<a href='/cvdata/assets/datafiles/readme/OJMLDKLASLKC.txt' target='_blank'>Readme</a>,-,15,-,O2 = 15; N2 = 75.15; CO2 = 6.22; H2O = 3.62;,-,29.24,791.29,3.22,1.61,-,-,22.72,0.016809,-,-,-,5.18,1.0139,1.80E-05,-,-,-,-,-,154.2,0.4,0.2,363,-,-,-,-,-,-,-,-,1.5,-,-,-,-,-,-,-,-,-,-,-,-,-,-,-,-,-,-,-,-,-,-,-,1.2465,0.5732,0.2866,1.2743,0.2793,0.19749,-,-,-,-,-,-,-,-,-,-,-,<a href='/data/ojmldklaslkc/' target='_blank'>OME Measurements</a>
912,21,1200,21.8-23.8,0.186ks-a,D209134,150,2.5,OME,363,Sandia,OAELDDLASNKE,1-May-22,<a href='/cvdata/assets/datafiles/readme/OAELDDLASNKE.txt' target='_blank'>Readme</a>,-,21,-,O2 = 21; N2 = 69.33; CO2 = 6.11; H2O = 3.56;,-,29.47,1202.4,6.12,3.06,1204,-,22.69,0.007459,-,22.82,-,7.83,1.017,9.00E-06,-,-,-,-,-,153.2,0.7,0.3,363,-,-,-,-,-,-,-,-,2.5,-,-,-,-,-,-,-,-,-,-,-,-,-,-,-,-,-,-,0.37,0.185,11.708,1.048,0.524,0.1057,0.0703,0.03515,0.1463,0.0121,0.00605,-,-,-,-,-,-,-,-,-,-,-,<a href='/data/oaelddlasnke/' target='_blank'>OME Measurements</a>
913,21,1100,21.8-23.8,0.186ks-a,D209134,150,2.5,OME,363,Sandia,OAGLDDLASNKE,1-May-22,<a href='/cvdata/assets/datafiles/readme/OAGLDDLASNKE.txt' target='_blank'>Readme</a>,-,21,-,O2 = 21; N2 = 69.33; CO2 = 6.11; H2O = 3.56;,-,29.47,1109.78,9.61,4.805,1112,-,22.67,0.010486,-,22.82,-,7.21,1.0165,2.50E-05,-,-,-,-,-,153.1,0.6,0.3,363,-,-,-,-,-,-,-,-,2.5,-,-,-,-,-,-,-,-,-,-,-,-,-,-,-,-,-,-,0.53,0.265,13.625,2.115,1.0575,0.1526,0.0762,0.0381,0.1643,0.0145,0.00725,-,-,-,-,-,-,-,-,-,-,-,<a href='/data/oaglddlasnke/' target='_blank'>OME Measurements</a>
914,21,1000,21.8-23.8,0.186ks-a,D209134,150,2.5,OME,363,Sandia,OAILDDLASNKE,1-May-22,<a href='/cvdata/assets/datafiles/readme/OAILDDLASNKE.txt' target='_blank'>Readme</a>,-,21,-,O2 = 21; N2 = 69.33; CO2 = 6.11; H2O = 3.56;,-,29.47,1007.31,9.18,4.1054,1009,-,22.69,0.016541,-,22.87,-,6.55,1.0158,2.50E-05,-,-,-,-,-,152.6,0.8,0.4,363,-,-,-,-,-,-,-,-,2.5,-,-,-,-,-,-,-,-,-,-,-,-,-,-,-,-,-,-,0.25,0.1118,15.521,1.925,0.86089,0.2017,0.0698,0.031216,0.2233,0.0169,0.0075579,-,-,-,-,-,-,-,-,-,-,-,<a href='/data/oailddlasnke/' target='_blank'>OME Measurements</a>
915,21,900,21.8-23.8,0.186ks-a,D209134,150,2.5,OME,363,Sandia,OAKLDDLASNKE,1-May-22,<a href='/cvdata/assets/datafiles/readme/OAKLDDLASNKE.txt' target='_blank'>Readme</a>,-,21,-,O2 = 21; N2 = 69.33; CO2 = 6.11; H2O = 3.56;,-,29.47,907.05,1.2,0.53666,909,-,22.67,0.004853,-,22.86,-,5.89,1.0149,3.58E-06,-,-,-,-,-,152.3,0.6,0.3,363,-,-,-,-,-,-,-,-,2.5,-,-,-,-,-,-,-,-,-,-,-,-,-,-,-,-,-,-,0.62,0.27727,22.257,1.935,0.86536,0.1545,0.1711,0.076518,0.42,0.0631,0.028219,-,-,-,-,-,-,-,-,-,-,-,<a href='/data/oaklddlasnke/' target='_blank'>OME Measurements</a>
916,21,800,21.8-23.8,0.186ks-a,D209134,150,2.5,OME,363,Sandia,OAMLDDLASNKE,1-May-22,<a href='/cvdata/assets/datafiles/readme/OAMLDDLASNKE.txt' target='_blank'>Readme</a>,-,21,-,O2 = 21; N2 = 69.33; CO2 = 6.11; H2O = 3.56;,-,29.47,801.76,3.63,2.0958,804,-,22.68,0.017824,-,22.88,-,5.2,1.0137,2.02E-05,-,-,-,-,-,152,1.5,0.9,363,-,-,-,-,-,-,-,-,2.5,-,-,-,-,-,-,-,-,-,-,-,-,-,-,-,-,-,-,0.55,0.31754,45.703,8.394,4.8463,0.7168,0.2465,0.14232,0.9685,0.1373,0.07927,-,-,-,-,-,-,-,-,-,-,-,<a href='/data/oamlddlasnke/' target='_blank'>OME Measurements</a>
917,15,1200,21.8-23.8,0.186ks-a,D209134,150,2.5,OME,363,Sandia,OJELDDLASNKE,1-May-22,<a href='/cvdata/assets/datafiles/readme/OJELDDLASNKE.txt' target='_blank'>Readme</a>,-,15,-,O2 = 15; N2 = 75.15; CO2 = 6.22; H2O = 3.62;,-,29.24,1206.19,3.09,1.545,1208,-,22.68,0.006883,-,22.8,-,7.91,1.0174,6.00E-06,-,-,-,-,-,148.5,0.9,0.5,363,-,-,-,-,-,-,-,-,2.5,-,-,-,-,-,-,-,-,-,-,-,-,-,-,-,-,-,-,0.45,0.225,7.771,0.716,0.358,0.1442,0.0471,0.02355,0.1544,0.0157,0.00785,-,-,-,-,-,-,-,-,-,-,-,<a href='/data/ojelddlasnke/' target='_blank'>OME Measurements</a>
918,15,1100,21.8-23.8,0.186ks-a,D209134,150,2.5,OME,363,Sandia,OJGLDDLASNKE,1-May-22,<a href='/cvdata/assets/datafiles/readme/OJGLDDLASNKE.txt' target='_blank'>Readme</a>,-,15,-,O2 = 15; N2 = 75.15; CO2 = 6.22; H2O = 3.62;,-,29.24,1112.9,1.95,1.1258,1115,-,22.66,0.005848,-,22.81,-,7.29,1.0169,5.77E-06,-,-,-,-,-,154.8,0.2,0.1,363,-,-,-,-,-,-,-,-,2.5,-,-,-,-,-,-,-,-,-,-,-,-,-,-,-,-,-,-,0.24,0.13856,9.323,0.734,0.42378,0.2164,0.0119,0.0068705,0.1907,0.0134,0.0077365,-,-,-,-,-,-,-,-,-,-,-,<a href='/data/ojglddlasnke/' target='_blank'>OME Measurements</a>
919,15,1000,21.8-23.8,0.186ks-a,D209134,150,2.5,OME,363,Sandia,OJILDDLASNKE,1-May-22,<a href='/cvdata/assets/datafiles/readme/OJILDDLASNKE.txt' target='_blank'>Readme</a>,-,15,-,O2 = 15; N2 = 75.15; CO2 = 6.22; H2O = 3.62;,-,29.24,1004.07,4.22,4.22,1006,-,22.68,0.006393,-,22.83,-,6.58,1.0161,2.40E-05,-,-,-,-,-,154.7,0.4,0.4,363,-,-,-,-,-,-,-,-,2.5,-,-,-,-,-,-,-,-,-,-,-,-,-,-,-,-,-,-,0.87,0.87,14.167,0.884,0.884,0.0605,0.0228,0.0228,0.2586,0.0047,0.0047,-,-,-,-,-,-,-,-,-,-,-,<a href='/data/ojilddlasnke/' target='_blank'>OME Measurements</a>
920,15,900,21.8-23.8,0.186ks-a,D209134,150,2.5,OME,363,Sandia,OJKLDDLASNKE,1-May-22,<a href='/cvdata/assets/datafiles/readme/OJKLDDLASNKE.txt' target='_blank'>Readme</a>,-,15,-,O2 = 15; N2 = 75.15; CO2 = 6.22; H2O = 3.62;,-,29.24,907.45,3.72,2.1477,909,-,22.67,0.020047,-,22.85,-,5.94,1.0153,1.33E-05,-,-,-,-,-,154.4,0.4,0.2,363,-,-,-,-,-,-,-,-,2.5,-,-,-,-,-,-,-,-,-,-,-,-,-,-,-,-,-,-,0.47,0.27135,25.156,2.608,1.5057,0.2648,0.153,0.088335,0.4534,0.0591,0.034121,-,-,-,-,-,-,-,-,-,-,-,<a href='/data/ojklddlasnke/' target='_blank'>OME Measurements</a>
921,15,800,21.8-23.8,0.186ks-a,D209134,150,2.5,OME,363,Sandia,OJMLDDLASNKE,1-May-22,<a href='/cvdata/assets/datafiles/readme/OJMLDDLASNKE.txt' target='_blank'>Readme</a>,-,15,-,O2 = 15; N2 = 75.15; CO2 = 6.22; H2O = 3.62;,-,29.24,796.17,4.81,2.405,797,-,22.7,0.01216,-,22.85,-,5.21,1.014,2.55E-05,-,-,-,-,-,145.1,2.2,1.1,363,-,-,-,-,-,-,-,-,2.5,-,-,-,-,-,-,-,-,-,-,-,-,-,-,-,-,-,-,0.32,0.16,58.021,9.484,4.742,0.7991,0.1012,0.0506,1.1846,0.2901,0.14505,-,-,-,-,-,-,-,-,-,-,-,<a href='/data/ojmlddlasnke/' target='_blank'>OME Measurements</a>
922,10,1200,21.8-23.8,0.186ks-a,D209134,150,2.5,OME,363,Sandia,OOELDDLASNKE,1-May-22,<a href='/cvdata/assets/datafiles/readme/OOELDDLASNKE.txt' target='_blank'>Readme</a>,-,10,-,O2 = 10; N2 = 80.01; CO2 = 6.32; H2O = 3.67;,-,29.06,1204.73,5.64,5.64,1206,-,22.69,0.006814,-,22.8,-,7.96,1.0177,1.70E-05,-,-,-,-,-,155.2,0.2,0.2,363,-,-,-,-,-,-,-,-,2.5,-,-,-,-,-,-,-,-,-,-,-,-,-,-,-,-,-,-,0.7,0.7,14.271,0.737,0.737,0.1737,0.0403,0.0403,0.2239,0.0156,0.0156,-,-,-,-,-,-,-,-,-,-,-,<a href='/data/ooelddlasnke/' target='_blank'>OME Measurements</a>
923,10,1100,21.8-23.8,0.186ks-a,D209134,150,2.5,OME,363,Sandia,OOGLDDLASNKE,1-May-22,<a href='/cvdata/assets/datafiles/readme/OOGLDDLASNKE.txt' target='_blank'>Readme</a>,-,10,-,O2 = 10; N2 = 80.01; CO2 = 6.32; H2O = 3.67;,-,29.06,1101.9,5.1,3.6062,1103,-,22.7,0.009977,-,22.81,-,7.28,1.0172,1.41E-05,-,-,-,-,-,155,0.2,0.1,363,-,-,-,-,-,-,-,-,2.5,-,-,-,-,-,-,-,-,-,-,-,-,-,-,-,-,-,-,0.28,0.19799,15.174,0.968,0.68448,0.1003,0.0318,0.022486,0.2423,0.0153,0.010819,-,-,-,-,-,-,-,-,-,-,-,<a href='/data/ooglddlasnke/' target='_blank'>OME Measurements</a>
924,10,1000,21.8-23.8,0.186ks-a,D209134,150,2.5,OME,363,Sandia,OOILDDLASNKE,1-May-22,<a href='/cvdata/assets/datafiles/readme/OOILDDLASNKE.txt' target='_blank'>Readme</a>,-,10,-,O2 = 10; N2 = 80.01; CO2 = 6.32; H2O = 3.67;,-,29.06,1001.33,1.59,1.1243,1003,-,22.69,0.004999,-,22.82,-,6.61,1.0165,5.66E-06,-,-,-,-,-,154.9,0.3,0.2,363,-,-,-,-,-,-,-,-,2.5,-,-,-,-,-,-,-,-,-,-,-,-,-,-,-,-,-,-,0.62,0.43841,22.813,1.816,1.2841,0.2087,0.1173,0.082944,0.3586,0.0431,0.030476,-,-,-,-,-,-,-,-,-,-,-,<a href='/data/ooilddlasnke/' target='_blank'>OME Measurements</a>
925,10,900,21.8-23.8,0.186ks-a,D209134,150,2.5,OME,363,Sandia,OOKLDDLASNKE,1-May-22,<a href='/cvdata/assets/datafiles/readme/OOKLDDLASNKE.txt' target='_blank'>Readme</a>,-,10,-,O2 = 10; N2 = 80.01; CO2 = 6.32; H2O = 3.67;,-,29.06,903.81,11.69,8.2661,905,-,22.66,0.019277,-,22.81,-,5.96,1.0156,6.43E-05,-,-,-,-,-,154.9,0.1,0.1,363,-,-,-,-,-,-,-,-,2.5,-,-,-,-,-,-,-,-,-,-,-,-,-,-,-,-,-,-,0.38,0.2687,35.035,1.735,1.2268,0.4262,0.0624,0.044123,0.5688,0.0383,0.027082,-,-,-,-,-,-,-,-,-,-,-,<a href='/data/ooklddlasnke/' target='_blank'>OME Measurements</a>
926,10,800,21.8-23.8,0.186ks-a,D209134,150,2.5,OME,363,Sandia,OOMLDDLASNKE,1-May-22,<a href='/cvdata/assets/datafiles/readme/OOMLDDLASNKE.txt' target='_blank'>Readme</a>,-,10,-,O2 = 10; N2 = 80.01; CO2 = 6.32; H2O = 3.67;,-,29.06,804.75,3.24,2.291,805,-,22.68,0.007565,-,22.75,-,5.3,1.0144,2.47E-05,-,-,-,-,-,155.3,0.4,0.3,363,-,-,-,-,-,-,-,-,2.5,-,-,-,-,-,-,-,-,-,-,-,-,-,-,-,-,-,-,1.07,0.7566,-,-,-,1.2326,0.3627,0.25647,1.8383,0.4615,0.32633,-,-,-,-,-,-,-,-,-,-,-,<a href='/data/oomlddlasnke/' target='_blank'>OME Measurements</a>
927,15,750,22.8,0.090ks-a,A210370,150,0.5/0.5dw/0.5,nC12,-,Sandia,JNLDN,-,<a href='/data/n-heptane-double-injection-movies/' target='_blank'>Paper Data</a>,-,-,-,-,-,-,-,-,-,-,-,-,-,-,-,-,-,-,-,-,-,-,-,-,-,-,-,-,-,-,-,-,-,-,-,-,-,-,-,-,-,-,-,-,-,-,-,-,-,-,-,-,-,-,-,-,-,-,-,-,-,-,-,-,-,-,-,-,-,-,-,-,-,-,-,-,<a href='/data/n-heptane-double-injection-movies/' target='_blank'>Paper Data</a>,-
928,15,800,22.8,0.090ks-a,A210370,150,0.5/0.5dw/0.5,nC12,-,Sandia,JMLDN,-,<a href='/data/n-heptane-double-injection-movies/' target='_blank'>Paper Data</a>,-,-,-,-,-,-,-,-,-,-,-,-,-,-,-,-,-,-,-,-,-,-,-,-,-,-,-,-,-,-,-,-,-,-,-,-,-,-,-,-,-,-,-,-,-,-,-,-,-,-,-,-,-,-,-,-,-,-,-,-,-,-,-,-,-,-,-,-,-,-,-,-,-,-,-,-,<a href='/data/n-heptane-double-injection-movies/' target='_blank'>Paper Data</a>,-
929,15,900,22.8,0.090ks-a,A210370,150,0.5/0.5dw/0.5,nC12,-,Sandia,JKLDN,-,<a href='/data/n-heptane-double-injection-movies/' target='_blank'>Paper Data</a>,-,-,-,-,-,-,-,-,-,-,-,-,-,-,-,-,-,-,-,-,-,-,-,-,-,-,-,-,-,-,-,-,-,-,-,-,-,-,-,-,-,-,-,-,-,-,-,-,-,-,-,-,-,-,-,-,-,-,-,-,-,-,-,-,-,-,-,-,-,-,-,-,-,-,-,-,<a href='/data/n-heptane-double-injection-movies/' target='_blank'>Paper Data</a>,-
930,0,900,22.8,0.090ks-a,A210370,150,0.5/0.5dw/0.5,nC12,-,Sandia,BKLDN,-,<a href='/data/n-heptane-double-injection-movies/' target='_blank'>Paper Data</a>,-,-,-,-,-,-,-,-,-,-,-,-,-,-,-,-,-,-,-,-,-,-,-,-,-,-,-,-,-,-,-,-,-,-,-,-,-,-,-,-,-,-,-,-,-,-,-,-,-,-,-,-,-,-,-,-,-,-,-,-,-,-,-,-,-,-,-,-,-,-,-,-,-,-,-,-,<a href='/data/n-heptane-double-injection-movies/' target='_blank'>Paper Data</a>,-
931,0,1200,21.8-23.8,0.186ks-a,D209134,150,2.5,DME,363,Sandia CV,DBELDDLASNMJ,1-Oct-24,<a href='/cvdata/assets/datafiles/DME/DBELDDLASNMJ.txt' target='_blank'>Readme</a>,-,0,-,O2 = 0; N2 = 89.71; CO2 = 6.52; H2O = 3.77;,-,28.68,1206.59,4.54,3.2103,-,-,22.81,0.029447,-,-,-,8.13,1.0186,1.70E-05,-,-,-,-,-,149.27,2.27E-14,8.04E-15,363,-,-,-,-,-,<a href='/cvdata/assets/datafiles/DME/ROI_sprayD_dme_26p4mg.csv' target='_blank'>Rate of Injection</a>,-,-,2.7,-,-,10.27,-,-,-,-,-,-,-,-,-,-,-,-,-,-,8.5; <a href='/cvdata/assets/datafiles/DME/LiqPen/DBELDD_avg_LiqPen.txt' target='_blank'>LiqPen</a>,0.09,0.06364,-,-,-,-,-,-,-,-,-,-,-,-,-,-,-,-,-,-,-,-,-
932,0,1100,21.8-23.8,0.186k3-a,209134D,150,2.5,DME,363,Sandia CV,DBGLDDLASNMJ,1-Oct-24,<a href='/cvdata/assets/datafiles/DME/DBGLDDLASNMJ.txt' target='_blank'>Readme</a>,-,0,-,O2 = 0; N2 = 89.71; CO2 = 6.52; H2O = 3.77;,-,28.68,1101.16,1.78,1.2587,-,-,22.81,0.070101,-,-,-,7.42,1.018,4.81E-05,-,-,-,-,-,149.29,0,0,363,-,-,-,-,-,<a href='/cvdata/assets/datafiles/DME/ROI_sprayD_dme_26p4mg.csv' target='_blank'>Rate of Injection</a>,-,-,2.7,-,-,10.27,-,-,-,-,-,-,-,-,-,-,-,-,-,-,8.87;  <a href='/cvdata/assets/datafiles/DME/LiqPen/DBGLDD_avg_LiqPen.txt' target='_blank'>LiqPen</a>,0.09,0.06364,-,-,-,-,-,-,-,-,-,-,-,-,-,-,-,-,-,-,-,-,-
933,0,1000,21.8-23.8,0.186k3-a,209134D,150,2.5,DME,363,Sandia CV,DBILDDLASNMJ,1-Oct-24,<a href='/cvdata/assets/datafiles/DME/DBILDDLASNMJ.txt' target='_blank'>Readme</a>,-,0,-,O2 = 0; N2 = 89.71; CO2 = 6.52; H2O = 3.77;,-,28.68,994.52,5.01,3.5426,-,-,22.7,0.022563,-,-,-,6.66,1.0171,3.18E-05,-,-,-,-,-,149.24,2.27E-14,8.04E-15,363,-,-,-,-,-,<a href='/cvdata/assets/datafiles/DME/ROI_sprayD_dme_26p4mg.csv' target='_blank'>Rate of Injection</a>,-,-,2.7,-,-,10.27,-,-,-,-,-,-,-,-,-,-,-,-,-,-,9.45; <a href='/cvdata/assets/datafiles/DME/LiqPen/DBILDD_avg_LiqPen.txt' target='_blank'>LiqPen</a>,0.09,0.06364,-,-,-,-,-,-,-,-,-,-,-,-,-,-,-,-,-,-,-,-,-
934,0,900,21.8-23.8,0.186k3-a,209134D,150,2.5,DME,363,Sandia CV,DBKLDDLASNMJ,1-Oct-24,<a href='/cvdata/assets/datafiles/DME/DBKLDDLASNMJ.txt' target='_blank'>Readme</a>,-,0,-,O2 = 0; N2 = 89.71; CO2 = 6.52; H2O = 3.77;,-,28.68,907.04,3,2.1213,-,-,23.03,0.34573,-,-,-,6.16,1.0166,0.00021142,-,-,-,-,-,149.25,2.27E-14,8.04E-15,363,-,-,-,-,-,<a href='/cvdata/assets/datafiles/DME/ROI_sprayD_dme_26p4mg.csv' target='_blank'>Rate of Injection</a>,-,-,2.7,-,-,10.27,-,-,-,-,-,-,-,-,-,-,-,-,-,-,9.88; <a href='/cvdata/assets/datafiles/DME/LiqPen/DBKLDD_avg_LiqPen.txt' target='_blank'>LiqPen</a>,0.16,0.11314,-,-,-,-,-,-,-,-,-,-,-,-,-,-,-,-,-,-,-,<a href='/cvdata/assets/datafiles/DME/LiqPen/DBKLDD012_DBI_v2.mp4' target='_blank'>Pen Movie</a>,-
935,0,800,21.8-23.8,0.186k3-a,209134D,150,2.5,DME,363,Sandia CV,DBMLDDLASNMJ,1-Oct-24,<a href='/cvdata/assets/datafiles/DME/DBMLDDLASNMJ.txt' target='_blank'>Readme</a>,-,0,-,O2 = 0; N2 = 89.71; CO2 = 6.52; H2O = 3.77;,-,28.68,809.28,11.25,6.4952,-,-,22.93,0.091392,-,-,-,5.47,1.0153,0.00010508,-,-,-,-,-,149.26,0,0,363,-,-,-,-,-,<a href='/cvdata/assets/datafiles/DME/ROI_sprayD_dme_26p4mg.csv' target='_blank'>Rate of Injection</a>,-,-,2.7,-,-,10.27,-,-,-,-,-,-,-,-,-,-,-,-,-,-,10.87; <a href='/cvdata/assets/datafiles/DME/LiqPen/DBMLDD_avg_LiqPen.txt' target='_blank'>LiqPen</a>,0.15,0.086603,-,-,-,-,-,-,-,-,-,-,-,-,-,-,-,-,-,-,-,-,-
936,0,700,21.8-23.8,0.186k3-a,209134D,150,2.5,DME,363,Sandia CV,DBOLDDLASNMJ,1-Oct-24,<a href='/cvdata/assets/datafiles/DME/DBOLDDLASNMJ.txt' target='_blank'>Readme</a>,-,0,-,O2 = 0; N2 = 89.71; CO2 = 6.52; H2O = 3.77;,-,28.68,706.89,11.38,6.5702,-,-,22.89,0.10121,-,-,-,4.76,1.0137,9.06E-05,-,-,-,-,-,149.27,2.27E-14,8.04E-15,363,-,-,-,-,-,<a href='/cvdata/assets/datafiles/DME/ROI_sprayD_dme_26p4mg.csv' target='_blank'>Rate of Injection</a>,-,-,2.7,-,-,10.27,-,-,-,-,-,-,-,-,-,-,-,-,-,-,12.31;  <a href='/cvdata/assets/datafiles/DME/LiqPen/DBOLDD_avg_LiqPen.txt' target='_blank'>LiqPen</a>,0.2,0.11547,-,-,-,-,-,-,-,-,-,-,-,-,-,-,-,-,-,-,-,-,-
937,0,440,21.8-23.8,0.186k3-a,209134D,150,2.5,DME,363,Sandia CV,DBULDDLASNMJ,1-Oct-24,<a href='/cvdata/assets/datafiles/DME/DBULDDLASNMJ.txt' target='_blank'>Readme</a>,-,0,-,O2 = 0; N2 = 89.71; CO2 = 6.52; H2O = 3.77;,-,28.68,440,-,-,-,-,-,-,-,-,-,-,-,-,-,-,-,-,-,-,-,-,363,-,-,-,-,-,<a href='/cvdata/assets/datafiles/DME/ROI_sprayD_dme_26p4mg.csv' target='_blank'>Rate of Injection</a>,-,-,2.7,-,-,10.27,-,-,-,-,-,-,-,-,-,-,-,-,-,-,29.27; <a href='/cvdata/assets/datafiles/DME/LiqPen/DBULDD_avg_LiqPen.txt' target='_blank'>LiqPen</a>,0.24,0.13856,-,-,-,-,-,-,-,-,-,-,-,-,-,-,-,-,-,-,-,-,-
938,12,1200,21.8-23.8,0.186k3-a,209134D,150,2.5,DME,363,Sandia CV,DMELDDLASNMG,1-Jul-24,<a href='/cvdata/assets/datafiles/DME/DMELDDLASNMG.txt' target='_blank'>Readme</a>,-,12,-,O2 = 12; N2 = 78.07; CO2 = 6.28; H2O = 3.65;,-,29.13,1197.82,17.89,12.6501,1199,-,22.68,0.056908,-,22.75,-,7.89,1.0176,6.22E-05,-,-,-,-,-,149.2,0,0,363,-,-,-,-,-,<a href='/cvdata/assets/datafiles/DME/ROI_sprayD_dme_26p4mg.csv' target='_blank'>Rate of Injection</a>,-,-,2.7,-,-,10.27,-,-,-,-,-,-,-,-,-,-,-,-,-,-,8.33; <a href='/cvdata/assets/datafiles/DME/LiqPen/DMELDD_avg_LiqPen.txt' target='_blank'>LiqPen</a>,0.28,0.19799,13.728; <a href='/cvdata/assets/datafiles/DME/tLOL/DMELDD_tLOL.txt' target='_blank'>liftoff vs time</a>,0.526,0.37194,0.5609,0.0048,0.0033941,0.2582,0.0115,0.0081317,<a href='/cvdata/assets/datafiles/DME/meanPress/DMELDDmeanPress.txt' target='_blank'>PvsT</a>,-,-,-,-,-,-,-,-,-,<a href='/cvdata/assets/datafiles/DME/PLIFvideos/DMELDDLASNMG_avg_PLIF.mp4' target='_blank'>PLIF video</a><a href='/cvdata/assets/datafiles/DME/OHvideos/dmelddlasnmg002.mp4' target='_blank'>OH* video</a>,<a href='/cvdata/assets/datafiles/DME/OH_qs_img/DMELDDLASNMG.png' target='_blank'>OH* QS image</a>
939,12,1100,21.8-23.8,0.186k3-a,209134D,150,2.5,DME,363,Sandia CV,DMGLDDLASNMG,1-Jul-24,<a href='/cvdata/assets/datafiles/DME/DMGLDDLASNMG.txt' target='_blank'>Readme</a>,-,12,-,O2 = 12; N2 = 78.07; CO2 = 6.28; H2O = 3.65;,-,29.13,1094.07,8.56,6.0528,1095,-,22.65,0.018992,-,22.73,-,7.2,1.017,2.47E-05,-,-,-,-,-,149.2,0,0,363,-,-,-,-,-,<a href='/cvdata/assets/datafiles/DME/ROI_sprayD_dme_26p4mg.csv' target='_blank'>Rate of Injection</a>,-,-,2.7,-,-,10.27,-,-,-,-,-,-,-,-,-,-,-,-,-,-,8.81; <a href='/cvdata/assets/datafiles/DME/LiqPen/DMGLDD_avg_LiqPen.txt' target='_blank'>LiqPen</a>,0.14,0.098995,16.506; <a href='/cvdata/assets/datafiles/DME/tLOL/DMGLDD_tLOL.txt' target='_blank'>liftoff vs time</a>,0.08,0.056569,0.5911,0.0259,0.018314,0.3217,0,0,<a href='/cvdata/assets/datafiles/DME/meanPress/DMGLDDmeanPress.txt' target='_blank'>PvsT</a>,-,-,-,-,-,-,-,-,-,<a href='/cvdata/assets/datafiles/DME/PLIFvideos/DMGLDDLASNMG_avg_PLIF.mp4' target='_blank'>PLIF video</a><a href='/cvdata/assets/datafiles/DME/OHvideos/dmglddlasnmg001.mp4' target='_blank'>OH* video</a>,<a href='/cvdata/assets/datafiles/DME/OH_qs_img/DMGLDDLASNMG.png' target='_blank'>OH* QS image</a>
940,12,1000,21.8-23.8,0.186k3-a,209134D,150,2.5,DME,363,Sandia CV,DMILDDLASNMG,1-Jul-24,<a href='/cvdata/assets/datafiles/DME/DMILDDLASNMG.txt' target='_blank'>Readme</a>,-,12,-,O2 = 12; N2 = 78.07; CO2 = 6.28; H2O = 3.65;,-,29.13,1000.37,11,3.8891,1001,-,22.65,0.023066,-,22.73,-,6.57,1.0163,2.23E-05,-,-,-,-,-,149.2,0,0,363,-,-,-,-,-,<a href='/cvdata/assets/datafiles/DME/ROI_sprayD_dme_26p4mg.csv' target='_blank'>Rate of Injection</a>,-,-,2.7,-,-,10.27,-,-,-,-,-,-,-,-,-,-,-,-,-,-,9.43; <a href='/cvdata/assets/datafiles/DME/LiqPen/DMILDD_avg_LiqPen.txt' target='_blank'>LiqPen</a>,0.2,0.070711,22.069; <a href='/cvdata/assets/datafiles/DME/tLOL/DMILDD_tLOL.txt' target='_blank'>liftoff vs time</a>,1.248,0.44123,0.6092,0.0235,0.0083085,0.4213,0.012,0.0042426,<a href='/cvdata/assets/datafiles/DME/meanPress/DMILDDmeanPress.txt' target='_blank'>PvsT</a>,-,-,-,-,-,-,-,-,-,<a href='/cvdata/assets/datafiles/DME/PLIFvideos/DMILDDLASNMG_avg_PLIF.mp4' target='_blank'>PLIF video</a><a href='/cvdata/assets/datafiles/DME/OHvideos/dmilddlasnmg002.mp4' target='_blank'>OH* video</a>,<a href='/cvdata/assets/datafiles/DME/OH_qs_img/DMILDDLASNMG.png' target='_blank'>OH* QS image</a>
941,12,900,21.8-23.8,0.186k3-a,209134D,150,2.5,DME,363,Sandia CV,DMKLDDLASNMG,1-Jul-24,<a href='/cvdata/assets/datafiles/DME/DMKLDDLASNMG.txt' target='_blank'>Readme</a>,-,12,-,O2 = 12; N2 = 78.07; CO2 = 6.28; H2O = 3.65;,-,29.13,897.71,11.12,5.56,898,-,22.67,0.051048,-,22.77,-,5.9,1.0154,3.70E-05,-,-,-,-,-,149.2,0,0,363,-,-,-,-,-,<a href='/cvdata/assets/datafiles/DME/ROI_sprayD_dme_26p4mg.csv' target='_blank'>Rate of Injection</a>,-,-,2.7,-,-,10.27,-,-,-,-,-,-,-,-,-,-,-,-,-,-,10.43; <a href='/cvdata/assets/datafiles/DME/LiqPen/DMKLDD_avg_LiqPen.txt' target='_blank'>LiqPen</a>,0.27,0.135,35.207; <a href='/cvdata/assets/datafiles/DME/tLOL/DMKLDD_tLOL.txt' target='_blank'>liftoff vs time</a>,1.587,0.7935,0.7236,0.0308,0.0154,0.6531,0.0713,0.03565,<a href='/cvdata/assets/datafiles/DME/meanPress/DMKLDDmeanPress.txt' target='_blank'>PvsT</a>,-,-,-,-,-,-,-,-,-,<a href='/cvdata/assets/datafiles/DME/PLIFvideos/DMKLDDLASNMG_avg_PLIF.mp4' target='_blank'>PLIF video</a><a href='/cvdata/assets/datafiles/DME/OHvideos/dmklddlasnmg003.mp4' target='_blank'>OH* video</a>,<a href='/cvdata/assets/datafiles/DME/OH_qs_img/DMKLDDLASNMG.png' target='_blank'>OH* QS image</a>
942,12,800,21.8-23.8,0.186k3-a,209134D,150,2.5,DME,363,Sandia CV,DMMLDDLASNMG,1-Jul-24,<a href='/cvdata/assets/datafiles/DME/DMMLDDLASNMG.txt' target='_blank'>Readme</a>,-,12,-,O2 = 12; N2 = 78.07; CO2 = 6.28; H2O = 3.65;,-,29.13,802.29,2.7,1.5588,803,-,22.68,0.093645,-,22.74,-,5.27,1.0142,4.68E-05,-,-,-,-,-,149.2,0,0,363,-,-,-,-,-,<a href='/cvdata/assets/datafiles/DME/ROI_sprayD_dme_26p4mg.csv' target='_blank'>Rate of Injection</a>,-,-,2.7,-,-,10.27,-,-,-,-,-,-,-,-,-,-,-,-,-,-,12.08; <a href='/cvdata/assets/datafiles/DME/LiqPen/DMMLDD_avg_LiqPen.txt' target='_blank'>LiqPen</a>,0.23,0.13279,66.202; <a href='/cvdata/assets/datafiles/DME/tLOL/DMMLDD_tLOL.txt' target='_blank'>liftoff vs time</a>,3.911,2.258,1.1969,0.0998,0.05762,1.2709,0.1603,0.092549,<a href='/cvdata/assets/datafiles/DME/meanPress/DMMLDDmeanPress.txt' target='_blank'>PvsT</a>,-,-,-,-,-,-,-,-,-,<a href='/cvdata/assets/datafiles/DME/PLIFvideos/DMMLDDLASNMG_avg_PLIF.mp4' target='_blank'>PLIF video</a><a href='/cvdata/assets/datafiles/DME/OHvideos/dmmlddlasnmg002.mp4' target='_blank'>OH* video</a>,<a href='/cvdata/assets/datafiles/DME/OH_qs_img/DMMLDDLASNMG.png' target='_blank'>OH* QS image</a>
943,12,700,21.8-23.8,0.186k3-a,209134D,150,2.5,DME,363,Sandia CV,DMOLDDLASNMG,1-Jul-24,<a href='/cvdata/assets/datafiles/DME/DMOLDDLASNMG.txt' target='_blank'>Readme</a>,-,12,-,O2 = 12; N2 = 78.07; CO2 = 6.28; H2O = 3.65;,-,29.13,700.16,0,-,-,,23.057,-,-,-,-,4.667,1.012879,-,-,-,-,-,-,155.2,0,-,363,-,-,-,-,-,<a href='/cvdata/assets/datafiles/DME/ROI_sprayD_dme_26p4mg.csv' target='_blank'>Rate of Injection</a>,-,-,2.7,-,-,10.27,-,-,-,-,-,-,-,-,-,-,-,-,-,-,17.308; <a href='/cvdata/assets/datafiles/DME/LiqPen/DMOLDD_avg_LiqPen.txt' target='_blank'>LiqPen</a>,0,-,-,-,-,-,-,-,-,-,-,<a href='/cvdata/assets/datafiles/DME/meanPress/DMOLDDmeanPress.txt' target='_blank'>PvsT</a>,-,-,-,-,-,-,-,-,-,<a href='/cvdata/assets/datafiles/DME/PLIFvideos/DMOLDDLASNMG_avg_PLIF.mp4' target='_blank'>PLIF video</a>,-
944,15,1200,21.8-23.8,0.186k3-a,209134D,150,2.5,DME,363,Sandia CV,DJELDDLASNMG,1-Jul-24,<a href='/cvdata/assets/datafiles/DME/DJELDDLASNMG.txt' target='_blank'>Readme</a>,-,15,-,O2 = 15; N2 = 75.15; CO2 = 6.22; H2O = 3.62;,-,29.24,1200.26,7.36,4.2493,1201,-,22.65,0.029157,-,22.74,-,7.86,1.0173,2.14E-05,-,-,-,-,-,149.2,0.2,0.1,363,-,-,-,-,-,<a href='/cvdata/assets/datafiles/DME/ROI_sprayD_dme_26p4mg.csv' target='_blank'>Rate of Injection</a>,-,-,2.7,-,-,10.27,-,-,-,-,-,-,-,-,-,-,-,-,-,-,8.41; <a href='/cvdata/assets/datafiles/DME/LiqPen/DJELDD_avg_LiqPen.txt' target='_blank'>LiqPen</a>,0,0,14.44; <a href='/cvdata/assets/datafiles/DME/tLOL/DJELDD_tLOL.txt' target='_blank'>liftoff vs time</a>,0.143,0.10112,0.4588,0.0168,0.0096995,0.2243,0.0115,0.0081317,<a href='/cvdata/assets/datafiles/DME/meanPress/DJELDDmeanPress.txt' target='_blank'>PvsT</a>,-,-,-,-,-,-,-,-,-,<a href='/cvdata/assets/datafiles/DME/PLIFvideos/DJELDDLASNMG_avg_PLIF.mp4' target='_blank'>PLIF video</a><a href='/cvdata/assets/datafiles/DME/OHvideos/djelddlasnmg004.mp4' target='_blank'>OH* video</a>,<a href='/cvdata/assets/datafiles/DME/OH_qs_img/DJELDDLASNMG.png' target='_blank'>OH* QS image</a>
945,15,1100,21.8-23.8,0.186k3-a,209134D,150,2.5,DME,363,Sandia CV,DJGLDDLASNMG,1-Jul-24,<a href='/cvdata/assets/datafiles/DME/DJGLDDLASNMG.txt' target='_blank'>Readme</a>,-,15,-,O2 = 15; N2 = 75.15; CO2 = 6.22; H2O = 3.62;,-,29.24,1101.09,6.57,3.7932,1102,-,22.66,0.025082,-,22.75,-,7.21,1.0168,1.27E-05,-,-,-,-,-,149.2,0.1,0,363,-,-,-,-,-,<a href='/cvdata/assets/datafiles/DME/ROI_sprayD_dme_26p4mg.csv' target='_blank'>Rate of Injection</a>,-,-,2.7,-,-,10.27,-,-,-,-,-,-,-,-,-,-,-,-,-,-,9.19; <a href='/cvdata/assets/datafiles/DME/LiqPen/DJGLDD_avg_LiqPen.txt' target='_blank'>LiqPen</a>,0.3,0.17321,14.928; <a href='/cvdata/assets/datafiles/DME/tLOL/DJGLDD_tLOL.txt' target='_blank'>liftoff vs time</a>,1.076,0.62123,0.5126,0.0255,0.014722,0.2888,0.0191,0.011027,<a href='/cvdata/assets/datafiles/DME/meanPress/DJGLDDmeanPress.txt' target='_blank'>PvsT</a>,-,-,-,-,-,-,-,-,-,<a href='/cvdata/assets/datafiles/DME/PLIFvideos/DJGLDDLASNMG_avg_PLIF.mp4' target='_blank'>PLIF video</a><a href='/cvdata/assets/datafiles/DME/OHvideos/djglddlasnmg003.mp4' target='_blank'>OH* video</a>,<a href='/cvdata/assets/datafiles/DME/OH_qs_img/DJGLDDLASNMG.png' target='_blank'>OH* QS image</a>
946,15,1000,21.8-23.8,0.186k3-a,209134D,150,2.5,DME,363,Sandia CV,DJILDDLASNMG,1-Jul-24,<a href='/cvdata/assets/datafiles/DME/DJILDDLASNMG.txt' target='_blank'>Readme</a>,-,15,-,O2 = 15; N2 = 75.15; CO2 = 6.22; H2O = 3.62;,-,29.24,1001.05,5.32,3.0715,1002,-,22.65,0.029135,-,22.75,-,6.55,1.0161,3.00E-05,-,-,-,-,-,149.2,0.1,0,363,-,-,-,-,-,<a href='/cvdata/assets/datafiles/DME/ROI_sprayD_dme_26p4mg.csv' target='_blank'>Rate of Injection</a>,-,-,2.7,-,-,10.27,-,-,-,-,-,-,-,-,-,-,-,-,-,-,11; <a href='/cvdata/assets/datafiles/DME/LiqPen/DJILDD_avg_LiqPen.txt' target='_blank'>LiqPen</a>,1.54,0.88912,18.888; <a href='/cvdata/assets/datafiles/DME/tLOL/DJILDD_tLOL.txt' target='_blank'>liftoff vs time</a>,0.857,0.49479,0.5319,0.0376,0.021708,0.3562,0.0432,0.024942,<a href='/cvdata/assets/datafiles/DME/meanPress/DJILDDmeanPress.txt' target='_blank'>PvsT</a>,-,-,-,-,-,-,-,-,-,<a href='/cvdata/assets/datafiles/DME/PLIFvideos/DJILDDLASNMG_avg_PLIF.mp4' target='_blank'>PLIF video</a><a href='/cvdata/assets/datafiles/DME/OHvideos/djilddlasnmg002.mp4' target='_blank'>OH* video</a>,<a href='/cvdata/assets/datafiles/DME/OH_qs_img/DJILDDLASNMG.png' target='_blank'>OH* QS image</a>
947,15,900,21.8-23.8,0.186k3-a,209134D,150,2.5,DME,363,Sandia CV,DJKLDDLASNMG,1-Jul-24,<a href='/cvdata/assets/datafiles/DME/DJKLDDLASNMG.txt' target='_blank'>Readme</a>,-,15,-,O2 = 15; N2 = 75.15; CO2 = 6.22; H2O = 3.62;,-,29.24,900.96,7.24,4.18,902,-,22.68,0.050394,-,22.79,-,5.9,1.0152,3.98E-05,-,-,-,-,-,150.1,0.1,0.1,363,-,-,-,-,-,<a href='/cvdata/assets/datafiles/DME/ROI_sprayD_dme_26p4mg.csv' target='_blank'>Rate of Injection</a>,-,-,2.7,-,-,10.27,-,-,-,-,-,-,-,-,-,-,-,-,-,-,11.6; <a href='/cvdata/assets/datafiles/DME/LiqPen/DJKLDD_avg_LiqPen.txt' target='_blank'>LiqPen</a>,0.86,0.49652,30.94; <a href='/cvdata/assets/datafiles/DME/tLOL/DJKLDD_tLOL.txt' target='_blank'>liftoff vs time</a>,2.526,1.4584,0.5887,0.014,0.0080829,0.5153,0.0258,0.014896,<a href='/cvdata/assets/datafiles/DME/meanPress/DJKLDDmeanPress.txt' target='_blank'>PvsT</a>,-,-,-,-,-,-,-,-,-,<a href='/cvdata/assets/datafiles/DME/PLIFvideos/DJKLDDLASNMG_avg_PLIF.mp4' target='_blank'>PLIF video</a><a href='/cvdata/assets/datafiles/DME/OHvideos/djklddlasnmg001.mp4' target='_blank'>OH* video</a>,<a href='/cvdata/assets/datafiles/DME/OH_qs_img/DJKLDDLASNMG.png' target='_blank'>OH* QS image</a>
948,15,800,21.8-23.8,0.186k3-a,209134D,150,2.5,DME,363,Sandia CV,DJMLDDLASNMG,1-Jul-24,<a href='/cvdata/assets/datafiles/DME/DJMLDDLASNMG.txt' target='_blank'>Readme</a>,-,15,-,O2 = 15; N2 = 75.15; CO2 = 6.22; H2O = 3.62;,-,29.24,793.27,6.65,3.8394,794,-,22.76,0.12979,-,22.86,-,5.21,1.014,9.12E-05,-,-,-,-,-,150,0.1,0.1,363,-,-,-,-,-,<a href='/cvdata/assets/datafiles/DME/ROI_sprayD_dme_26p4mg.csv' target='_blank'>Rate of Injection</a>,-,-,2.7,-,-,10.27,-,-,-,-,-,-,-,-,-,-,-,-,-,-,13.7; <a href='/cvdata/assets/datafiles/DME/LiqPen/DJMLDD_avg_LiqPen.txt' target='_blank'>LiqPen</a>,1.02,0.5889,55.699; <a href='/cvdata/assets/datafiles/DME/tLOL/DJMLDD_tLOL.txt' target='_blank'>liftoff vs time</a>,4.075,2.3527,1.0099,0.0983,0.056754,1.0505,0.1143,0.065991,<a href='/cvdata/assets/datafiles/DME/meanPress/DJMLDDmeanPress.txt' target='_blank'>PvsT</a>,-,-,-,-,-,-,-,-,-,<a href='/cvdata/assets/datafiles/DME/PLIFvideos/DJMLDDLASNMG_avg_PLIF.mp4' target='_blank'>PLIF video</a><a href='/cvdata/assets/datafiles/DME/OHvideos/djmlddlasnmg001.mp4' target='_blank'>OH* video</a>,<a href='/cvdata/assets/datafiles/DME/OH_qs_img/DJMLDDLASNMG.png' target='_blank'>OH* QS image</a>
949,15,700,21.8-23.8,0.186k3-a,209134D,150,2.5,DME,363,Sandia CV,DJOLDDLASNMG,1-Jul-24,<a href='/cvdata/assets/datafiles/DME/DJOLDDLASNMG.txt' target='_blank'>Readme</a>,-,15,-,O2 = 15; N2 = 75.15; CO2 = 6.22; H2O = 3.62;,-,29.24,704.2,0,-,-,-,23.13,0,-,-,-,4.69,1.0128,-,-,-,-,-,-,150.1,0,-,363,-,-,-,-,-,<a href='/cvdata/assets/datafiles/DME/ROI_sprayD_dme_26p4mg.csv' target='_blank'>Rate of Injection</a>,-,-,2.7,-,-,10.27,-,-,-,-,-,-,-,-,-,-,-,-,-,-,16.83; <a href='/cvdata/assets/datafiles/DME/LiqPen/DJOLDD_avg_LiqPen.txt' target='_blank'>LiqPen</a>,0,-,-,-,-,-,-,-,-,-,-,<a href='/cvdata/assets/datafiles/DME/meanPress/DJOLDDmeanPress.txt' target='_blank'>PvsT</a>,-,-,-,-,-,-,-,-,-,<a href='/cvdata/assets/datafiles/DME/PLIFvideos/DJOLDDLASNMG_avg_PLIF.mp4' target='_blank'>PLIF video</a>,-
950,21,1200,21.8-23.8,0.186k3-a,209134D,150,2.5,DME,363,Sandia CV,DAELDDLASNMG,1-Jul-24,<a href='/cvdata/assets/datafiles/DME/DAELDDLASNMG.txt' target='_blank'>Readme</a>,-,21,-,O2 = 21; N2 = 69.33; CO2 = 6.11; H2O = 3.56;,-,29.47,1222.88,7.79,4.4976,1224,-,22.79,0.14606,-,22.88,-,8,1.0172,8.37E-05,-,-,-,-,-,149.3,0,0,363,-,-,-,-,-,<a href='/cvdata/assets/datafiles/DME/ROI_sprayD_dme_26p4mg.csv' target='_blank'>Rate of Injection</a>,-,-,2.7,-,-,10.27,-,-,-,-,-,-,-,-,-,-,-,-,-,-,8.83; <a href='/cvdata/assets/datafiles/DME/LiqPen/DAELDD_avg_LiqPen.txt' target='_blank'>LiqPen</a>,0.12,0.069282,7.49; <a href='/cvdata/assets/datafiles/DME/tLOL/DAELDD_tLOL.txt' target='_blank'>liftoff vs time</a>,1.11,0.64086,0.4221,0.0328,0.018937,0.192,0.0252,0.014549,<a href='/cvdata/assets/datafiles/DME/meanPress/DAELDDmeanPress.txt' target='_blank'>PvsT</a>,-,-,-,-,-,-,-,-,-,<a href='/cvdata/assets/datafiles/DME/PLIFvideos/DAELDDLASNMG_avg_PLIF.mp4' target='_blank'>PLIF video</a><a href='/cvdata/assets/datafiles/DME/OHvideos/daelddlasnmg003.mp4' target='_blank'>OH* video</a>,<a href='/cvdata/assets/datafiles/DME/OH_qs_img/DAELDDLASNMG.png' target='_blank'>OH* QS image</a>
951,21,1100,21.8-23.8,0.186k3-a,209134D,150,2.5,DME,363,Sandia CV,DAGLDDLASNMG,1-Jul-24,<a href='/cvdata/assets/datafiles/DME/DAGLDDLASNMG.txt' target='_blank'>Readme</a>,-,21,-,O2 = 21; N2 = 69.33; CO2 = 6.11; H2O = 3.56;,-,29.47,1112.95,19.63,9.815,1114,-,22.75,0.18754,-,22.85,-,7.26,1.0166,0.0001035,-,-,-,-,-,149.2,0,0,363,-,-,-,-,-,<a href='/cvdata/assets/datafiles/DME/ROI_sprayD_dme_26p4mg.csv' target='_blank'>Rate of Injection</a>,-,-,2.7,-,-,10.27,-,-,-,-,-,-,-,-,-,-,-,-,-,-,9.62; <a href='/cvdata/assets/datafiles/DME/LiqPen/DAGLDD_avg_LiqPen.txt' target='_blank'>LiqPen</a>,0.17,0.085,11.474; <a href='/cvdata/assets/datafiles/DME/tLOL/DAGLDD_tLOL.txt' target='_blank'>liftoff vs time</a>,0.872,0.436,0.3554,0.0157,0.00785,0.2606,0.0167,0.00835,<a href='/cvdata/assets/datafiles/DME/meanPress/DAGLDDmeanPress.txt' target='_blank'>PvsT</a>,-,-,-,-,-,-,-,-,-,<a href='/cvdata/assets/datafiles/DME/PLIFvideos/DAGLDDLASNMG_avg_PLIF.mp4' target='_blank'>PLIF video</a><a href='/cvdata/assets/datafiles/DME/OHvideos/daglddlasnmg004.mp4' target='_blank'>OH* video</a>,<a href='/cvdata/assets/datafiles/DME/OH_qs_img/DAGLDDLASNMG.png' target='_blank'>OH* QS image</a>
952,21,1000,21.8-23.8,0.094k3-a,02C08031,150,2.5,DME,363,Sandia CV,DAILDDLASNMG,1-Jul-24,<a href='/cvdata/assets/datafiles/DME/DAILDDLASNMG.txt' target='_blank'>Readme</a>,-,21,-,O2 = 21; N2 = 69.33; CO2 = 6.11; H2O = 3.56;,-,29.47,1006.01,4.9,2.829,1007,-,22.62,0.008874,-,22.74,-,6.52,1.0158,1.56E-05,-,-,-,-,-,149.2,0,0,363,-,-,-,-,-,<a href='/cvdata/assets/datafiles/DME/ROI_sprayD_dme_26p4mg.csv' target='_blank'>Rate of Injection</a>,-,-,2.7,-,-,10.27,-,-,-,-,-,-,-,-,-,-,-,-,-,-,10.94; <a href='/cvdata/assets/datafiles/DME/LiqPen/DAILDD_avg_LiqPen.txt' target='_blank'>LiqPen</a>,0.24,0.13856,16.012; <a href='/cvdata/assets/datafiles/DME/tLOL/DAILDD_tLOL.txt' target='_blank'>liftoff vs time</a>,1.745,1.0075,0.4147,0.0484,0.027944,0.3318,0.0283,0.016339,<a href='/cvdata/assets/datafiles/DME/meanPress/DAILDDmeanPress.txt' target='_blank'>PvsT</a>,-,-,-,-,-,-,-,-,-,<a href='/cvdata/assets/datafiles/DME/PLIFvideos/DAILDDLASNMG_avg_PLIF.mp4' target='_blank'>PLIF video</a><a href='/cvdata/assets/datafiles/DME/OHvideos/dailddlasnmg001.mp4' target='_blank'>OH* video</a>,<a href='/cvdata/assets/datafiles/DME/OH_qs_img/DAILDDLASNMG.png' target='_blank'>OH* QS image</a>
953,21,900,21.8-23.8,0.186k3-a,209134D,150,2.5,DME,363,Sandia CV,DAKLDDLASNMG,1-Jul-24,<a href='/cvdata/assets/datafiles/DME/DAKLDDLASNMG.txt' target='_blank'>Readme</a>,-,21,-,O2 = 21; N2 = 69.33; CO2 = 6.11; H2O = 3.56;,-,29.47,899.98,9.05,4.0473,901,-,22.67,0.035677,-,22.8,-,5.84,1.0149,3.09E-05,-,-,-,-,-,149.2,0,0,363,-,-,-,-,-,<a href='/cvdata/assets/datafiles/DME/ROI_sprayD_dme_26p4mg.csv' target='_blank'>Rate of Injection</a>,-,-,2.7,-,-,10.27,-,-,-,-,-,-,-,-,-,-,-,-,-,-,12.34; <a href='/cvdata/assets/datafiles/DME/LiqPen/DAKLDD_avg_LiqPen.txt' target='_blank'>LiqPen</a>,0.39,0.17441,22.268; <a href='/cvdata/assets/datafiles/DME/tLOL/DAKLDD_tLOL.txt' target='_blank'>liftoff vs time</a>,1.452,0.64935,0.4604,0.0137,0.0061268,0.4234,0.0197,0.0088101,<a href='/cvdata/assets/datafiles/DME/meanPress/DAKLDDmeanPress.txt' target='_blank'>PvsT</a>,-,-,-,-,-,-,-,-,-,<a href='/cvdata/assets/datafiles/DME/PLIFvideos/DAKLDDLASNMG_avg_PLIF.mp4' target='_blank'>PLIF video</a><a href='/cvdata/assets/datafiles/DME/OHvideos/daklddlasnmg002.mp4' target='_blank'>OH* video</a>,<a href='/cvdata/assets/datafiles/DME/OH_qs_img/DAKLDDLASNMG.png' target='_blank'>OH* QS image</a>
954,21,800,21.8-23.8,0.186k3-a,209134D,150,2.5,DME,363,Sandia CV,DAMLDDLASNMG,1-Jul-24,<a href='/cvdata/assets/datafiles/DME/DAMLDDLASNMG.txt' target='_blank'>Readme</a>,-,21,-,O2 = 21; N2 = 69.33; CO2 = 6.11; H2O = 3.56;,-,29.47,799.1,5.9,2.6386,800,-,22.68,0.065408,-,22.8,-,5.18,1.0137,3.40E-05,-,-,-,-,-,149.2,0,0,363,-,-,-,-,-,<a href='/cvdata/assets/datafiles/DME/ROI_sprayD_dme_26p4mg.csv' target='_blank'>Rate of Injection</a>,-,-,2.7,-,-,10.27,-,-,-,-,-,-,-,-,-,-,-,-,-,-,14.26; <a href='/cvdata/assets/datafiles/DME/LiqPen/DAMLDD_avg_LiqPen.txt' target='_blank'>LiqPen</a>,0.58,0.25938,43.698; <a href='/cvdata/assets/datafiles/DME/tLOL/DAMLDD_tLOL.txt' target='_blank'>liftoff vs time</a>,2.988,1.3363,0.8102,0.1626,0.072717,0.9939,0.2072,0.092663,<a href='/cvdata/assets/datafiles/DME/meanPress/DAMLDDmeanPress.txt' target='_blank'>PvsT</a>,-,-,-,-,-,-,-,-,-,<a href='/cvdata/assets/datafiles/DME/PLIFvideos/DAMLDDLASNMG_avg_PLIF.mp4' target='_blank'>PLIF video</a><a href='/cvdata/assets/datafiles/DME/OHvideos/damlddlasnmg004.mp4' target='_blank'>OH* video</a>,<a href='/cvdata/assets/datafiles/DME/OH_qs_img/DAMLDDLASNMG.png' target='_blank'>OH* QS image</a>
955,21,700,21.8-23.8,0.186k3-a,209134D,150,2.5,DME,363,Sandia CV,DAOLDDLASNMG,1-Jul-24,<a href='/cvdata/assets/datafiles/DME/DAOLDDLASNMG.txt' target='_blank'>Readme</a>,-,21,-,O2 = 21; N2 = 69.33; CO2 = 6.11; H2O = 3.56;,-,29.47,705.28,8.03,5.6781,-,-,22.74,0.090898,-,-,-,4.58,1.0123,5.87E-05,-,-,-,-,-,149.3,0,0,363,-,-,-,-,-,<a href='/cvdata/assets/datafiles/DME/ROI_sprayD_dme_26p4mg.csv' target='_blank'>Rate of Injection</a>,-,-,2.7,-,-,10.27,-,-,-,-,-,-,-,-,-,-,-,-,-,-,17.47; <a href='/cvdata/assets/datafiles/DME/LiqPen/DAOLDD_avg_LiqPen.txt' target='_blank'>LiqPen</a>,0.97,0.68589,-,-,-,-,-,-,-,-,-,<a href='/cvdata/assets/datafiles/DME/meanPress/DAOLDDmeanPress.txt' target='_blank'>PvsT</a>,-,-,-,-,-,-,-,-,-,<a href='/cvdata/assets/datafiles/DME/PLIFvideos/DAOLDDLASNMG_avg_PLIF.mp4' target='_blank'>PLIF video</a>,-
